Image,ExG,Vein,Texture,NDVI,PSS,Temp,PSS_z,NDVI_z,Temp_z,FinalScore,Class
19-20_N_FD_black_10_3_A00120200108103224.png,72.5835118454262,0.10455364906952616,130.1290292477041,0.028595166650268518,3.935446350929876,35,1.6327053071124282,-1.5385331343093587,0.9057636644735128,0.7322763943867374,Severe Stress
19-20_N_FD_black_10_3_A00220200108103227.png,74.47213408599548,0.0894189805077096,130.32285892681932,0.030543720012587327,3.2231577404843357,35,1.2447229314310204,-1.4153485284915794,0.9057636644735128,0.6978949919871246,Severe Stress
19-20_N_FD_black_10_3_A00320200108103231.png,74.59101362844298,0.0813714114605292,129.716401957971,0.033662175027899574,3.021175032126738,35,1.1347032990995034,-1.2182045039807101,0.9057636644735128,0.6772349774113368,Severe Stress
19-20_N_FD_black_10_3_A00420200108103237.png,79.7925033684518,0.05027921624628545,129.7251099819808,0.037032573445098464,0.9318738738006793,35,-0.0033354327204802555,-1.005132997446529,0.9057636644735128,0.5863584801562706,Mild Stress
19-20_N_FD_black_10_3_A00520200108103244.png,76.53247337385541,0.08440725105912672,129.86685483438353,0.034072032242558205,2.2832668969244097,35,0.7327660125389932,-1.1922939487936484,0.9057636644735128,0.6484576710802695,Mild Stress
19-20_N_FD_black_10_3_A00620200108103248.png,77.16988927518084,0.09260434001708406,130.09370417360068,0.03451257975458322,2.0878818523338154,35,0.6263401162643644,-1.1644431992774924,0.9057636644735128,0.6394261421300557,Mild Stress
19-20_N_FD_black_10_3_A00720200108103252.png,78.27026839047541,0.07949840438556788,129.72861467964978,0.03668159882084545,1.5518707552572302,35,0.3343757976080697,-1.027321084042834,0.9057636644735128,0.6105655273373078,Mild Stress
19-20_N_FD_black_10_3_A00820200108103256.png,80.08317220177177,0.06581853484864764,129.48106872699324,0.04149937820567573,0.7600347882366236,35,-0.09693588578733504,-0.7227483348874837,0.9057636644735128,0.5610694923607636,Mild Stress
19-20_N_FD_black_10_3_A00920200108103302.png,74.99762533426689,0.0661068135610449,130.3358485950246,0.03216148270246414,3.0080493997957625,35,1.127553789842424,-1.3130760102670669,0.9057636644735128,0.6831352123410571,Severe Stress
19-20_N_FD_black_10_3_A01020200108103306.png,73.56891103190867,0.10973839349914058,130.14908246264417,0.033251081986776905,3.5481146406222734,35,1.4217263935960562,-1.2441931862536273,0.9057636644735128,0.6982883400940476,Severe Stress
19-20_N_FD_black_10_3_A01120200108103311.png,76.94082533409005,0.04668482232882428,129.4431383436973,0.0361880143491864,2.0007941401033946,35,0.5789035898503276,-1.0585247501855675,0.9057636644735128,0.6291113931073598,Mild Stress
19-20_N_FD_black_10_4_A01320200108103330.png,72.66479354251338,0.10517809925769754,129.51016496560857,0.028252778039128575,3.7484361591369826,35,1.5308411786897402,-1.5601784261014087,0.9057636644735128,0.7268808265937282,Severe Stress
19-20_N_FD_black_10_4_A01420200108103336.png,75.69824594196187,0.0714622531295154,129.17717727923466,0.031794797382254804,2.440007731619243,35,0.8181424744385448,-1.3362573033754066,0.9057636644735128,0.6638832067703321,Severe Stress
19-20_N_FD_black_10_4_A01520200108103341.png,76.26316576580426,0.08541884760789874,129.39108253039075,0.03343980154534227,2.272400922938747,35,0.7268473352792055,-1.232262620285285,0.9057636644735128,0.65074789442364,Mild Stress
19-20_N_FD_black_10_4_A01620200108103350.png,75.69547262611307,0.07000493527171411,129.43533739122364,0.030893099060033073,2.5051470247057814,35,0.8536237348592531,-1.3932613118554493,0.9057636644735128,0.6701038222662454,Severe Stress
19-20_N_FD_black_10_4_A01720200108103358.png,78.00934030478018,0.08089001770405178,129.66013782947533,0.037443141079341116,1.6396098416531757,35,0.38216712640486494,-0.9791775306044338,0.9057636644735128,0.6105418364934616,Mild Stress
19-20_N_FD_black_10_4_A01820200108103404.png,77.05040801527036,0.06749964574744105,129.4230522376241,0.03679372559639552,1.9592247293094793,35,0.5562608035991038,-1.0202325983411555,0.9057636644735128,0.6250128720708147,Mild Stress
19-20_N_FD_black_10_4_A01920200108103410.png,77.47398994816635,0.0639364571634275,129.51621096420536,0.038305434484434756,1.8118345217919973,35,0.4759776121705073,-0.9246646415761726,0.9057636644735128,0.6131850167763566,Mild Stress
19-20_N_FD_black_10_4_A02020200108103413.png,75.61490629049945,0.07816601867511479,129.60191738942612,0.03628390779910266,2.5818749376930406,35,0.8954172965213614,-1.052462510856189,0.9057636644735128,0.6499925478191114,Mild Stress
19-20_N_FD_black_10_4_A02120200108103417.png,76.07408511836721,0.06386776667799866,129.2791527922734,0.03748320156361181,2.3125078690587664,35,0.7486935195488627,-0.9766449671862668,0.9057636644735128,0.6350242830984364,Mild Stress
19-20_N_FD_black_10_4_A02220200108103425.png,73.15978847133646,0.07906410864527194,130.07284474428573,0.028452911628461457,3.681968235562696,35,1.4946362155374708,-1.547526282316375,0.9057636644735128,0.7235946678344795,Severe Stress
19-20_N_FD_black_10_4_A02320200108103429.png,72.69564328083453,0.09498962064167066,129.91009778791295,0.029391986974088773,3.832513501869009,35,1.5766379620382023,-1.488159354768322,0.9057636644735128,0.7251170995384443,Severe Stress
19-20_N_FD_black_10_4_A02420200108103435.png,74.54494279853665,0.11376852967872542,129.86659476833935,0.03051077425727013,3.0884905580577318,35,1.171369949791298,-1.4174313094718696,0.9057636644735128,0.6931013148979149,Severe Stress
19-20_N_FD_black_1_3_A00120200108100241.png,71.31320139345947,0.10211576109924786,129.3135074179498,0.02405619746584393,4.238836813488401,35,1.7979615679824559,-1.8254799229449108,0.9057636644735128,0.7626918468202748,Severe Stress
19-20_N_FD_black_1_3_A00220200108100245.png,70.27559445808578,0.1364528865191009,129.72382454845783,0.02698156509566716,4.76847686416183,35,2.086455588668484,-1.6405425918353171,0.9057636644735128,0.7696571328116684,Severe Stress
19-20_N_FD_black_1_3_A00320200108100249.png,72.20482207505152,0.08735553058133061,129.56352922149281,0.033070223833507044,3.9395279110560573,35,1.634928525862552,-1.2556267660314822,0.9057636644735128,0.7133974748555868,Severe Stress
19-20_N_FD_black_1_3_A00420200108100255.png,75.35230732221217,0.1007250043545855,129.91722590438903,0.02527873133714455,2.7736372987364923,35,0.9998699233257917,-1.7481931747617163,0.9057636644735128,0.7038133631437985,Severe Stress
19-20_N_FD_black_1_3_A00520200108100259.png,73.89481694741879,0.11560607810415763,129.7017001864348,0.026750910367984743,3.3079603949776377,35,1.2909147908429246,-1.6551242359714333,0.9057636644735128,0.7171293446475955,Severe Stress
19-20_N_FD_black_1_3_A00620200108100305.png,72.30015633572168,0.07576713814849102,129.01539432488954,0.031078060702991277,3.7603045452856847,35,1.5373058681231393,-1.3815683156461478,0.9057636644735128,0.7153022207650714,Severe Stress
19-20_N_FD_black_1_3_A00720200108100311.png,70.5908191000302,0.10801650951265052,128.73003422703937,0.03455569365425311,4.383986695077187,35,1.8770244577476964,-1.161717603541288,0.9057636644735128,0.7233646071885943,Severe Stress
19-20_N_FD_black_1_3_A00820200108100316.png,71.48608008535325,0.08879988663984596,128.7026306138099,0.03525908359300587,4.012305579635122,35,1.674570396219285,-1.117250352083345,0.9057636644735128,0.7067565293391096,Severe Stress
19-20_N_FD_black_1_4_A01020200108100335.png,76.59807543135076,0.11349504182430031,129.97681293108872,0.022775537635755475,2.294696324870376,35,0.7389916021976314,-1.9064413066087262,0.9057636644735128,0.6969103941263655,Severe Stress
19-20_N_FD_black_1_4_A01120200108100339.png,76.61207657450304,0.08355962481329977,129.57076131070278,0.025881383377880773,2.177105566559135,35,0.6749401192752299,-1.7100944213382905,0.9057636644735128,0.6793958413381886,Severe Stress
19-20_N_FD_black_1_4_A01220200108100343.png,76.4574026688096,0.08780848859057327,129.82418423668238,0.02540943033448899,2.3038179626534507,35,0.743960142541087,-1.7399305811987185,0.9057636644735128,0.6860449684038421,Severe Stress
19-20_N_FD_black_1_4_A01320200108100347.png,79.01653651054822,0.08565085638418592,129.5068275117926,0.02825392699964254,1.2000700734633263,35,0.1427505739457666,-1.560105790549953,0.9057636644735128,0.6335121218683751,Mild Stress
19-20_N_FD_black_1_4_A01420200108100351.png,79.9626173219153,0.0919376256466141,130.08178308755515,0.02929226567631542,0.9675770120989817,35,0.016112005035954738,-1.4944635848681482,0.9057636644735128,0.6205791998992082,Mild Stress
19-20_N_FD_black_1_4_A01520200108100401.png,79.03578457904837,0.10137118863643256,129.90324591185686,0.0273124051745955,1.2969775623676156,35,0.19553591575108878,-1.6196273808384718,0.9057636644735128,0.641065954499074,Mild Stress
19-20_N_FD_black_1_4_A01620200108100410.png,78.35101520756268,0.08899712289318126,130.14761611179614,0.03190704854154289,1.627646937936575,35,0.375650953415504,-1.329160954321339,0.9057636644735128,0.6336436528974054,Mild Stress
19-20_N_FD_black_1_4_A01720200108100416.png,81.78635330644644,0.054349913577658476,130.14920219576211,0.03718770010435219,0.24178169611413125,31,-0.37922744982083506,-0.9953261239261351,-1.1693050696734324,0.3743222893214946,Mild Stress
19-20_N_FD_black_1_4_A01820200108100420.png,81.0598399476076,0.07156434441585044,130.0059141116054,0.036412190165495385,0.5025900694038583,33,-0.23716557941796929,-1.0443526930585105,-0.13177070259995977,0.48022193841825894,Mild Stress
19-20_N_FD_black_1_4_A01920200108100428.png,75.68490477742402,0.07902345675884319,129.56505970735458,0.026494047293711596,2.544961225734628,35,0.875310461383445,-1.6713627322658466,0.9057636644735128,0.6902677555550562,Severe Stress
19-20_N_FD_black_1_4_A02020200108100433.png,74.64919832622115,0.1077847288390944,129.6451671707337,0.028754542948318258,2.989337117288649,35,1.117361241884946,-1.5284576050312737,0.9057636644735128,0.6969363525586132,Severe Stress
19-20_N_FD_black_1_4_A02120200108100438.png,75.31210597065541,0.07664649617737236,129.95797292714516,0.030374216424049107,2.791477117186208,35,1.0095872416183251,-1.4260642898058766,0.9057636644735128,0.6828003709582661,Severe Stress
19-20_N_FD_black_1_4_A02220200108100443.png,77.53173038863264,0.05806871147779733,129.9802008191093,0.031730750936042676,1.9026820983415007,35,0.5254621301842483,-1.3403062231449334,0.9057636644735128,0.6444696814262657,Mild Stress
19-20_N_FD_black_2_3_A00220200108100551.png,72.51996811993796,0.052485783215352036,127.4339393417198,0.049815152093128645,3.2688676115801414,35,1.2696210192563313,-0.19703764704845705,0.9057636644735128,0.6176253208791026,Mild Stress
19-20_N_FD_black_2_3_A00320200108100555.png,73.10620755710107,0.04005919355238949,127.12485438903798,0.05420475647535534,2.9527512921624,35,1.0974330061381077,0.08046652398287281,0.9057636644735128,0.5873787507781519,Mild Stress
19-20_N_FD_black_2_3_A00420200108100600.png,74.1179670301541,0.039450331916758605,126.32799194525504,0.060807695308912675,2.3486187904229823,35,0.7683630760368844,0.4978943620805333,0.9057636644735128,0.537168856383986,Mild Stress
19-20_N_FD_black_2_3_A00520200108100604.png,75.11110115848561,0.026091518656796115,126.36678695125488,0.06352938530502306,1.9563883059493534,35,0.5547158086945643,0.6699555002625913,0.9057636644735128,0.5112258741898832,Mild Stress
19-20_N_FD_black_2_3_A00620200108100608.png,74.86724243872466,0.031205195603062036,125.94642674267769,0.06556650869398807,1.9506315286406277,35,0.5515801020389277,0.7987393696318186,0.9057636644735128,0.502352883187227,Mild Stress
19-20_N_FD_black_2_3_A00720200108100615.png,75.17096017744066,0.046700924452072815,127.44632335511835,0.05749857405797582,2.2095420913615484,35,0.6926082383032984,0.2886967056125557,0.9057636644735128,0.5461443016187111,Mild Stress
19-20_N_FD_black_2_3_A00820200108100619.png,76.35558682400125,0.04834625965240764,127.63557047828084,0.0603774064385573,1.7835790808480496,35,0.46058692229761805,0.4706921484242302,0.9057636644735128,0.518297282346584,Mild Stress
19-20_N_FD_black_2_3_A00920200108100624.png,77.38826828638985,0.04327909347369171,126.36469996066306,0.06864833133677858,1.0510153583256177,35,0.061560728091752,0.9935675507808771,0.9057636644735128,0.45628961966207293,Mild Stress
19-20_N_FD_black_2_3_A01020200108100635.png,72.10805522339385,0.04001739319473848,126.90534623328622,0.05694261461285939,3.2971205565821755,35,1.2850103495939718,0.2535497876878447,0.9057636644735128,0.5883536314069162,Mild Stress
19-20_N_FD_black_2_3_A01120200108100639.png,72.18732092320133,0.04621719488808813,126.90283710383378,0.05741151076615241,3.266956924888742,35,1.2685802715161023,0.2831926955649672,0.9057636644735128,0.5852547343200494,Mild Stress
19-20_N_FD_black_2_3_A01220200108100646.png,74.20433099182986,0.041384745915829114,126.76309612510606,0.06241022778738479,2.4235262956151082,35,0.8091650647176095,0.599204049301959,0.9057636644735128,0.5330990717400309,Mild Stress
19-20_N_FD_black_2_3_A01320200108100652.png,74.5344213573826,0.04665522277144383,126.32298685660116,0.0670718301635335,2.183307499167256,35,0.6783183012534729,0.893903523429653,0.9057636644735128,0.5044765727058101,Mild Stress
19-20_N_FD_black_2_4_A01520200108100711.png,75.06097162258456,0.06797166450070012,127.98592865825543,0.05450712671991293,2.3958835981052786,35,0.7941081351348134,0.099581914973514,0.9057636644735128,0.5656912224387111,Mild Stress
19-20_N_FD_black_2_4_A01620200108100716.png,78.45133758875421,0.01820015103501989,127.99730415009007,0.06414564955816386,1.0251610548830854,35,0.047477933668088244,0.7089147972317024,0.9057636644735128,0.47448831984935363,Mild Stress
19-20_N_FD_black_2_4_A01720200108100720.png,78.26409658916317,0.023541261224249967,128.26696029225988,0.06753708343695272,1.1693408788281872,35,0.12601243471052018,0.923316133933363,0.9057636644735128,0.4653498337604014,Mild Stress
19-20_N_FD_black_2_4_A01820200108100724.png,80.31272748719331,0.03306989754636918,127.22488794149366,0.0791085222305457,0.0927054546373185,31,-0.46042902103457445,1.6548450487160886,-1.1693050696734324,0.19060849557365672,No Stress
19-20_N_FD_black_2_4_A01920200108100729.png,78.61954280591662,0.014804379842416152,126.06719173550191,0.08357202746664454,0.47416234445367067,33,-0.252650112091449,1.9370211203121557,-0.13177070259995977,0.2786514214263553,No Stress
19-20_N_FD_black_2_4_A02020200108100736.png,76.0282480152952,0.038748696910829675,128.36509705111484,0.0638003200596165,2.093537100579418,35,0.6294205202147022,0.6870835869716017,0.9057636644735128,0.5150985130302033,Mild Stress
19-20_N_FD_black_2_4_A02120200108100740.png,76.47870752814546,0.03470886407723585,128.3664216048939,0.0633712295473568,1.9122704923923237,35,0.530684911860458,0.6599571317073952,0.9057636644735128,0.5102820377941399,Mild Stress
19-20_N_FD_black_2_4_A02220200108100745.png,77.60060639930602,0.04132607099942727,128.48941929133858,0.062383398931429114,1.4965763879620333,35,0.304257051259491,0.5975079694771249,0.9057636644735128,0.49925273070330883,Mild Stress
19-20_N_FD_black_2_4_A02320200108100748.png,78.01819928550337,0.054077995749393516,128.10240009315905,0.06341783369392363,1.2372476076007004,35,0.16300111256882924,0.662903375590333,0.9057636644735128,0.4853532354321451,Mild Stress
19-20_N_FD_black_2_4_A02420200108100756.png,78.21368765926465,0.0619830512776645,127.25397685424268,0.06692721924993068,0.9497132178019925,35,0.0063816271408279335,0.8847614394951828,0.9057636644735128,0.45989660502799073,Mild Stress
19-20_N_FD_black_2_4_A02520200108100802.png,78.13222518755123,0.04908903692164209,127.66326097463593,0.06784627641970709,1.0801063315610655,35,0.07740653096049836,0.9428628481464624,0.9057636644735128,0.4607658471814857,Mild Stress
19-20_N_FD_black_2_4_A02620200108100805.png,78.10060978206253,0.052985462318479185,126.15371021725615,0.07123096370265776,0.7167285533004879,35,-0.12052471714858527,1.156837675230778,0.9057636644735128,0.43306079377499535,Mild Stress
19-20_N_FD_black_2_4_A02720200108100816.png,76.57441045874188,0.02081244493048421,124.39276707857512,0.07997771407501814,0.8757119418726944,35,-0.03392674002588195,1.7097940466814048,0.9057636644735128,0.4016932442302266,Mild Stress
19-20_N_FD_black_3_3_A00120200108100850.png,69.92155975957778,0.10160055356765786,130.30541221377499,0.021874734795457134,5.043289343361316,35,2.2361454713692916,-1.9633887040716507,0.9057636644735128,0.8014401915346447,Severe Stress
19-20_N_FD_black_3_3_A00220200108100854.png,71.61472308677129,0.0941880228678269,129.95132331192195,0.023460807934210414,4.274907401275712,35,1.8176091548408106,-1.8631195514922285,0.9057636644735128,0.766545019807777,Severe Stress
19-20_N_FD_black_3_3_A00320200108100857.png,72.34590727209464,0.08143267223346627,130.5855167014614,0.025290572940792528,4.136517701809204,35,1.7422285245998377,-1.7474445664321552,0.9057636644735128,0.753694502798432,Severe Stress
19-20_N_FD_black_3_3_A00420200108100902.png,74.14854210183886,0.05806338389866596,129.85111118720678,0.02768241106050165,3.223683140430687,35,1.2450091158742067,-1.59623616657305,0.9057636644735128,0.710080853597801,Severe Stress
19-20_N_FD_black_3_3_A00520200108100906.png,75.68816548775294,0.08612194449743985,129.8312135156126,0.031254820401423064,2.61267986437608,35,0.9121966868722774,-1.3703938340040964,0.9057636644735128,0.6725053941976347,Severe Stress
19-20_N_FD_black_3_3_A00620200108100913.png,72.61695476603734,0.10194909850828013,130.20107771598597,0.023891536072072603,3.939169707059456,35,1.6347334127643756,-1.8358895680064087,0.9057636644735128,0.7524131807836049,Severe Stress
19-20_N_FD_black_3_3_A00720200108100918.png,73.21736648788075,0.1115240663841318,130.03362366073958,0.024634830083652404,3.6604927432670387,35,1.4829385519814229,-1.788899641225952,0.9057636644735128,0.7390427949419873,Severe Stress
19-20_N_FD_black_3_3_A00820200108100922.png,75.31718140317768,0.10469426096374021,130.22259910059253,0.02805469065286948,2.8654202052143667,35,1.0498639139358,-1.5727012120130877,0.9057636644735128,0.6953722931283243,Severe Stress
19-20_N_FD_black_3_3_A00920200108100929.png,75.73961192221735,0.08970486872573592,129.51864569626335,0.02957397387311927,2.5152133592329022,35,0.8591068498872937,-1.47665441738524,0.9057636644735128,0.6760816909732452,Severe Stress
19-20_N_FD_black_3_3_A01020200108100936.png,71.06370904325033,0.09951507208344466,130.26148973350809,0.024383888584204223,4.574719091306093,35,1.9809160644968353,-1.8047637844876283,0.9057636644735128,0.773604097562007,Severe Stress
19-20_N_FD_black_3_3_A01120200108100941.png,71.59877583836916,0.10338373490285645,130.30843513067234,0.025720329173803846,4.373782754536418,35,1.871466388961726,-1.7202760253057092,0.9057636644735128,0.7605597476241474,Severe Stress
19-20_N_FD_black_3_3_A01220200108100946.png,74.69619024205277,0.07627849609741996,129.92339648900574,0.028618874397017165,3.0290704990644244,35,1.1390039463015995,-1.537034366303034,0.9057636644735128,0.6989689322199353,Severe Stress
19-20_N_FD_black_3_3_A01320200108100950.png,78.4015193987406,0.0668901076576604,130.17454803981312,0.030836948907875826,1.6064407881372205,35,0.36410000025192196,-1.3968110398197209,0.9057636644735128,0.6374169146941966,Mild Stress
19-20_N_FD_black_3_4_A01520200108101007.png,77.67753275542616,0.06293425754341361,129.63386298967708,0.04204085640593168,1.7594796353890025,35,0.4474599959861654,-0.6885168994301178,0.9057636644735128,0.5953834636335711,Mild Stress
19-20_N_FD_black_3_4_A01620200108101011.png,78.7964715508976,0.04681456012147149,129.68433233047907,0.04446264464815829,1.3188795583032373,35,0.20746589510307048,-0.5354150979799367,0.9057636644735128,0.5689435939062248,Mild Stress
19-20_N_FD_black_3_4_A01720200108101017.png,80.79293816126167,0.07363550465717342,129.43461898756252,0.05095300594664751,0.46725190901596747,33,-0.2564142143370767,-0.12510424192109473,-0.13177070259995977,0.4170980530062182,Mild Stress
19-20_N_FD_black_3_4_A01820200108101020.png,80.32534737493688,0.0551360993009532,129.62270113538256,0.05302087319273881,0.6948339686262166,35,-0.13245065959931185,0.0056232077444976014,0.9057636644735128,0.5096900336246178,Mild Stress
19-20_N_FD_black_3_4_A01920200108101025.png,80.68088753218875,0.04867796554814263,129.52031717400087,0.05396905079664864,0.5247615685665643,33,-0.22508880212374258,0.06556556633809771,-0.13177070259995977,0.4063804519113505,Mild Stress
19-20_N_FD_black_3_4_A02020200108101031.png,79.10779583909867,0.06000336682340187,129.64310437563898,0.050239739130519254,1.1886589366584666,35,0.13653494744009256,-0.17019589467578405,0.9057636644735128,0.5396078692021896,Mild Stress
19-20_N_FD_black_3_4_A02120200108101035.png,77.67086900022689,0.07069986180123883,129.85893855324767,0.05019341177496106,1.8211319898515974,35,0.48104192696185194,-0.17312464024846105,0.9057636644735128,0.5629766076082561,Mild Stress
19-20_N_FD_black_3_4_A02220200108101039.png,78.11301065991715,0.03535314297849881,129.71213725818916,0.05147694479796993,1.5952036506229028,35,0.3579791508592347,-0.09198161766000346,0.9057636644735128,0.5492416012576095,Mild Stress
19-20_N_FD_black_3_4_A02320200108101043.png,79.20057341350878,0.03991653557937848,129.71631802208734,0.05337946743805339,1.1628209275711008,35,0.12246102852354064,0.02829299529654815,0.9057636644735128,0.5253107652574733,Mild Stress
19-20_N_FD_black_3_4_A02420200108101051.png,80.41434609747606,0.047005190409293324,129.38523202992786,0.04909569130446658,0.597021385134795,33,-0.185729004862758,-0.24252087340835415,-0.13177070259995977,0.42974989735508545,Mild Stress
19-20_N_FD_black_3_4_A02520200108101056.png,78.75119299778297,0.058207577493104894,128.83761219124227,0.053046421846724305,1.1292985008199672,35,0.10420142057982329,0.007238355130881303,0.9057636644735128,0.5254987608264768,Mild Stress
19-20_N_FD_black_3_4_A02620200108101102.png,78.80737288519047,0.04404644868290898,128.71857248043042,0.060913737688504326,1.0721102230704318,35,0.07305106447836297,0.5045982014428958,0.9057636644735128,0.4899508428287503,Mild Stress
19-20_N_FD_black_3_4_A02720200108101106.png,81.59712291419382,0.03809647271371296,128.7100025521882,0.0665893754186019,-0.048014762180677906,31,-0.5370790800510991,0.8634034618308298,-1.1693050696734324,0.23868580893887478,No Stress
19-20_N_FD_black_4_3_A00120200108101135.png,72.78432402836529,0.0946598726560459,130.23197364818918,0.025074304988585448,3.877394756130794,35,1.6010847037053992,-1.761116700313028,0.9057636644735128,0.7451206795187726,Severe Stress
19-20_N_FD_black_4_3_A00220200108101140.png,76.22379908925943,0.07412606566887164,129.51857003458076,0.030778561587252888,2.316066995925521,35,0.7506321698050435,-1.4005021982015133,0.9057636644735128,0.6636635733185422,Severe Stress
19-20_N_FD_black_4_3_A00320200108101144.png,79.42655334114889,0.06704069670043945,129.54219979902865,0.03408618990105096,1.0383928571427603,35,0.05468527350192909,-1.1913989229686142,0.9057636644735128,0.6027893477413023,Mild Stress
19-20_N_FD_black_4_3_A00420200108101149.png,77.91771558424004,0.08161705075318638,129.9751005271339,0.03411968372054622,1.755254865851068,35,0.44515877131684356,-1.1892814941972791,0.9057636644735128,0.6289104133957364,Mild Stress
19-20_N_FD_black_4_3_A00520200108101153.png,80.5935728493287,0.07954583126106603,129.9382976960053,0.0385192296644643,0.6749863252112149,35,-0.14326163668206074,-0.9111488326242742,0.9057636644735128,0.5706255263355596,Mild Stress
19-20_N_FD_black_4_3_A00620200108101157.png,82.59530674225552,0.06250253087644259,129.84171289734763,0.042781610777436876,-0.1558185867585422,31,-0.5957996370751671,-0.6416875248662741,-1.1693050696734324,0.3359695646612084,Mild Stress
19-20_N_FD_black_4_3_A00720200108101203.png,76.7406055436387,0.06154952604330398,130.12025991294422,0.03518400316490656,2.2553650948957333,35,0.717567949172366,-1.1219968235523314,0.9057636644735128,0.64270721264076,Mild Stress
19-20_N_FD_black_4_3_A00820200108101208.png,77.81909705966433,0.0775582411842648,130.11308919612043,0.03565974147128443,1.827778859578867,35,0.4846624654202976,-1.0919213650727972,0.9057636644735128,0.6250189543503359,Mild Stress
19-20_N_FD_black_4_3_A00920200108101213.png,77.51102801890988,0.06451267522087123,130.00163073020474,0.03786038896930544,1.9185759113145338,35,0.5341194626552198,-0.9527997480671413,0.9057636644735128,0.6189880574322596,Mild Stress
19-20_N_FD_black_4_3_A01020200108101218.png,78.24485083473279,0.0672684316240769,130.41625506272845,0.037795811888582574,1.7296673828574214,35,0.4312213135307743,-0.9568822137504229,0.9057636644735128,0.6123416544000856,Mild Stress
19-20_N_FD_black_4_3_A01120200108101225.png,75.73865142584377,0.07198902115187553,130.48067833595445,0.02926637660302298,2.749905171054259,35,0.9869430743728539,-1.4961002530498817,0.9057636644735128,0.6859879720116189,Severe Stress
19-20_N_FD_black_4_3_A01220200108101230.png,77.19974808351616,0.09353025083168504,130.09132806699978,0.03159969844088645,2.0756683711345723,35,0.619687454153063,-1.3485911643066397,0.9057636644735128,0.6513645842723117,Mild Stress
19-20_N_FD_black_4_3_A01320200108101236.png,78.71668626983278,0.06710040385236307,130.20058151489977,0.03546770085998515,1.4869560121401584,35,0.29901684916783566,-1.104061882987973,0.9057636644735128,0.6133488957976042,Mild Stress
19-20_N_FD_black_4_3_A01420200108101241.png,79.84420671133304,0.07518659521099302,130.50523116678383,0.03565494525112962,1.1149404154865863,35,0.09638059630130927,-1.0922245748799349,0.9057636644735128,0.5989232735042439,Mild Stress
19-20_N_FD_black_4_4_A01620200108101256.png,78.57491195247715,0.08528890787849944,130.19690703260144,0.03344228587077819,1.5491130949169722,35,0.3328737047843947,-1.2321055649767343,0.9057636644735128,0.6242384245300682,Mild Stress
19-20_N_FD_black_4_4_A01720200108101301.png,78.41181331063147,0.08011167309296029,130.17890229856278,0.03344991534666496,1.6080393359706378,35,0.36497072649540585,-1.2316232410137973,0.9057636644735128,0.6263648483492098,Mild Stress
19-20_N_FD_black_4_4_A01820200108101305.png,81.70669611575293,0.06111368358051806,130.1801366186275,0.03904326564712381,0.28374549760888357,31,-0.3563698396361474,-0.8780200678664926,-1.1693050696734324,0.3679696293470161,Mild Stress
19-20_N_FD_black_4_4_A01920200108101309.png,84.6999508512404,0.036503025468579024,130.02024364893282,0.045063382173269176,-0.9621433693489578,31,-1.0350033532830412,-0.4974373773479135,-1.1693050696734324,0.2967261025511417,No Stress
19-20_N_FD_black_4_4_A02020200108101315.png,84.81852362149372,0.04713051372361535,130.10879825826382,0.04808471614386375,-0.9837142042282707,31,-1.0467529497797088,-0.3064331988589775,-1.1693050696734324,0.2830887601989896,No Stress
19-20_N_FD_black_4_4_A02120200108101322.png,86.37725461015084,0.04663386753936634,129.96591318390335,0.05198429167765476,-1.6431016944457184,31,-1.405920176655824,-0.05990791283085607,-1.1693050696734324,0.2423495130052106,No Stress
19-20_N_FD_black_4_4_A02220200108101329.png,81.99610712920101,0.04992393240947174,130.24751661690408,0.0427166184992734,0.18090967888893061,31,-0.4123843324512904,-0.6457962387057762,-1.1693050696734324,0.34858254431703956,Mild Stress
19-20_N_FD_black_4_4_A02320200108101334.png,82.96446322267781,0.05301718235182731,129.95421261650247,0.04566667008062889,-0.2786761211223663,31,-0.6627199238154268,-0.45929842539521837,-1.1693050696734324,0.31920086355263466,No Stress
19-20_N_FD_black_4_4_A02420200108101338.png,83.66783014082466,0.05822201824497281,129.4856075428553,0.05193649879659303,-0.6753524642303077,31,-0.87878884267595,-0.06292930671635838,-1.1693050696734324,0.27800790826488353,No Stress
19-20_N_FD_black_4_4_A02520200108101343.png,84.28669856839346,0.062490320274556754,129.76016520064334,0.053852280682194345,-0.8527665151004555,31,-0.9754259697146743,0.058183535751451715,-1.1693050696734324,0.26336191273882176,No Stress
19-20_N_FD_black_4_4_A02620200108101353.png,79.71025859549012,0.05954983552133052,130.16369617397248,0.04213149951187174,1.077663047729537,35,0.0760756784780651,-0.6827865789312024,0.9057636644735128,0.5700185034750006,Mild Stress
19-20_N_FD_black_4_4_A02720200108101358.png,80.67962569743604,0.06035547331887711,129.84483805626766,0.04298585001930434,0.6104836507541052,35,-0.17839613203503302,-0.6287758279179154,0.9057636644735128,0.5492697785671521,Mild Stress
19-20_N_FD_black_4_4_A02820200108101403.png,80.36860356519267,0.05514272952428171,130.63635846834774,0.04196957088238278,0.9309481463433613,35,-0.0038396748673525573,-0.6930234627548373,0.9057636644735128,0.5653318871912347,Mild Stress
19-20_N_FD_black_4_4_A02920200108101409.png,82.87787245750378,0.059652214827484465,130.49151271796384,0.0474678112936363,-0.10739252832093626,31,-0.5694220466967997,-0.3454329934101059,-1.1693050696734324,0.3178174772897607,No Stress
19-20_N_FD_black_4_4_A03020200108101414.png,83.05687192509126,0.034058086017957234,130.4832804316775,0.04810654628429889,-0.19000833201084077,31,-0.6144227322537235,-0.3050531302930083,-1.1693050696734324,0.31207472960200544,No Stress
19-20_N_FD_black_5_3_A00120200108101456.png,75.0928238583411,0.06390689004935561,130.0493075272546,0.026247842817592692,2.89756474999448,35,1.0673729919500963,-1.6869274080544474,0.9057636644735128,0.7042328878683192,Severe Stress
19-20_N_FD_black_5_3_A00220200108101502.png,76.92317635157919,0.08712098287198311,130.51915511710948,0.031778021480930896,2.2910105826508875,35,0.7369839847775354,-1.3373178505648171,0.9057636644735128,0.6584957703920661,Mild Stress
19-20_N_FD_black_5_3_A00320200108101507.png,77.76956488478244,0.07072003535971712,130.39116169558085,0.033748417497261776,1.9147164823581377,35,0.5320172383695618,-1.2127523850916013,0.9057636644735128,0.6363312331852754,Mild Stress
19-20_N_FD_black_5_3_A00420200108101512.png,78.07299881272262,0.046566268824401395,129.97355079255973,0.03668976313632336,1.6804863671394266,35,0.4044324992259144,-1.026804948327299,0.9057636644735128,0.6152428681396654,Mild Stress
19-20_N_FD_black_5_3_A00520200108101517.png,79.37665478667518,0.04952514369275653,130.0219772975423,0.03977696136556553,1.172166210007969,35,0.12755138772358726,-0.8316369307073016,0.9057636644735128,0.5834925563078218,Mild Stress
19-20_N_FD_black_5_3_A00620200108101525.png,76.14889662885989,0.09133591048812281,130.32319056914304,0.030620501918462197,2.553206559412647,35,0.8798016803946302,-1.4104944921628653,0.9057636644735128,0.6730236810212923,Severe Stress
19-20_N_FD_black_5_3_A00720200108101530.png,76.65643384998265,0.05667341047778066,130.45003089737838,0.030491186762186116,2.369769878018758,35,0.779884036913293,-1.4186696013798779,0.9057636644735128,0.6668530223092389,Severe Stress
19-20_N_FD_black_5_3_A00820200108101534.png,77.81159680347194,0.06789075051612706,130.32321655851607,0.03417952354886157,1.879927180920884,35,0.5130675659727514,-1.185498510469054,0.9057636644735128,0.6332235544817274,Mild Stress
19-20_N_FD_black_5_3_A00920200108101539.png,81.01345351319875,0.047178280279312326,129.9718677212733,0.037408757357853116,0.5040979231365839,33,-0.23634425409446455,-0.9813512176380839,-0.13177070259995977,0.47603966366436035,Mild Stress
19-20_N_FD_black_5_3_A01020200108101548.png,77.80741768055643,0.07228140956913454,130.44890625984996,0.03648774324544301,1.9145579860891146,35,0.5319309057256161,-1.03957634125227,0.9057636644735128,0.6246775002522256,Mild Stress
19-20_N_FD_black_5_3_A01120200108101552.png,74.93727160689978,0.06825491568481105,131.0884501260322,0.03237720929959029,3.2210931092378168,35,1.2435983303575464,-1.2994381000382336,0.9057636644735128,0.690023144644382,Severe Stress
19-20_N_FD_black_5_3_A01220200108101557.png,77.2199581764952,0.03856545378486589,130.80653283145128,0.03209701277108667,2.2271478460894443,35,0.7021980624908851,-1.3171517021302768,0.9057636644735128,0.6547996606577948,Mild Stress
19-20_N_FD_black_5_3_A01320200108101601.png,78.83796269844508,0.07443578337316069,131.0552340529731,0.03513026614934689,1.6546759580458499,35,0.39037361397830234,-1.125393996659084,0.9057636644735128,0.6209284183748903,Mild Stress
19-20_N_FD_black_5_4_A01520200108101621.png,77.38322338685603,0.07076096416513936,130.4751832090917,0.03503053285510195,2.0902727849883114,35,0.627642453151101,-1.1316989851577575,0.9057636644735128,0.6373113423239797,Mild Stress
19-20_N_FD_black_5_4_A01620200108101626.png,80.95656108971286,0.05245234985844456,130.31220967715274,0.03894289975284694,0.6137863058534947,35,-0.176597181507499,-0.8843650483854412,0.9057636644735128,0.566581863659048,Mild Stress
19-20_N_FD_black_5_4_A01720200108101630.png,81.90090540989593,0.06195924629831365,130.28990346943883,0.040112763895694035,0.23379943960574678,31,-0.3835753711521676,-0.8104080010272506,-1.1693050696734324,0.36159213995195366,Mild Stress
19-20_N_FD_black_5_4_A01820200108101634.png,82.3514233245245,0.054648658112788344,130.43302373496968,0.04409207795552082,0.08681363427209021,31,-0.4636382854098106,-0.5588417656014085,-1.1693050696734324,0.33928656143186015,Mild Stress
19-20_N_FD_black_5_4_A01920200108101639.png,85.12165539488498,0.07096431622708994,130.28468767716126,0.04642707399611959,-1.0526527279841957,31,-1.0843036445831293,-0.4112268362853628,-1.1693050696734324,0.2876115614606707,No Stress
19-20_N_FD_black_5_4_A02020200108101646.png,86.07963004826665,0.04958733407081915,130.0003847053831,0.047402219352286244,-1.514400276036099,31,-1.3358167363707167,-0.3495796170521777,-1.1693050696734324,0.2665482082737822,No Stress
19-20_N_FD_black_5_4_A02120200108101656.png,82.76214593501746,0.05751628647841397,130.5815590091286,0.04113629176515742,-0.03933792145738835,31,-0.532352819897753,-0.745702112247629,-1.1693050696734324,0.34723312069069456,Mild Stress
19-20_N_FD_black_5_4_A02220200108101702.png,81.36548396529876,0.07306592585342518,130.37811921239887,0.04259964936207793,0.4739092910289102,33,-0.2527879498547841,-0.653190851210061,-0.13177070259995977,0.45286138462941555,Mild Stress
19-20_N_FD_black_5_4_A02320200108101706.png,83.3229535277142,0.05655488108246968,130.40185093044084,0.049286820515940445,-0.3089244700966134,31,-0.6791961472498123,-0.23043797281606396,-1.1693050696734324,0.3026993693507476,No Stress
19-20_N_FD_black_5_4_A02420200108101710.png,84.72216913237084,0.05851867418977323,130.08748062000134,0.04838914383921314,-0.9465159619815822,31,-1.0264911314852743,-0.28718773893120664,-1.1693050696734324,0.2831571210815411,No Stress
19-20_N_FD_black_5_4_A02520200108101718.png,80.1768119748977,0.06793546295166315,130.10836757058482,0.03972881249950295,0.8801445147202038,35,-0.03151232525280018,-0.8346808294278549,0.9057636644735128,0.5729985686083224,Mild Stress
19-20_N_FD_black_5_4_A02620200108101723.png,79.25492743235979,0.04851688358208647,130.41416087048592,0.043301134279556105,1.3185501539312874,35,0.20728646911069215,-0.608844032324981,0.9057636644735128,0.5738704004359826,Mild Stress
19-20_N_FD_black_5_4_A02720200108101727.png,79.81700559001702,0.0607763105885216,130.1530156246219,0.046378029867291254,1.032723378854648,35,0.051597118472017686,-0.4143273321682188,0.9057636644735128,0.5503153282365544,Mild Stress
19-20_N_FD_black_5_4_A02820200108101732.png,82.68532512027122,0.030663690227368662,130.358008332438,0.053229796316503306,-0.07389567341940761,31,-0.5511763676953886,0.018831012644704423,-1.1693050696734324,0.29454407393891713,No Stress
19-20_N_FD_black_6_3_A00120200108101902.png,76.57962452628024,0.0748612715072945,130.2646743684779,0.03197697791130322,2.3605202266349288,35,0.7748457677826409,-1.3247401249945194,0.9057636644735128,0.6601963914893277,Severe Stress
19-20_N_FD_black_6_3_A00220200108101908.png,76.16848172634829,0.09620095982776705,130.25061247776623,0.03431478865507135,2.528930764841956,35,0.8665786970266957,-1.1769472543877102,0.9057636644735128,0.6564257657011779,Mild Stress
19-20_N_FD_black_6_3_A00320200108101914.png,76.05552744592148,0.0879264707723499,130.40283428743473,0.03552355074933935,2.60927185826041,35,0.9103403518281619,-1.100531137185417,0.9057636644735128,0.6542294066784313,Mild Stress
19-20_N_FD_black_6_3_A00420200108101918.png,75.55512539556469,0.07160292582690546,130.53581393801537,0.0370559260766547,2.8369643503173805,35,1.0343640589288916,-1.0036566792872772,0.9057636644735128,0.6560554817096159,Mild Stress
19-20_N_FD_black_6_3_A00520200108101923.png,75.75649962824058,0.06978396874727431,130.49075941619392,0.037963556702824246,2.744514391813798,35,0.9840067262327653,-0.946277639495527,0.9057636644735128,0.6488090677007992,Mild Stress
19-20_N_FD_black_6_3_A00620200108101929.png,78.68628638816193,0.06625795612392872,130.08027204290653,0.039848142378051996,1.4687437401052321,35,0.28909665605082524,-0.8271369744143822,0.9057636644735128,0.5940555196122762,Mild Stress
19-20_N_FD_black_6_3_A00720200108101938.png,78.902487529209,0.07348651828742693,130.0562884274374,0.0364283830465478,1.378797376576351,35,0.2401030272126354,-1.0433290035316698,0.9057636644735128,0.6053013858137817,Mild Stress
19-20_N_FD_black_6_3_A00820200108101942.png,78.21764744792915,0.0718077409643057,130.1938879288248,0.039376332178153735,1.6865457123720446,35,0.40773301410703044,-0.8569641039245084,0.9057636644735128,0.6040412641779708,Mild Stress
19-20_N_FD_black_6_3_A00920200108101946.png,74.41178149390534,0.08235547154481196,130.1703113302367,0.03703065298046694,3.206689650037724,35,1.2357527910122146,-1.0052544063251343,0.9057636644735128,0.6697084745383964,Severe Stress
19-20_N_FD_black_6_3_A01020200108101952.png,73.57058240797159,0.08259242218844388,130.5925796971694,0.036619626602746994,3.6488193088696725,35,1.476580052430211,-1.0312388742382368,0.9057636644735128,0.6876543939015072,Severe Stress
19-20_N_FD_black_6_3_A01120200108101956.png,76.8665609461312,0.07800877669682267,130.74653434024708,0.036370319606849104,2.367312278453177,35,0.7785453866752509,-1.0469996866497326,0.9057636644735128,0.6417642391232424,Mild Stress
19-20_N_FD_black_6_3_A01220200108102003.png,78.10023991970034,0.09022286418386408,130.01789197085057,0.03541669833363464,1.6959550272968578,35,0.41285825169264906,-1.1072861858095915,0.9057636644735128,0.6212228064146509,Mild Stress
19-20_N_FD_black_6_3_A01320200108102012.png,78.31899439069994,0.07398585480825141,130.030021949435,0.03875905960990277,1.6058027802616586,35,0.36375247846421693,-0.8959871450546912,0.9057636644735128,0.6037078200786811,Mild Stress
19-20_N_FD_black_6_3_A01420200108102016.png,78.30848596369367,0.08743901894083897,130.27447467940516,0.03874382795333489,1.6758279410031136,35,0.40189506255656693,-0.8969500674188154,0.9057636644735128,0.606338080252328,Mild Stress
19-20_N_FD_black_6_3_A01520200108102020.png,77.3741352522692,0.07286777332540327,130.44318014555566,0.03772674817766879,2.0866446561451255,35,0.6256662176375541,-0.9612483174300798,0.9057636644735128,0.6257138038298681,Mild Stress
19-20_N_FD_black_6_3_A01620200108102023.png,77.62337097822554,0.08854809879717034,130.64393077673057,0.039784590082940635,2.0426261374714336,35,0.6016894065548769,-0.8311546546963283,0.9057636644735128,0.6153509299551789,Mild Stress
19-20_N_FD_black_6_4_A01820200108102039.png,78.12058528442192,0.06066150123489507,130.20536384254146,0.03417628935417553,1.72433837229881,35,0.4283186106849881,-1.185702971381053,0.9057636644735128,0.6275370403151046,Mild Stress
19-20_N_FD_black_6_4_A01920200108102044.png,79.87781022323493,0.055356763489049214,129.83084299407233,0.035767489369409995,0.9259615264452741,35,-0.006555878111806921,-1.0851097054000558,0.9057636644735128,0.5915211531092487,Mild Stress
19-20_N_FD_black_6_4_A02020200108102050.png,79.75174372363594,0.04811636206137026,130.19033342077978,0.0368564172784491,1.0637265924620465,35,0.06848451536810538,-1.0162693247192143,0.9057636644735128,0.5919381697449915,Mild Stress
19-20_N_FD_black_6_4_A02120200108102053.png,81.63699288439723,0.04879034752996271,129.7051046715479,0.03897558096633661,0.1885556357635707,31,-0.40821959294952453,-0.8822989913406493,-1.1693050696734324,0.364769986368534,Mild Stress
19-20_N_FD_black_6_4_A02220200108102056.png,84.64807270321727,0.06515618445228485,129.54263609667947,0.04331149481390628,-1.0507653925587377,31,-1.0832756162371209,-0.6081890549634839,-1.1693050696734324,0.30092850602186033,No Stress
19-20_N_FD_black_6_4_A02320200108102101.png,86.11422425878602,0.02149740845468001,129.88136170280944,0.048134986708202036,-1.5678251848529143,31,-1.3649171919154786,-0.30325516957222487,-1.1693050696734324,0.26147508337389347,No Stress
19-20_N_FD_black_6_4_A02420200108102108.png,81.83367960365366,0.08097398260009682,130.4069434370505,0.0418182282265959,0.2966049117111922,31,-0.3493653389883497,-0.7025911172810327,-1.1693050696734324,0.3566412982989955,Mild Stress
19-20_N_FD_black_6_4_A02520200108102112.png,80.27974024588852,0.055429525493170054,129.97999335436418,0.04246642923598259,0.8025025741582432,35,-0.07380375615593028,-0.6616128267316967,0.9057636644735128,0.5585133619828596,Mild Stress
19-20_N_FD_black_6_4_A02620200108102116.png,79.32201289245921,0.03713535446067172,129.84100391027633,0.0434546742429351,1.1444431946466302,35,0.11245070914581747,-0.5991374673255959,0.9057636644735128,0.5668388200083001,Mild Stress
19-20_N_FD_black_6_4_A02720200108102120.png,79.01085484972539,0.05867519105077582,130.19266347945216,0.0432092128996154,1.3643602468406577,35,0.2322391475847254,-0.6146551633790196,0.9057636644735128,0.5759395929953839,Mild Stress
19-20_N_FD_black_6_4_A02820200108102127.png,79.6651386736141,0.05897750882144338,130.1609792896481,0.03794975652461702,1.0948314810538946,35,0.0854272944525864,-0.9471500659558675,0.9057636644735128,0.5884287479541455,Mild Stress
19-20_N_FD_black_6_4_A02920200108102131.png,80.51102669664242,0.05458877867836895,130.08133438330063,0.0416224538928084,0.7350289897056186,35,-0.11055650105142224,-0.7149676755027449,0.9057636644735128,0.5596300295977192,Mild Stress
19-20_N_FD_black_6_4_A03020200108102135.png,81.48104936335191,0.056835822816144896,130.38516605937758,0.0439996408925223,0.42376430748927874,33,-0.2801018357669032,-0.5646854973608898,-0.13177070259995977,0.44507131204653594,Mild Stress
19-20_N_FD_black_6_4_A03120200108102138.png,82.03389175360437,0.0376575040046956,130.1677014178349,0.043358719821193596,0.14154877941862054,31,-0.4338241463995938,-0.6052035612018417,-1.1693050696734324,0.34441020117348436,Mild Stress
19-20_N_FD_black_6_4_A03220200108102143.png,84.79610677566222,0.05204248301526815,130.14190857945445,0.0487834475973257,-0.9647506963459378,31,-1.0364235597943228,-0.2622604498177263,-1.1693050696734324,0.2808124352633656,No Stress
19-20_N_FD_black_7_3_A00120200108102206.png,74.29347289874599,0.08067571769061799,130.56505337340658,0.03120062353206519,3.3521106850449662,35,1.3149633775760898,-1.3738200783746701,0.9057636644735128,0.6998261783212752,Severe Stress
19-20_N_FD_black_7_3_A00220200108102211.png,75.5554072595734,0.07746039665678159,130.42079331420732,0.03420142570658448,2.8101465635523404,35,1.019756456803807,-1.1841138890787295,0.9057636644735128,0.6672106272987767,Severe Stress
19-20_N_FD_black_7_3_A00320200108102215.png,77.23077845351149,0.07454201929048838,130.65293103519556,0.035835700412569664,2.197011084145963,35,0.6857826203193991,-1.0807975060902846,0.9057636644735128,0.6377982208929159,Mild Stress
19-20_N_FD_black_7_3_A00420200108102218.png,77.16252055793298,0.06029222299066538,130.70467830200795,0.03720856843556592,2.2322636303755274,35,0.7049846213543586,-0.9940068594890662,0.9057636644735128,0.6332521674407877,Mild Stress
19-20_N_FD_black_7_3_A00520200108102223.png,78.91612579907839,0.06259396428414965,130.38247792730576,0.04375436175474841,1.4510770496945362,35,0.2794736403020794,-0.5801916746544106,0.9057636644735128,0.5767985784995607,Mild Stress
19-20_N_FD_black_7_3_A00620200108102228.png,82.02673762425947,0.04547444522524159,130.34011848579175,0.046322610732072805,0.19025062757297917,31,-0.40729633383891845,-0.41783084634374174,-1.1693050696734324,0.3335916751145531,Mild Stress
19-20_N_FD_black_7_3_A00720200108102238.png,76.49434774440697,0.07265435476858974,130.06864386705763,0.038313535781393335,2.3448508931706264,35,0.7663107089123026,-0.9241524897964195,0.9057636644735128,0.6326785499919637,Mild Stress
19-20_N_FD_black_7_3_A00820200108102242.png,77.4542281824147,0.04810941601030139,130.69895833333334,0.041467767608265135,2.1098866059710595,35,0.6383260675589132,-0.7247467091978771,0.9057636644735128,0.6106580708798435,Mild Stress
19-20_N_FD_black_7_3_A00920200108102248.png,78.9095884324892,0.049242699624180125,130.00698331919705,0.04672510202474786,1.3551454016720434,35,0.2272198373393756,-0.39238595363920564,0.9057636644735128,0.5606520287565837,Mild Stress
19-20_N_FD_black_7_3_A01020200108102253.png,79.93922436961981,0.050057361990059696,129.69820372732596,0.052978302907519904,0.866381260680086,35,-0.039009145953402845,0.002931978494301176,0.9057636644735128,0.516155980442223,Mild Stress
19-20_N_FD_black_7_3_A01120200108102304.png,76.84021045671065,0.07121486095378518,129.81571159756888,0.036797406442989955,2.142768918041785,35,0.6562370061419652,-1.0199999007689058,0.9057636644735128,0.6317216809439635,Mild Stress
19-20_N_FD_black_7_3_A01220200108102308.png,75.57299739485197,0.0689340193007515,129.62064784624712,0.03907788375396096,2.600089910376255,35,0.9053389606768292,-0.8758315633444417,0.9057636644735128,0.6387795799196339,Mild Stress
19-20_N_FD_black_7_3_A01320200108102313.png,76.44259015293473,0.07048580710066163,130.0939415264015,0.04127532787617522,2.3711193529117125,35,0.7806190935563628,-0.7369124589276996,0.9057636644735128,0.6210470621774735,Mild Stress
19-20_N_FD_black_7_3_A01420200108102317.png,77.37781711966099,0.06530977681782332,130.46077402679478,0.04469250103760899,2.086925080720537,35,0.625818964419367,-0.5208839235832101,0.9057636644735128,0.5961049004254448,Mild Stress
19-20_N_FD_black_7_4_A01620200108102340.png,71.97395585199301,0.07517248072241114,130.58159088101917,0.03006977681291426,4.282125747710431,35,1.8215409756746184,-1.445310503031639,0.9057636644735128,0.7387073854884815,Severe Stress
19-20_N_FD_black_7_4_A01720200108102346.png,73.43136764699544,0.09348396746469358,129.9953102841847,0.030976493681820996,3.5589999008606448,35,1.4276555760443785,-1.387989229596412,0.9057636644735128,0.7083589499409497,Severe Stress
19-20_N_FD_black_7_4_A01820200108102351.png,73.81084371155382,0.08294230644672922,130.09592281625694,0.03403175111109853,3.4286730266990624,35,1.356666752819037,-1.1948404611944425,0.9057636644735128,0.6905928947079445,Severe Stress
19-20_N_FD_black_7_4_A01920200108102400.png,77.06570673778918,0.06456731459025258,129.83381723651894,0.03637379955775128,2.054770174120648,35,0.6083042423397382,-1.0467796894002657,0.9057636644735128,0.6302989189549837,Mild Stress
19-20_N_FD_black_7_4_A02020200108102405.png,79.0028771744163,0.0703378199613469,129.92695036047357,0.039912027316016264,1.30520495733834,35,0.20001736357939848,-0.8230982649527862,0.9057636644735128,0.5877923461073729,Mild Stress
19-20_N_FD_black_7_4_A02120200108102409.png,80.07066220325227,0.05259991196984126,129.73796553910265,0.04319963716569561,0.8246364726641993,35,-0.06174745987448276,-0.6152605268405168,0.9057636644735128,0.5562065918989498,Mild Stress
19-20_N_FD_black_7_4_A02220200108102415.png,76.6839760390968,0.07579923123265336,130.55551754952305,0.03762600043134539,2.3918187026734685,35,0.7918939936149262,-0.9676174380597086,0.9057636644735128,0.6373227761812624,Mild Stress
19-20_N_FD_black_7_4_A02320200108102419.png,75.71150104934252,0.07923919475167303,130.24832169052698,0.03650804728433892,2.70521372105782,35,0.9625997187611178,-1.038292750524775,0.9057636644735128,0.6535582117358217,Mild Stress
19-20_N_FD_black_7_4_A02420200108102423.png,77.14417479177028,0.08106018497201568,130.63066127825675,0.0356600934564299,2.228366467596281,35,0.7028618435205766,-1.0918991131025733,0.9057636644735128,0.6396936806909701,Mild Stress
19-20_N_FD_black_7_4_A02520200108102427.png,78.4777326271761,0.07829223898103692,130.187432976009,0.03484151634879135,1.5831674767751736,35,0.351423067756017,-1.1436483237148583,0.9057636644735128,0.6195363780728592,Mild Stress
19-20_N_FD_black_7_4_A02620200108102436.png,74.14635967907135,0.08063758962068693,131.14734551041312,0.03359961254507756,3.556515662341976,35,1.4263024156146065,-1.2221596098220202,0.9057636644735128,0.6971141343551948,Severe Stress
19-20_N_FD_black_7_4_A02720200108102439.png,75.17629583797735,0.07904071331974792,130.56873630634792,0.03788434073284739,2.999329991057948,35,1.1228043429650993,-0.9512855536870376,0.9057636644735128,0.6584815152667234,Mild Stress
19-20_N_FD_black_7_4_A02820200108102443.png,76.54583897938893,0.08424404384799807,130.67821888096927,0.04057031207973974,2.4807045438335393,35,0.8403099577508026,-0.7814824946571104,0.9057636644735128,0.6280597137855927,Mild Stress
19-20_N_FD_black_7_4_A02920200108102447.png,78.2768846881528,0.08035344187177942,130.13135052388358,0.043645835161452214,1.6502074603648964,35,0.3879396310105012,-0.5870525622618349,0.9057636644735128,0.5845555345518455,Mild Stress
19-20_N_FD_black_7_4_A03020200108102450.png,79.15199387373079,0.09532183172169509,129.77934491057755,0.04448098755806798,1.2174013192546624,35,0.1521908735898041,-0.5342554868702426,0.9057636644735128,0.5651477661557827,Mild Stress
19-20_N_FD_black_8_3_A00120200108102514.png,74.29475240465578,0.08952449271456211,130.09583192997957,0.027281869038078943,3.237390593082676,35,1.2524755416550886,-1.6215578293510613,0.9057636644735128,0.7122862003972973,Severe Stress
19-20_N_FD_black_8_3_A00220200108102519.png,75.36790918245273,0.08205165721332462,129.76913046846087,0.028684266011584445,2.7238370241587866,35,0.9727437997897732,-1.5329004070181453,0.9057636644735128,0.6875081209196099,Severe Stress
19-20_N_FD_black_8_3_A00320200108102524.png,75.38344186758255,0.08671404767535487,130.14395807120755,0.02888824669065586,2.8129626874552436,35,1.0212903946290632,-1.5200050560199292,0.9057636644735128,0.6899060452866176,Severe Stress
19-20_N_FD_black_8_3_A00420200108102528.png,76.75575946242228,0.09169951212942493,130.11922275500214,0.03031061583998865,2.259596733026921,35,0.7198729151525679,-1.4300850228423814,0.9057636644735128,0.6635844459196921,Severe Stress
19-20_N_FD_black_8_3_A00520200108102533.png,80.12502376070243,0.07467938218099111,129.73569201276405,0.03446592209401463,0.8100512826733848,35,-0.0696919876675936,-1.16739282623494,0.9057636644735128,0.5928089927455372,Mild Stress
19-20_N_FD_black_8_3_A00620200108102544.png,74.4734906149803,0.118998817835709,130.37812656806798,0.03152643869405027,3.2467849822673713,35,1.2575926492158482,-1.3532225350511315,0.9057636644735128,0.694581984896848,Severe Stress
19-20_N_FD_black_8_3_A00720200108102549.png,74.77144967901906,0.07791430318230565,130.13904928501069,0.030791531331976485,3.0534524557588547,35,1.1522847559949472,-1.399682270494,0.9057636644735128,0.6906238219750012,Severe Stress
19-20_N_FD_black_8_3_A00820200108102553.png,75.44522984464979,0.07438144502446438,129.97653425070308,0.03038977680277155,2.742075130574417,35,0.982678064849326,-1.425080586122741,0.9057636644735128,0.6809242788364773,Severe Stress
19-20_N_FD_black_8_3_A00920200108102559.png,77.89219843641276,0.05741066677558262,129.71194384184028,0.03261770344464946,1.6912003192664216,35,0.4102683704418928,-1.2842344227700146,0.9057636644735128,0.6329502555777548,Mild Stress
19-20_N_FD_black_8_3_A01020200108102607.png,75.01139816654914,0.10233134602601734,130.25298630254076,0.03058065222368907,2.9945032801246363,35,1.1201752418575268,-1.413013729786794,0.9057636644735128,0.6893607985731343,Severe Stress
19-20_N_FD_black_8_3_A01120200108102614.png,70.61396173716362,0.08008978829462174,130.06591043446227,0.030640309952285998,4.698924339653235,35,2.0485704487157275,-1.409242258128224,0.9057636644735128,0.7515515539597518,Severe Stress
19-20_N_FD_black_8_3_A01220200108102618.png,73.66441337507328,0.09029380095332404,129.77886562150522,0.034227927956751975,3.410553885680656,35,1.3467972880058479,-1.1824384567794148,0.9057636644735128,0.6890949021276721,Severe Stress
19-20_N_FD_black_8_3_A01320200108102624.png,76.54375928647484,0.07211770088108811,129.3993578921372,0.038164070730769314,2.157576953752745,35,0.6643029176138889,-0.9336014449550014,0.9057636644735128,0.6264529863187583,Mild Stress
19-20_N_FD_black_8_4_A01520200108102642.png,78.38807282014287,0.07820578199530588,129.92897507017085,0.03704157237646833,1.554386663183923,35,0.335746208309686,-1.0045640985726183,0.9057636644735128,0.6091270532971574,Mild Stress
19-20_N_FD_black_8_4_A01620200108102647.png,78.04954392622923,0.08035803455474401,129.92491843936216,0.03779156452769586,1.6895373514430077,35,0.40936255474113875,-0.9571507255021222,0.9057636644735128,0.6108894812390937,Mild Stress
19-20_N_FD_black_8_4_A01720200108102651.png,78.84355119284294,0.06817014579163283,129.88824552683897,0.04126439667992155,1.3585004555996392,35,0.22904732941811823,-0.7376035126743741,0.9057636644735128,0.5839944901928582,Mild Stress
19-20_N_FD_black_8_4_A01820200108102655.png,80.86425885978429,0.07725526450918437,130.01378941961994,0.04148802703554055,0.5847831535694823,33,-0.19239514845570296,-0.7234659387497707,-0.13177070259995977,0.4616501863965728,Mild Stress
19-20_N_FD_black_8_4_A01920200108102700.png,80.84671595178841,0.07221978236441622,129.87240765139316,0.04658506145620833,0.5546924559604669,33,-0.2087854994637783,-0.4012391072492822,-0.13177070259995977,0.4388745885340012,Mild Stress
19-20_N_FD_black_8_4_A02020200108102706.png,78.87841608790298,0.08264952835043993,130.36319684876128,0.036458659233820655,1.4683601119517782,35,0.28888769445832946,-1.041414988618353,0.9057636644735128,0.6084539344268504,Mild Stress
19-20_N_FD_black_8_4_A02120200108102711.png,80.86579986163676,0.08020998657029987,130.0922964229032,0.039298811403827835,0.6048276563706985,35,-0.1814769424053437,-0.8618648504027373,0.9057636644735128,0.5647402709544563,Mild Stress
19-20_N_FD_black_8_4_A02220200108102714.png,80.42820112150142,0.06267141961869492,130.15607832604928,0.04174304902798883,0.7896741297782981,35,-0.08079138764945457,-0.7073438328726077,0.9057636644735128,0.5611192649505435,Mild Stress
19-20_N_FD_black_8_4_A02320200108102718.png,80.29089295771224,0.06118091317552771,130.0416516415528,0.04229242291381803,0.8154690469147319,35,-0.066740940844137,-0.672613244077278,0.9057636644735128,0.5597283060091924,Mild Stress
19-20_N_FD_black_8_4_A02420200108102724.png,81.3615458153248,0.071394141936441,130.0413727726988,0.04516942657550193,0.39071281672252667,33,-0.29810492569343655,-0.4907334101172298,-0.13177070259995977,0.43888635084316613,Mild Stress
19-20_N_FD_black_8_4_A02520200108102731.png,82.43406207050852,0.06038850001573981,130.0423378719596,0.04651033522819694,-0.04190438520799944,31,-0.5337507682693259,-0.4059631867227222,-1.1693050696734324,0.3242880468512578,No Stress
19-20_N_FD_black_8_4_A02620200108102741.png,77.0825514382699,0.0911918999837733,129.99430363383124,0.03332066350850786,2.0974724981441675,35,0.6315641244700998,-1.2397943473547897,0.9057636644735128,0.6448456761998302,Mild Stress
19-20_N_FD_black_8_4_A02720200108102744.png,80.12008018163596,0.053357606005222616,130.7284828898116,0.03899647231593795,1.0527638119003448,35,0.06251310773357581,-0.8809782717158198,0.9057636644735128,0.5824367706348464,Mild Stress
19-20_N_FD_black_8_4_A02820200108102749.png,81.19069087856246,0.06702131524006578,130.3670895272384,0.04417660914459205,0.5389534907186331,33,-0.2173584866430541,-0.5534978312722731,-0.13177070259995977,0.44853897867715925,Mild Stress
19-20_N_FD_black_8_4_A02920200108102756.png,86.41993805316709,0.03997383416202338,130.61122057328404,0.053640800686299825,-1.5011792359891203,31,-1.3286152586955406,0.04481408925006832,-1.1693050696734324,0.2405054232343667,No Stress
19-20_N_FD_black_9_3_A00120200108102841.png,72.37430713915386,0.09529550119880081,130.24091114099164,0.028936893354215235,4.043858355005948,35,1.691757138458583,-1.516929687292136,0.9057636644735128,0.7347951955171473,Severe Stress
19-20_N_FD_black_9_3_A00220200108102845.png,74.77321213284219,0.09571028688433372,130.17115467246248,0.030284171851169984,3.0670024153882594,35,1.1596653955984852,-1.4317567719470612,0.9057636644735128,0.6932775987847276,Severe Stress
19-20_N_FD_black_9_3_A00320200108102849.png,75.68909957755483,0.09379452701562423,130.16925802583143,0.03429916707348619,2.6995027598913914,35,0.9594889680790463,-1.1779348272235541,0.9057636644735128,0.6627413918507928,Severe Stress
19-20_N_FD_black_9_3_A00420200108102853.png,75.976232983709,0.0803102812695566,129.8628158397183,0.03884825257133373,2.50331936489032,35,0.8526282117149245,-0.8903485005053227,0.9057636644735128,0.6362106408835976,Mild Stress
19-20_N_FD_black_9_3_A00520200108102858.png,78.56843497381105,0.05409436063153329,129.91333325293746,0.04161380099495622,1.4698923499309835,35,0.2897223018387697,-0.7155146986593669,0.9057636644735128,0.5865898187004014,Mild Stress
19-20_N_FD_black_9_3_A00620200108102909.png,75.36138895297103,0.06673285436481753,129.72943924463632,0.03932522667000593,2.7111607289983546,35,0.9658390437132907,-0.8601949171000906,0.9057636644735128,0.6417971219933712,Mild Stress
19-20_N_FD_black_9_3_A00720200108102914.png,74.4864364192972,0.08424891800754919,129.7474842910012,0.04084871824680384,3.07178362633406,35,1.1622697129414588,-0.7638820765160245,0.9057636644735128,0.6485311081047058,Mild Stress
19-20_N_FD_black_9_3_A00820200108102919.png,73.78293758243383,0.06245043697612161,129.5716275572466,0.04040008839435249,3.3015895092797543,35,1.2874445804085426,-0.7922437794085451,0.9057636644735128,0.6588580713078218,Mild Stress
19-20_N_FD_black_9_3_A00920200108102925.png,77.730467182109,0.0774095982546963,129.72404104618303,0.04361667940782463,1.7659167480913034,35,0.45096628015545104,-0.5888957450493263,0.9057636644735128,0.5889187189436137,Mild Stress
19-20_N_FD_black_9_3_A01020200108102932.png,76.99773947326008,0.10023597088962168,129.98014290496283,0.03417863285636726,2.1310225267480405,35,0.6498387670953241,-1.1855548187056864,0.9057636644735128,0.6424266560686461,Mild Stress
19-20_N_FD_black_9_3_A01120200108102937.png,76.37753816050211,0.07553748061887779,130.0743435398685,0.035021918096900584,2.3940087389828832,35,0.7930869026095313,-1.1322435971831566,0.9057636644735128,0.6484758676618095,Mild Stress
19-20_N_FD_black_9_3_A01220200108102941.png,76.45046861580971,0.06492579731042768,129.74208497732639,0.03965333144093097,2.2780578270663625,35,0.7299286411856153,-0.8394526281513103,0.9057636644735128,0.6245345057016932,Mild Stress
19-20_N_FD_black_9_3_A01320200108102958.png,79.76350671649328,0.06951217048754868,129.29637006362992,0.04710759843563332,0.8430190889808067,35,-0.051734480521498344,-0.3682051072160058,0.9057636644735128,0.5402629730430154,Mild Stress
19-20_N_FD_black_9_4_A01520200108103020.png,74.05903539532554,0.0674566843438846,130.8355300661611,0.03276839723639893,3.5088781979304215,35,1.4003543710399886,-1.2747077884500004,0.9057636644735128,0.6989032755671135,Severe Stress
19-20_N_FD_black_9_4_A01620200108103026.png,75.0562074579559,0.09967611756715937,131.01489079792853,0.03130412227058819,3.166126357448274,35,1.2136580356089648,-1.3672770441657323,0.9057636644735128,0.6925722308761977,Severe Stress
19-20_N_FD_black_9_4_A01720200108103034.png,75.20141780515503,0.05237620014430823,131.09672132557898,0.031200111400702012,3.1119448793832376,35,1.184145478101617,-1.3738524545473323,0.9057636644735128,0.6910294643952397,Severe Stress
19-20_N_FD_black_9_4_A01820200108103040.png,74.81403125698468,0.08731495968189693,131.14398758661005,0.03268945355075644,3.2909446297473046,35,1.281646332915495,-1.2796984892364036,0.9057636644735128,0.6912545782209615,Severe Stress
19-20_N_FD_black_9_4_A01920200108103044.png,76.5897718266383,0.07490093021284402,130.44813748800735,0.03356890998618234,2.4023409669210096,35,0.7976254527740934,-1.2241005793064814,0.9057636644735128,0.6549594898539053,Mild Stress
19-20_N_FD_black_9_4_A02020200108103050.png,76.51983648476453,0.06198099734004677,130.3568001641994,0.035287791138370925,2.4029587962130563,35,0.7979619833222147,-1.115435504346467,0.9057636644735128,0.6476732460009353,Mild Stress
19-20_N_FD_black_9_4_A02120200108103054.png,75.63822709239908,0.0897471484266075,130.20318231704454,0.035745732737229634,2.7269162442508126,35,0.9744210456547645,-1.0864851268849829,0.9057636644735128,0.6575947699560147,Mild Stress
19-20_N_FD_black_9_4_A02220200108103102.png,74.31713397516491,0.07242564111365057,130.37304737957047,0.03352128793313321,3.2917572292164294,35,1.2820889544426193,-1.2271111737025768,0.9057636644735128,0.6877472943537777,Severe Stress
19-20_N_FD_black_9_4_A02320200108103106.png,74.72980089698288,0.07372927425899646,130.82922074612665,0.032093636496968746,3.241190073729161,35,1.2545451121998945,-1.317365145089752,0.9057636644735128,0.6919652158210907,Severe Stress
19-20_N_FD_black_9_4_A02420200108103110.png,75.59917450413793,0.06804695373598331,130.54404526427157,0.03347355466280548,2.8201579482203094,35,1.0252096407384899,-1.2301287990873484,0.9057636644735128,0.6706724026337483,Severe Stress
19-20_N_FD_black_9_4_A02520200108103120.png,77.40665257082327,0.09141863403732721,130.16016297797628,0.03936334986150839,2.0093762380778273,35,0.5835782437920328,-0.8577848264099605,0.9057636644735128,0.615923923684007,Mild Stress
19-20_N_FD_black_9_4_A02620200108103127.png,74.76425078185673,0.07828222404097859,130.2857712570577,0.03659794804000599,3.09314127993607,35,1.173903189964635,-1.0326093602909097,0.9057636644735128,0.6673883435736111,Severe Stress
19-20_N_FD_black_9_4_A02720200108103131.png,76.54634850634818,0.0933175576999569,129.88362712691801,0.04145335238906391,2.285028524385215,35,0.7337255679738067,-0.7256580176225879,0.9057636644735128,0.6171359945212237,Mild Stress
19-20_N_FD_black_9_4_A02820200108103135.png,78.70156974014574,0.06032374614684797,129.6687909530711,0.04569963566445393,1.3576831533608704,35,0.22860214630049278,-0.457214390886557,0.9057636644735128,0.5651054038589731,Mild Stress
19-20_N_FD_black_9_4_A02920200108103138.png,79.6792649365493,0.05260875380459938,130.06537995436253,0.04530671459233506,1.0630520778025172,35,0.06811710839823623,-0.4820542686761308,0.9057636644735128,0.5559818278022487,Mild Stress
19-20_N_FD_blue_10_3_A00120200108111226.png,77.46007136756835,0.027426624161695626,127.34005293376515,0.05521949090038148,1.260584004870541,35,0.17571240784973297,0.1446165044626605,0.9057636644735128,0.5210684954029788,Mild Stress
19-20_N_FD_blue_10_3_A00220200108111232.png,77.47547044424068,0.0301488092733239,127.13016395097453,0.06119565769177238,1.2029048932930202,35,0.14429469541004977,0.52242075901114,0.9057636644735128,0.49354397674859185,Mild Stress
19-20_N_FD_blue_10_3_A00320200108111236.png,77.56769396308097,0.03539923046956671,127.32665681377618,0.055910751460223514,1.2169763488760061,35,0.15195939295865632,0.1883169548727972,0.9057636644735128,0.5165315342577822,Mild Stress
19-20_N_FD_blue_10_3_A00420200108111240.png,78.85253744781862,0.045027420806887826,127.4854792502251,0.05891726366065307,0.7461144307112377,35,-0.10451828048497806,0.37838412339803057,0.9057636644735128,0.48649665630816324,Mild Stress
19-20_N_FD_blue_10_3_A00520200108111247.png,76.18341828710786,0.04681003244452808,126.87799402810153,0.05412047026684494,1.6625147035378234,35,0.394643365106901,0.07513807695544676,0.9057636644735128,0.5404670862202631,Mild Stress
19-20_N_FD_blue_10_3_A00620200108111251.png,73.61723738833949,0.05981294211724939,125.08090052327945,0.05863312865159639,2.2442647052251026,35,0.7115215860939127,0.36042153650329606,0.9057636644735128,0.5425921691111292,Mild Stress
19-20_N_FD_blue_10_3_A00720200108111254.png,74.90391035941532,0.047004441533957685,125.86429411485953,0.05991472521499014,1.9209609394856386,35,0.5354185833800529,0.4414421390344007,0.9057636644735128,0.5252978788726655,Mild Stress
19-20_N_FD_blue_10_3_A00820200108111301.png,74.71870112396142,0.032094818979084394,127.05074323716315,0.05626632543538258,2.286438546348897,35,0.7344936045017111,0.21079580549914423,0.9057636644735128,0.5542011988227035,Mild Stress
19-20_N_FD_blue_10_3_A00920200108111309.png,75.88293088174832,0.04425060081615973,127.5643435101238,0.05839385906285875,1.9534012351172763,35,0.5530887563722858,0.34529527383951514,0.9057636644735128,0.5329532821586261,Mild Stress
19-20_N_FD_blue_10_3_A01020200108111313.png,76.94472580732996,0.035246461320484555,127.50813299318446,0.057790632745982985,1.5114791868262998,35,0.31237458005732427,0.307160215544358,0.9057636644735128,0.5193276873403335,Mild Stress
19-20_N_FD_blue_10_4_A01220200108111332.png,76.88042596348885,0.022680020283879818,128.7118957065585,0.0441639431877802,1.8337415483434434,35,0.48791033169023856,-0.5542985539660138,0.9057636644735128,0.5890765702064658,Mild Stress
19-20_N_FD_blue_10_4_A01320200108111336.png,78.13411547709786,0.033634147060292025,128.90007453667246,0.04675058106621968,1.3831443948000697,35,0.2424708405299279,-0.3907752070509849,0.9057636644735128,0.5615694807205257,Mild Stress
19-20_N_FD_blue_10_4_A01420200108111339.png,78.7559466004243,0.058288562770933285,129.00981965347793,0.05179212378441181,1.1704772701695916,35,0.12663142511114736,-0.07205647731861324,0.9057636644735128,0.532340835296966,Mild Stress
19-20_N_FD_blue_10_4_A01520200108111343.png,80.00582017110892,0.03278216518578158,128.35758884501482,0.05245272245940462,0.49854290062515716,33,-0.23937006526052954,-0.030294425041072146,-0.13177070259995977,0.4118674868421356,Mild Stress
19-20_N_FD_blue_10_4_A01620200108111348.png,78.90436353929239,0.03304790652771906,128.19430378447197,0.05463799991849446,0.8983972976857366,35,-0.021570065901868166,0.10785552127608546,0.9057636644735128,0.5102717222140781,Mild Stress
19-20_N_FD_blue_10_4_A01720200108111356.png,75.75395746436072,0.04513676979975867,128.77274621299807,0.04596590504139731,2.307401436935141,35,0.7459120547921249,-0.4403812423187996,0.9057636644735128,0.5987677754466898,Mild Stress
19-20_N_FD_blue_10_4_A01820200108111400.png,77.28683318428551,0.03652434332285205,128.66460079445957,0.049575006778205456,1.6642004450636847,35,0.3955615856040382,-0.21221927180139488,0.9057636644735128,0.5598566765248439,Mild Stress
19-20_N_FD_blue_10_4_A01920200108111405.png,77.75627510671664,0.036111740089247356,128.48959669912193,0.04903372070858447,1.4325282411250626,35,0.2693701363160441,-0.24643856104968523,0.9057636644735128,0.5536705730433309,Mild Stress
19-20_N_FD_blue_10_4_A02020200108111409.png,78.58883869010262,0.05234851350150105,127.72263392615929,0.04855972308169318,0.9134449852242987,35,-0.013373616493431053,-0.2764039763964236,0.9057636644735128,0.5366685481615158,Mild Stress
19-20_N_FD_blue_10_4_A02120200108111416.png,76.82085649042094,0.036460869419058795,128.26144281948385,0.04605837765687436,1.7497794129992563,35,0.4421763016069199,-0.434535262985227,0.9057636644735128,0.5779451196286628,Mild Stress
19-20_N_FD_blue_10_4_A02220200108111422.png,77.55751490221907,0.039099943249205286,128.65455434183764,0.044999598809745536,1.5543176047090022,35,0.33570859227769023,-0.5014696654265123,0.9057636644735128,0.5752860853375287,Mild Stress
19-20_N_FD_blue_10_4_A02320200108111425.png,78.99870982539638,0.05590347036466518,128.19314528185194,0.047121271175103216,0.8683686049320691,35,-0.03792664297234451,-0.3673407372405057,0.9057636644735128,0.5411335585526487,Mild Stress
19-20_N_FD_blue_10_4_A02420200108111429.png,79.14908758382442,0.05302987197702487,128.3386344238976,0.048666879882737206,0.8435840276365845,35,-0.05142675941158783,-0.2696296849900059,0.9057636644735128,0.5336534276356649,Mild Stress
19-20_N_FD_blue_10_4_A02520200108111432.png,78.89078994092391,0.04880233721773896,128.16889950608515,0.05153447727354274,0.9029897181779312,35,-0.019068582392851915,-0.08834450129346795,0.9057636644735128,0.5236365064923194,Mild Stress
19-20_N_FD_blue_1_3_A00120200108104153.png,83.0923411277668,0.04278491174986403,128.89360942954804,0.049067917185539184,-0.5985593746072624,31,-0.836959779412917,-0.2442767113331293,-1.1693050696734324,0.2930188933754545,No Stress
19-20_N_FD_blue_1_3_A00220200108104201.png,83.13175343563023,0.04373981042828063,128.94542232866348,0.05428642343891529,-0.6010368584363235,31,-0.8383092605749283,0.08562938629345195,-1.1693050696734324,0.2707384414612,No Stress
19-20_N_FD_blue_1_3_A00320200108104205.png,81.85534078802475,0.021831383116727256,129.02791032883604,0.05691111403339732,-0.07751774891003294,31,-0.5531493059582525,0.2515583685462876,-1.1693050696734324,0.2787579892561603,No Stress
19-20_N_FD_blue_1_3_A00420200108104209.png,84.78543878881963,0.008862197825025158,128.54455905064455,0.06048579927818935,-1.3749339836279546,31,-1.2598496878141725,0.4775445803266618,-1.1693050696734324,0.2160249211020221,No Stress
19-20_N_FD_blue_1_3_A00520200108104215.png,81.43503644926133,0.05214582930112514,128.5627943358493,0.051626788939473305,-0.015064955486813858,31,-0.5191313772634157,-0.0825086969475674,-1.1693050696734324,0.30351561007381217,No Stress
19-20_N_FD_blue_1_3_A00620200108104219.png,80.88106440946537,0.039351458853616,128.29163736023867,0.05394222526479403,0.13425658687228292,31,-0.43779619108283624,0.06386969665792122,-1.1693050696734324,0.29914076434086095,No Stress
19-20_N_FD_blue_1_3_A00720200108104249.png,81.49026758555712,0.03193239088839732,128.01386863981742,0.055163905648668854,-0.18146353745755306,31,-0.6097683974210769,0.14110248865282216,-1.1693050696734324,0.2823790844245297,No Stress
19-20_N_FD_blue_1_3_A00820200108104256.png,76.87172177402499,0.03629561509828911,127.14589725368891,0.060592435503003104,1.45048906909663,35,0.27915336828609477,0.48428596168865135,0.9057636644735128,0.5051796228812063,Mild Stress
19-20_N_FD_blue_1_3_A00920200108104300.png,80.84107880172186,0.05193626251322173,127.58276126052635,0.05557270352776434,-0.022563513677528846,31,-0.5232158289566684,0.1669460742426955,-1.1693050696734324,0.2864624075753305,No Stress
19-20_N_FD_blue_1_4_A01120200108104319.png,83.39262724839683,0.037740983060468664,129.73352258651428,0.04158802169680721,-0.5104609086589988,31,-0.7889726971947769,-0.7171444270220357,-1.1693050696734324,0.32805190420508623,No Stress
19-20_N_FD_blue_1_4_A01220200108104322.png,86.09742463726153,0.05076327896257293,129.37292088923206,0.050287025572524346,-1.677972484959696,31,-1.4249142360119593,-0.1672065171039064,-1.1693050696734324,0.2482889304605377,No Stress
19-20_N_FD_blue_1_4_A01320200108104325.png,85.68465602113099,0.032648977468152846,129.37070876855964,0.053681791404343676,-1.5197580741986343,31,-1.3387351197746318,0.047405460644901795,-1.1693050696734324,0.23965045799893758,No Stress
19-20_N_FD_blue_1_4_A01420200108104329.png,86.48310354256908,0.04347067938523815,129.11534849067297,0.05362661710744072,-1.8991895565745622,31,-1.5454107927837064,0.04391742477855221,-1.1693050696734324,0.2259839338139406,No Stress
19-20_N_FD_blue_1_4_A01520200108104335.png,83.0849374515128,0.03748868631999334,129.42262251099044,0.045493755891430926,-0.46519831264551215,31,-0.7643182393341692,-0.4702297997412125,-1.1693050696734324,0.3131025498867954,No Stress
19-20_N_FD_blue_1_4_A01620200108104340.png,83.19645920510477,0.0327345165374732,129.27368813428888,0.05224168381896477,-0.5487045676815825,31,-0.8098039522011578,-0.043635969716023494,-1.1693050696734324,0.28135019240627407,No Stress
19-20_N_FD_blue_1_4_A01720200108104344.png,84.02105705537433,0.039004182593051676,128.92320438671976,0.052099172332593174,-0.9639702615622241,31,-1.03599845831578,-0.05264533102614928,-1.1693050696734324,0.26674218733356486,No Stress
19-20_N_FD_blue_1_4_A01820200108104351.png,82.22618615567008,0.026348261595306396,128.96952650552853,0.05534291614630998,-0.23887094432754452,31,-0.6410381127759196,0.1524192624274571,-1.1693050696734324,0.2795146912369004,No Stress
19-20_N_FD_blue_1_4_A01920200108104355.png,81.58997387262602,0.021899342979239844,128.83252635957243,0.05734273630746549,-0.020193189114564802,31,-0.5219247172617902,0.27884487797499985,-1.1693050696734324,0.27902286686540845,No Stress
19-20_N_FD_blue_1_4_A02020200108104359.png,83.89882527761601,0.05243077170203245,128.59508022249443,0.06181870078383978,-0.992409285327092,31,-1.0514891454340982,0.5618086039570336,-1.1693050696734324,0.22437172850928297,No Stress
19-20_N_FD_blue_2_3_A00120200108104620.png,81.1985478051962,0.04388369232275263,127.79618499591338,0.051749695528959756,-0.11501358078717416,31,-0.5735732208103295,-0.0747387276610814,-1.1693050696734324,0.2993312056649803,No Stress
19-20_N_FD_blue_2_3_A00220200108104624.png,80.92234167154689,0.03231406341490708,127.25312892160964,0.05849684607402157,-0.1443445160211283,31,-0.5895497305651448,0.3518059574162513,-1.1693050696734324,0.26956696067157443,No Stress
19-20_N_FD_blue_2_3_A00320200108104629.png,81.3411279401135,0.03662731283373922,127.00047772949709,0.06473368196807547,-0.3735121841793152,31,-0.7143769635399445,0.7460893196357691,-1.1693050696734324,0.23465126597835853,No Stress
19-20_N_FD_blue_2_3_A00420200108104634.png,83.61565237427122,0.028871434272828792,127.25805310171451,0.06763865087640772,-1.2216426722843714,31,-1.1763521753252388,0.9297370743269563,-1.1693050696734324,0.1912262721656567,No Stress
19-20_N_FD_blue_2_3_A00520200108104642.png,81.36127544949763,0.05242761766239577,127.83793710338445,0.05681067322466934,-0.16667623777109597,31,-0.6017137808258798,0.24520865204868478,-1.1693050696734324,0.27591859890574005,No Stress
19-20_N_FD_blue_2_3_A00620200108104648.png,79.96299567178914,0.034958946565821054,127.0962704069518,0.061108434055768025,0.20110496432032932,31,-0.40138399536273706,0.5169066122461758,-1.1693050696734324,0.27111833202060004,No Stress
19-20_N_FD_blue_2_3_A00720200108104652.png,79.86206997991208,0.043319297006802496,126.56905536364171,0.06099137248494447,0.11259760289797427,31,-0.44959380223927675,0.5095061562272811,-1.1693050696734324,0.2683734702351447,No Stress
19-20_N_FD_blue_2_3_A00820200108104656.png,81.77807136152565,0.05218347743725295,126.58031996493536,0.06054397010165331,-0.6478843362733819,31,-0.863827000827064,0.4812220520844669,-1.1693050696734324,0.24241429915769924,No Stress
19-20_N_FD_blue_2_3_A00920200108104703.png,79.1280285460897,0.046653870334939174,127.90425651509537,0.0565020798765169,0.7411815649551912,35,-0.10720520394111935,0.2256998458310763,0.9057636644735128,0.4965855696715341,Mild Stress
19-20_N_FD_blue_2_3_A01020200108104707.png,78.3481252568285,0.02564091812506545,126.96910929782042,0.06125621856987,0.8120015430674776,35,-0.06862968419986834,0.5262493264195048,0.9057636644735128,0.478965041562127,Mild Stress
19-20_N_FD_blue_2_3_A01120200108104711.png,78.6795682540801,0.03102458186160251,125.35364500303861,0.06544394198582425,0.2774425527791706,31,-0.35980304279699993,0.790990887130125,-1.1693050696734324,0.25548001700184714,No Stress
19-20_N_FD_blue_2_4_A01320200108104727.png,79.87443255881318,0.04074403591880679,128.8222217624299,0.05017628709330711,0.6700428296537808,35,-0.14595435017265562,-0.17420723680449599,0.9057636644735128,0.5208772723650514,Mild Stress
19-20_N_FD_blue_2_4_A01420200108104731.png,81.01720028882795,0.027492914950070776,128.97107129292246,0.0514625926156532,0.24551022793195898,31,-0.3771965249804397,-0.09288894098791467,-1.1693050696734324,0.31376041618955364,No Stress
19-20_N_FD_blue_2_4_A01520200108104734.png,84.08373330464573,0.03592707833354328,128.64543370682378,0.05457485908238913,-1.0595604177356108,31,-1.0880662512581787,0.1038638528121617,-1.1693050696734324,0.252713172883218,No Stress
19-20_N_FD_blue_2_4_A01620200108104738.png,84.63308454135054,0.04034620013703271,128.58247721232485,0.05957736824643413,-1.2934933434110434,31,-1.2154891117709763,0.4201149401005212,-1.1693050696734324,0.22287139302326306,No Stress
19-20_N_FD_blue_2_4_A01720200108104742.png,82.87971153096281,0.043738276327545594,128.26559838444206,0.05917786817711714,-0.6701766195599674,31,-0.8759695690249218,0.3948591480269466,-1.1693050696734324,0.24740640413666595,No Stress
19-20_N_FD_blue_2_4_A01820200108104806.png,81.15151677785852,0.028890613646753042,129.12485963405774,0.048623304533267915,0.23071991214739285,31,-0.38525278443906674,-0.2723844528868208,-1.1693050696734324,0.3252915246894625,No Stress
19-20_N_FD_blue_2_4_A01920200108104811.png,82.89211500958686,0.04765162812782627,128.51685895019747,0.05453946543366759,-0.6109531964406401,31,-0.8437106727561058,0.10162631970143027,-1.1693050696734324,0.2692991757084923,No Stress
19-20_N_FD_blue_2_4_A02020200108104815.png,82.0774813845021,0.05382538253803361,128.62426969969724,0.05544657029532562,-0.25608624498821797,31,-0.6504152573075721,0.15897212145343437,-1.1693050696734324,0.2784432294986328,No Stress
19-20_N_FD_blue_2_4_A02120200108104818.png,83.80894173891905,0.03633011911499744,128.7139818491208,0.053602249955302335,-0.9323656915971696,31,-1.0187835036504778,0.04237697015764489,-1.1693050696734324,0.26150881783373414,No Stress
19-20_N_FD_blue_2_4_A02220200108104822.png,84.6318365447492,0.04394484628914399,128.2135100113533,0.057758633325301394,-1.3839764188601649,31,-1.2647750866649892,0.3051372604129839,-1.1693050696734324,0.22728985708406493,No Stress
19-20_N_FD_blue_2_4_A02320200108104833.png,82.6369779627695,0.0344048960654026,128.94780244638758,0.053142596337116085,-0.4057988598880158,31,-0.7319634600255213,0.013318361415409673,-1.1693050696734324,0.2827550083146447,No Stress
19-20_N_FD_blue_2_4_A02420200108104937.png,81.89713768310683,0.04472706073980854,128.91998495040662,0.05510789641798085,-0.11320436438214898,31,-0.5725877437598058,0.13756166953137472,-1.1693050696734324,0.28511803547716097,No Stress
19-20_N_FD_blue_2_4_A02520200108104941.png,82.75420346102356,0.035167012605121666,128.53902555851684,0.05750010449043111,-0.5546165403684213,31,-0.8130241935111635,0.2887934572450134,-1.1693050696734324,0.25877419135808893,No Stress
19-20_N_FD_blue_2_4_A02620200108104945.png,83.41165608068346,0.053613100914979554,128.2777694352564,0.057234512142152354,-0.8764554881390438,31,-0.9883293124077651,0.27200310940870714,-1.1693050696734324,0.24811239134486723,No Stress
19-20_N_FD_blue_3_3_A00120200108105046.png,82.55630513117347,0.03357600560877217,129.32828422820432,0.0569471615419066,-0.2786993934552413,31,-0.6627326002149425,0.25383723768700467,-1.1693050696734324,0.2712340720387811,No Stress
19-20_N_FD_blue_3_3_A00220200108105049.png,83.93402934719442,0.04184154452104248,129.44632595079744,0.059447733562334217,-0.7973857105960462,31,-0.9452601411675517,0.4119196308162239,-1.1693050696734324,0.2415983796071127,No Stress
19-20_N_FD_blue_3_3_A00320200108105053.png,83.95735738875841,0.044327724333015635,129.60438048968822,0.06000654065606118,-0.7663331295647495,31,-0.9283458539209455,0.4472465727928186,-1.1693050696734324,0.24035993323943028,No Stress
19-20_N_FD_blue_3_3_A00420200108105057.png,83.27106870533754,0.05847738432648618,129.34992614475627,0.06101534640785646,-0.550478861431678,31,-0.8107704069418676,0.5110217514893505,-1.1693050696734324,0.24397857204040352,No Stress
19-20_N_FD_blue_3_3_A00520200108105103.png,81.88215962822741,0.027679833612158655,129.61075995645322,0.054749222876296376,0.059514079586591606,31,-0.4785083056889487,0.11488686898237156,-1.1693050696734324,0.29297099665254195,No Stress
19-20_N_FD_blue_3_3_A00620200108105107.png,81.5028589452231,0.022034501443536702,129.35453347028235,0.0571969299930094,0.14520186498658916,31,-0.4318343170011687,0.2696272226008392,-1.1693050696734324,0.28570238715110596,No Stress
19-20_N_FD_blue_3_3_A00720200108105112.png,82.85227540157078,0.03178262725204013,128.86823452451705,0.059843204690497,-0.5127276099608338,31,-0.79020736547832,0.43692071930428655,-1.1693050696734324,0.25034573527022314,No Stress
19-20_N_FD_blue_3_3_A00820200108105129.png,82.99737233455178,0.024519503967595405,129.15844983859202,0.052044878529326155,-0.5007546477840563,31,-0.783685713663076,-0.05607770341231622,-1.1693050696734324,0.2839437596159942,No Stress
19-20_N_FD_blue_3_3_A00920200108105133.png,83.19586585601859,0.04070442523528938,129.2805000967617,0.05257191343325759,-0.5439747693846542,31,-0.8072276392392135,-0.02275935137306503,-1.1693050696734324,0.28011930272420754,No Stress
19-20_N_FD_blue_3_3_A01020200108105136.png,85.16419087054327,0.044902753170047965,129.50828738080546,0.056116244475590306,-1.2728885394064307,31,-1.2042657106230077,0.20130791349152427,-1.1693050696734324,0.23834337964820487,No Stress
19-20_N_FD_blue_3_3_A01120200108105140.png,85.99549201645571,0.05716942767501076,129.81406144097852,0.05566195400645664,-1.5246721466514046,31,-1.3414118065509426,0.17258835494660998,-1.1693050696734324,0.2310505447283339,No Stress
19-20_N_FD_blue_3_4_A01320200108105201.png,83.61443860577495,0.03902747182860144,129.43534049561688,0.04584407916094652,-0.6732807032657533,31,-0.877660358057378,-0.4480828908093883,-1.1693050696734324,0.30398947539423377,No Stress
19-20_N_FD_blue_3_4_A01420200108105205.png,84.89727524524415,0.04355795629182104,129.3901967225081,0.04959897523082543,-1.196115632768496,31,-1.1624476409970999,-0.21070402236293956,-1.1693050696734324,0.2688682621311787,No Stress
19-20_N_FD_blue_3_4_A01520200108105208.png,86.30791259691874,0.044482932232224416,129.51615748665793,0.05116511530834033,-1.7285566408217363,31,-1.4524673383294553,-0.11169500786281011,-1.1693050696734324,0.24270195411322437,No Stress
19-20_N_FD_blue_3_4_A01620200108105213.png,87.00541618248675,0.04235048789400698,129.54913563935628,0.050859535055328926,-2.000059892392727,31,-1.6003546904574784,-0.13101333074831295,-1.1693050696734324,0.23405432292712888,No Stress
19-20_N_FD_blue_3_4_A01720200108105217.png,86.50577359894262,0.041475730306679504,129.53537763848328,0.0510248730584491,-1.8039485243488897,31,-1.4935331670525407,-0.12056091146387522,-1.1693050696734324,0.24053616754459536,No Stress
19-20_N_FD_blue_3_4_A01820200108105225.png,82.72387889546673,0.037499083898449144,129.5088067881078,0.0528994485878157,-0.29922518179528623,31,-0.673912961666915,-0.0020530727122165197,-1.1693050696734324,0.2876934121966067,No Stress
19-20_N_FD_blue_3_4_A01920200108105229.png,81.88599286234582,0.038386255335789654,129.31296619584194,0.053528081069734265,-0.012720406610313262,31,-0.5178543055404286,0.03768812503319107,-1.1693050696734324,0.29551699526719366,No Stress
19-20_N_FD_blue_3_4_A02020200108105232.png,82.25627401258633,0.0599684737164329,129.43889666071348,0.0543443101799146,-0.12179647405540805,31,-0.5772678510565673,0.08928889878614005,-1.1693050696734324,0.28805010456209507,No Stress
19-20_N_FD_blue_3_4_A02120200108105236.png,81.71128050985719,0.04775089007993542,129.2589470131081,0.05013351356015921,0.04693736086213107,31,-0.4853588226527688,-0.1769113150823359,-1.1693050696734324,0.3121367502321129,No Stress
19-20_N_FD_blue_3_4_A02220200108105244.png,80.63998225290426,0.043675765445087084,129.46130237631985,0.044490585601925425,0.5246192108240386,33,-0.22516634414018336,-0.5336487130081226,-0.13177070259995977,0.446678753648508,Mild Stress
19-20_N_FD_blue_3_4_A02320200108105249.png,83.74054286218912,0.06316533132069506,129.59506109407363,0.041156781056326405,-0.6753440053949973,31,-0.8787842351629684,-0.744406810150727,-1.1693050696734324,0.32384480996753334,No Stress
19-20_N_FD_blue_3_4_A02420200108105254.png,84.51873942320209,0.05412559220185116,129.08039747064137,0.037196101098657425,-1.1184524443498418,31,-1.1201446364231329,-0.994795025731967,-1.1693050696734324,0.3244520262553529,No Stress
19-20_N_FD_blue_4_3_A00120200108105319.png,78.7262961292145,0.054244119618468783,129.39012677760584,0.047913140486884186,1.2759986845821203,35,0.18410875726085948,-0.3172799532161701,0.9057636644735128,0.552700675945589,Mild Stress
19-20_N_FD_blue_4_3_A00220200108105324.png,81.04089034964213,0.041188757990656084,129.16739447482232,0.05836650355371496,0.2899085441454545,31,-0.3530128388339049,0.34356589979414015,-1.1693050696734324,0.28603080731750763,No Stress
19-20_N_FD_blue_4_3_A00320200108105328.png,82.14758794641365,0.023832392342799616,129.39057227808772,0.05839118631436159,-0.10305077172355226,31,-0.5670570993782825,0.34512630670910965,-1.1693050696734324,0.2715291061133067,No Stress
19-20_N_FD_blue_4_3_A00420200108105332.png,81.98539639813383,0.049941117817502406,129.3928036535676,0.057557469842132815,-0.028478254625511568,31,-0.5264375781337373,0.292420008292383,-1.1693050696734324,0.277806257565142,No Stress
19-20_N_FD_blue_4_3_A00520200108105340.png,79.73656006407057,0.04429591550044951,128.55723792072524,0.057986337336954095,0.6601890249782372,35,-0.15132170055767247,0.3195323647303661,0.9057636644735128,0.48730703489769106,Mild Stress
19-20_N_FD_blue_4_3_A00620200108105345.png,80.43383326711694,0.041902562574320026,128.90716047543373,0.060951958065250895,0.46792270891266696,33,-0.25604883079210394,0.5070144360376366,-0.13177070259995977,0.3746059417810039,Mild Stress
19-20_N_FD_blue_4_3_A00720200108105349.png,80.04048020636968,0.03388646360405345,128.34563614115157,0.060620652478443886,0.4820772150014392,33,-0.24833889577645948,0.4860697963345274,-0.13177070259995977,0.37653326592292297,Mild Stress
19-20_N_FD_blue_4_3_A00820200108105353.png,81.76335699243428,0.031100291872991678,128.14936021904853,0.06499248634021179,-0.25711764005603044,31,-0.6509770564193474,0.7624505418542832,-1.1693050696734324,0.23781511656437235,No Stress
19-20_N_FD_blue_4_3_A00920200108105407.png,78.46589732271701,0.031725888324738445,127.60207035295316,0.055208732105853205,0.9252627200651453,35,-0.006936516739924378,0.14393634969314317,0.9057636644735128,0.5088291651532048,Mild Stress
19-20_N_FD_blue_4_3_A01020200108105411.png,79.08357495805562,0.0527306731599797,128.50267983782902,0.058970511431090354,0.9106957118409973,35,-0.01487114095613971,0.38175036716575916,0.9057636644735128,0.49229996188917224,Mild Stress
19-20_N_FD_blue_4_3_A01120200108105417.png,81.36688542475989,0.027118840196274283,128.95230439885606,0.06426033482989676,0.10081352387875597,31,-0.4560125697248805,0.7161650272047274,-1.1693050696734324,0.2540417385398161,No Stress
19-20_N_FD_blue_4_3_A01220200108105423.png,79.98778481533273,0.023616023689957983,128.79985193715555,0.06496978703837764,0.6131146664472773,35,-0.17696302233185596,0.7610155262150646,0.9057636644735128,0.45588795774499274,Mild Stress
19-20_N_FD_blue_4_4_A01420200108105448.png,76.90820568694055,0.019859428742251023,129.02171377299237,0.049225269627608044,1.8990969685316585,35,0.5235093161698858,-0.23432912717887708,0.9057636644735128,0.569949641117942,Mild Stress
19-20_N_FD_blue_4_4_A01520200108105452.png,78.1998226175371,0.03099525141192623,128.74652130923533,0.05606853779906168,1.3175496182881687,35,0.2067414790742401,0.1982919693266379,0.9057636644735128,0.5195452851785332,Mild Stress
19-20_N_FD_blue_4_4_A01620200108105456.png,77.63649849109534,0.04294215157035346,128.4913716155906,0.057469487058395906,1.4832732605091365,35,0.29701086071611144,0.28685786935230057,0.9057636644735128,0.5196598623892039,Mild Stress
19-20_N_FD_blue_4_4_A01720200108105500.png,80.59168372526503,0.04676968395806593,128.40194218383346,0.05991251902454505,0.2801814452376732,31,-0.35831117280609687,0.44130266700063836,-1.1693050696734324,0.27910060367931555,No Stress
19-20_N_FD_blue_4_4_A01820200108105507.png,74.18919583212633,0.03297079503843533,127.33570343840799,0.05789574273547205,2.5697873050149163,35,0.8888331838821191,0.3138051106101587,0.9057636644735128,0.5576537043224965,Mild Stress
19-20_N_FD_blue_4_4_A01920200108105511.png,75.56808800947847,0.03124131175855889,127.93502371756212,0.05683765041989467,2.167455184714637,35,0.669683572954885,0.24691410965850222,0.9057636644735128,0.5474126975128961,Mild Stress
19-20_N_FD_blue_4_4_A02020200108105516.png,78.20968158803466,0.03778997097626087,128.65625066203418,0.05956695772888651,1.2934165201363754,35,0.19359622219918124,0.41945680287663917,0.9057636644735128,0.503785445836863,Mild Stress
19-20_N_FD_blue_4_4_A02120200108105519.png,78.49941316791872,0.02416816022835959,127.74826386682089,0.061750427597172274,0.9457595556176592,35,0.004228074178693864,0.5574924760283879,0.9057636644735128,0.4817640654850269,Mild Stress
19-20_N_FD_blue_4_4_A02220200108105523.png,78.62832696036754,0.05590340454558212,127.32855186393543,0.06356400018732683,0.8003733734277922,35,-0.07496352811576301,0.6721438009345037,0.9057636644735128,0.468726072180265,Mild Stress
19-20_N_FD_blue_4_4_A02320200108105540.png,72.94655874994058,0.04384369071727239,128.29932631269634,0.051388043963187295,3.3115533699488964,35,1.2928718781031587,-0.0976017944030916,0.9057636644735128,0.6125010718109853,Mild Stress
19-20_N_FD_blue_4_4_A02420200108105545.png,73.97066931493245,0.041872848997303765,128.51023063883704,0.05350241445841585,2.9539454308853372,35,1.0980834514377011,0.03606552056205954,0.9057636644735128,0.5904089386486575,Mild Stress
19-20_N_FD_blue_4_4_A02520200108105548.png,73.85712565528334,0.031457900598919473,128.3763981886442,0.05500139224171337,2.9622595502573326,35,1.1026121378975728,0.13082863607939668,0.9057636644735128,0.5843397160110272,Mild Stress
19-20_N_FD_blue_4_4_A02620200108105552.png,75.93860553963705,0.04314125013247101,128.68357423325904,0.05725514126578744,2.210550780006301,35,0.6931576692656567,0.2733072515032971,0.9057636644735128,0.547216360733017,Mild Stress
19-20_N_FD_blue_4_4_A02720200108105556.png,76.07672321436104,0.05733362577268445,128.708502399973,0.056119927497155456,2.1665030832692764,35,0.6691649649422853,0.20154074856214377,0.9057636644735128,0.5504296555151227,Mild Stress
19-20_N_FD_blue_5_3_A00120200108105627.png,74.71862012348424,0.02230669243521222,128.15036600591768,0.052130179515071824,2.557950794438046,35,0.882385857017634,-0.050685103698011325,0.9057636644735128,0.5817358869263433,Mild Stress
19-20_N_FD_blue_5_3_A00220200108105633.png,75.89553289376047,0.02928318527771839,128.6260309114423,0.054397268534011556,2.2085436852035905,35,0.6920644081937348,0.09263684608917362,0.9057636644735128,0.559294828797004,Mild Stress
19-20_N_FD_blue_5_3_A00320200108105637.png,76.83283248833227,0.026252392304224506,128.03841117415976,0.06024737451132462,1.6856581355135098,35,0.4072495525254129,0.46247172602798514,0.9057636644735128,0.515262688996627,Mild Stress
19-20_N_FD_blue_5_3_A00420200108105650.png,77.28789621996565,0.042990178913665356,127.77332716389041,0.05954510385946446,1.4432198656061281,35,0.27519384570185423,0.4180752341998928,0.9057636644735128,0.5093666768247256,Mild Stress
19-20_N_FD_blue_5_3_A00520200108105705.png,76.4730211087402,0.022847257053860665,127.76774859941001,0.0620760617481798,1.760725246325272,35,0.4481384781114465,0.5780785761108275,0.9057636644735128,0.5102371159029689,Mild Stress
19-20_N_FD_blue_5_3_A00620200108105711.png,78.6647183201792,0.031946741474105776,127.26309795465488,0.06924673173844856,0.7610685201079761,35,-0.09637281382270817,1.0313975219925435,0.9057636644735128,0.44312244657860966,Mild Stress
19-20_N_FD_blue_5_3_A00720200108105715.png,78.80548813434308,0.023010883641847512,127.3853958506651,0.06843019293494945,0.7322075182036905,35,-0.11209335170462971,0.9797771698948927,0.9057636644735128,0.44553708994035873,Mild Stress
19-20_N_FD_blue_5_3_A00820200108105719.png,76.8094395005358,0.032271181271650275,127.05025138398851,0.06715553233118705,1.4500819592278837,35,0.27893161624384233,0.8991950482746416,0.9057636644735128,0.4772576699226915,Mild Stress
19-20_N_FD_blue_5_3_A00920200108105727.png,76.29088702982311,0.032850118142781146,127.90288013283096,0.060005087623976154,1.8708627626284695,35,0.5081301929870158,0.4471547142950756,0.9057636644735128,0.5230782138301614,Mild Stress
19-20_N_FD_blue_5_3_A01020200108105732.png,74.69985426742983,0.04124020529266378,127.3645468561894,0.05872552552148224,2.375629078927851,35,0.7830755335271201,0.3662627273147916,0.9057636644735128,0.5470120491307124,Mild Stress
19-20_N_FD_blue_5_3_A01120200108105737.png,73.53814122291317,0.03141965744834595,126.71999915104952,0.057714236491412586,2.6757401787040322,35,0.9465455311544728,0.302330559509683,0.9057636644735128,0.5623072572314908,Mild Stress
19-20_N_FD_blue_5_3_A01220200108105742.png,75.17309694071848,0.047721406507647265,126.75898954851267,0.06040183279230023,2.0372111031184517,35,0.5987398466968971,0.472236345681321,0.9057636644735128,0.5274856685083805,Mild Stress
19-20_N_FD_blue_5_3_A01320200108105746.png,76.98624507781344,0.030828266427734022,127.37637936301361,0.06305545476730394,1.4603867028777344,35,0.28454459230919893,0.6399943261921706,0.9057636644735128,0.49506920049191416,Mild Stress
19-20_N_FD_blue_5_4_A01520200108105815.png,73.62653458386201,0.04065789924882266,127.3157813518055,0.048531795987748254,2.7925617691436564,35,1.0101780496658876,-0.2781694851711732,0.9057636644735128,0.6056320056118646,Mild Stress
19-20_N_FD_blue_5_4_A01620200108105819.png,74.28162491560342,0.05049945466799465,126.76602669528937,0.05418550427659941,2.3965315167147736,35,0.7944610552821716,0.07924942900321465,0.9057636644735128,0.5670825354484925,Mild Stress
19-20_N_FD_blue_5_4_A01720200108105823.png,73.68264903654023,0.03359077719652498,126.7766145987177,0.05843872520198932,2.632850807082118,35,0.923183764520377,0.34813164351264914,0.9057636644735128,0.5576553217878456,Mild Stress
19-20_N_FD_blue_5_4_A01820200108105827.png,71.93847231627863,0.046778600284675155,125.84524671321486,0.06395282258514319,3.1022952618918964,35,1.1788893481231162,0.6967245667140632,0.9057636644735128,0.5514076627719892,Mild Stress
19-20_N_FD_blue_5_4_A01920200108105834.png,72.02421623192866,0.06827139278570762,128.19076748142638,0.04859095896836405,3.6619003650601236,35,1.483705281140549,-0.2744292907340605,0.9057636644735128,0.6372301677528116,Mild Stress
19-20_N_FD_blue_5_4_A02020200108105838.png,72.70714071900467,0.0727141646531976,128.4003052418114,0.04562412126603851,3.4426699804796,35,1.3642908693645468,-0.4619882973046502,0.9057636644735128,0.6418136146885269,Mild Stress
19-20_N_FD_blue_5_4_A02120200108105843.png,75.46628171186758,0.046444727022382504,128.09126764086636,0.04961285128037187,2.2525598799273894,35,0.7160399534249198,-0.20982679943092195,0.9057636644735128,0.5812513275194114,Mild Stress
19-20_N_FD_blue_5_4_A02220200108105850.png,76.82779854037356,0.06170798445993531,128.34411985510397,0.04732493539784531,1.7765083421875438,35,0.4567355031634423,-0.354465392134322,0.9057636644735128,0.5735388321257566,Mild Stress
19-20_N_FD_blue_5_4_A02320200108105855.png,78.49528747617263,0.06294498118223274,128.0523509669431,0.051255152194990404,1.0370034946805013,35,0.05392849016876218,-0.10600301163343775,0.9057636644735128,0.5297340561939247,Mild Stress
19-20_N_FD_blue_5_4_A02420200108105902.png,71.75645531206125,0.029444594629819378,127.05446356160562,0.05148429274459789,3.47133937369734,35,1.3799070383258973,-0.09151709155235899,0.9057636644735128,0.6179458488605063,Mild Stress
19-20_N_FD_blue_5_4_A02520200108105908.png,72.49346316990533,0.02462743116937999,127.02564649728684,0.05465578045174053,3.1676459572688636,35,1.2144857590062386,0.1089795797809756,0.9057636644735128,0.5933339847104696,Mild Stress
19-20_N_FD_blue_5_4_A02620200108105912.png,72.37218019345607,0.027253489149036345,127.7577429553029,0.053015145273836,3.400102382645457,35,1.3411043723568086,0.00526109734719312,0.9057636644735128,0.6088265980136484,Mild Stress
19-20_N_FD_blue_5_4_A02720200108105918.png,75.06130153378702,0.047944891885505214,128.00101142536056,0.05462823507283174,2.3925129549852606,35,0.7922721516498875,0.10723820245531551,0.9057636644735128,0.5650527665141205,Mild Stress
19-20_N_FD_blue_5_4_A02820200108105924.png,75.62872123651906,0.07110730082968413,127.57150489538293,0.05639039721054484,2.0662752845285013,35,0.61457105610463,0.21863943606735559,0.9057636644735128,0.5456075678350696,Mild Stress
19-20_N_FD_blue_6_3_A00120200108105952.png,75.56803021547098,0.02941467844452483,129.26526046396432,0.04301114056672324,2.499398167258267,35,0.8504923421383374,-0.6271769976395362,0.9057636644735128,0.6183659054807501,Mild Stress
19-20_N_FD_blue_6_3_A00220200108105955.png,77.88743725193221,0.03860314489400613,129.60675277979584,0.04266638496076015,1.6602243948889743,35,0.3933958379422194,-0.6489719272756921,0.9057636644735128,0.5890872565425167,Mild Stress
19-20_N_FD_blue_6_3_A00320200108110001.png,79.23203413686383,0.02831218032170298,129.67654753647525,0.0433703446434194,1.1362324924858775,35,0.10797835386226368,-0.6044686574669584,0.9057636644735128,0.5668965857637378,Mild Stress
19-20_N_FD_blue_6_3_A00420200108110005.png,78.99426235154442,0.04642794915517005,129.67515022833086,0.04305544073237803,1.2373323986692562,35,0.16304729811740098,-0.6243764079562477,0.9057636644735128,0.5719395639018027,Mild Stress
19-20_N_FD_blue_6_3_A00520200108110042.png,74.4323372644479,0.025131153733054388,129.13720569102279,0.04476843935052002,2.920162420783104,35,1.0796819041927792,-0.5160832179298216,0.9057636644735128,0.6263090997038645,Mild Stress
19-20_N_FD_blue_6_3_A00620200108110048.png,75.98630040163314,0.04270366459041442,128.93631661663576,0.05029271042306478,2.254505276112326,35,0.7170996073663202,-0.16684712942353866,0.9057636644735128,0.5784317617158149,Mild Stress
19-20_N_FD_blue_6_3_A00720200108110052.png,76.80625782964377,0.05424209048312899,129.080263832721,0.049514284697953104,1.9665475579918343,35,0.5602495357327131,-0.21605803016694472,0.9057636644735128,0.571191885545639,Mild Stress
19-20_N_FD_blue_6_3_A00820200108110057.png,76.7713239907969,0.05923865300121632,128.5236017569546,0.05324972878194041,1.8431043714703144,35,0.49301024527382936,0.0200911130583387,0.9057636644735128,0.5507857947780174,Mild Stress
19-20_N_FD_blue_6_3_A00920200108110105.png,77.02333632726382,0.03844206744493165,129.29603984649302,0.04299224124544583,1.9281301543234513,35,0.539323642317897,-0.6283717842370204,0.9057636644735128,0.5975168713497808,Mild Stress
19-20_N_FD_blue_6_3_A01020200108110109.png,76.90196785911199,0.040322057535593675,129.15221921318067,0.04348781209917592,1.9413803797878266,35,0.5465410172395133,-0.5970425420145367,0.9057636644735128,0.5958950924746158,Mild Stress
19-20_N_FD_blue_6_3_A01120200108110113.png,77.36579396606824,0.04331680164382441,129.54493086625513,0.04655041807019584,1.855076010711823,35,0.49953117648851764,-0.403429209882686,0.9057636644735128,0.5797106313631152,Mild Stress
19-20_N_FD_blue_6_3_A01220200108110118.png,79.31493375909517,0.03842825628572183,128.5586539750637,0.05421839309910022,0.8271398798278575,35,-0.06038385831689721,0.08132861077668756,0.9057636644735128,0.5094452990555656,Mild Stress
19-20_N_FD_blue_6_4_A01420200108110141.png,72.06307966731492,0.03968324584020912,128.89782602248124,0.04091351898308077,3.813113774738415,35,1.5660709641818267,-0.7597854716658106,0.9057636644735128,0.6754154859810507,Severe Stress
19-20_N_FD_blue_6_4_A01520200108110146.png,74.99668271053456,0.053740089339947006,129.4203191191257,0.04082604276800039,2.775215726836585,35,1.000729690385289,-0.7653155860991585,0.9057636644735128,0.6377622465613012,Mild Stress
19-20_N_FD_blue_6_4_A01620200108110150.png,76.94632383745287,0.06722712771072788,129.73131707002673,0.04083219524493878,2.0778292272242886,35,0.6208644687324052,-0.764926635782932,0.9057636644735128,0.6121861194369353,Mild Stress
19-20_N_FD_blue_6_4_A01720200108110154.png,77.40204238905454,0.06132412335004529,129.44586377886358,0.042493330271823615,1.822112432266593,35,0.48157597225165494,-0.659912183803333,0.9057636644735128,0.5957541543796608,Mild Stress
19-20_N_FD_blue_6_4_A01820200108110201.png,74.12046355220102,0.038959597454331474,128.41850837814283,0.039471994779667466,2.8700775327643164,35,1.052400752207053,-0.8509164584830979,0.9057636644735128,0.6469952404339835,Mild Stress
19-20_N_FD_blue_6_4_A01920200108110207.png,76.38867762216398,0.04858822016027806,129.1585599202457,0.039056972835880416,2.151174808251927,35,0.6608156800188476,-0.877153520059024,0.9057636644735128,0.6224217107980933,Mild Stress
19-20_N_FD_blue_6_4_A02020200108110212.png,76.74381632474346,0.04467690446034774,129.64075374364117,0.03955900295662173,2.1282988225740276,35,0.6483551701367458,-0.8454159327144427,0.9057636644735128,0.6194489198686185,Mild Stress
19-20_N_FD_blue_6_4_A02120200108110220.png,75.66943804304455,0.03561395079910257,129.188839034877,0.04127939414310251,2.441899424281111,35,0.8191728761636988,-0.7366553956630878,0.9057636644735128,0.6236229228374198,Mild Stress
19-20_N_FD_blue_6_4_A02220200108110225.png,76.89700241740532,0.07678485092636267,129.3814705882353,0.04449215549114138,2.0134413779209197,35,0.5857925184423233,-0.5335494669787425,0.9057636644735128,0.594264589459129,Mild Stress
19-20_N_FD_blue_7_3_A00120200108110251.png,78.16970339423416,0.03694789133446842,129.65674378000872,0.04126117516949908,1.5592363492755794,35,0.338387823946321,-0.7378071717063535,0.9057636644735128,0.5913624966572656,Mild Stress
19-20_N_FD_blue_7_3_A00220200108110255.png,79.67616684604451,0.026840950729861722,129.65158523460158,0.04575527873016133,0.9518239029880426,35,0.007531313715609846,-0.4536967201631328,0.9057636644735128,0.5499994443857633,Mild Stress
19-20_N_FD_blue_7_3_A00320200108110259.png,79.69449135306371,0.03586968580112716,129.27375596287303,0.045568105312979786,0.8531968395231644,35,-0.0461906773824215,-0.46552954140423924,0.9057636644735128,0.5471819533169687,Mild Stress
19-20_N_FD_blue_7_3_A00420200108110303.png,81.73851720513787,0.052730598589360286,129.12139871472925,0.04639748421862861,0.003398506133443391,31,-0.5090743616131879,-0.4130974574071391,-1.1693050696734324,0.32642765237711197,No Stress
19-20_N_FD_blue_7_3_A00520200108110309.png,79.59798768400871,0.025371267019687015,130.03881243297695,0.047128123577457534,1.0793879780976425,35,0.07701524506987675,-0.3669075386947307,0.9057636644735128,0.5488354827267864,Mild Stress
19-20_N_FD_blue_7_3_A00620200108110313.png,78.77382516381202,0.04950672792087448,129.5184212029474,0.04696890052064613,1.287402589984346,35,0.19032044483401048,-0.37697338029276306,0.9057636644735128,0.5571334940832549,Mild Stress
19-20_N_FD_blue_7_3_A00720200108110317.png,78.1822771502616,0.04062148550176592,128.91480856681824,0.05029337669372743,1.3700088015255396,35,0.23531590556410123,-0.16680500879675292,0.9057636644735128,0.546023863539625,Mild Stress
19-20_N_FD_blue_7_3_A00820200108110321.png,76.51360706856458,0.06446141837162904,128.6350632844141,0.05061429758592168,1.9758844901077595,35,0.5653353465273666,-0.14651687383051593,0.9057636644735128,0.566856579760867,Mild Stress
19-20_N_FD_blue_7_3_A00920200108110329.png,80.0864015329107,0.0597672095722944,129.38233483498786,0.04499485515679806,0.7319416189329857,35,-0.11223818657806037,-0.5017695520140552,0.9057636644735128,0.5451770828137931,Mild Stress
19-20_N_FD_blue_7_3_A01020200108110333.png,80.38164816368683,0.03966307364600278,129.1103522558575,0.047884880661336233,0.5388108742657423,33,-0.2174361695785839,-0.3190664967812183,-0.13177070259995977,0.43276575938424994,Mild Stress
19-20_N_FD_blue_7_3_A01120200108110339.png,80.44138267801563,0.04883519659511833,128.8963467890491,0.05084113884966706,0.46462594486431286,33,-0.2578445724743153,-0.13217631113510775,-0.13177070259995977,0.41747751792819743,Mild Stress
19-20_N_FD_blue_7_4_A01320200108110405.png,72.15605155991165,0.05191365267785446,129.41535236057427,0.0403152248396744,3.909587244616155,35,1.6186198965731244,-0.7976087253902528,0.9057636644735128,0.6814939742422941,Severe Stress
19-20_N_FD_blue_7_4_A01420200108110411.png,74.4193105982278,0.04915448307663419,129.3851609430141,0.045145819583246705,2.9957700655392294,35,1.1208652576845732,-0.4922258085763835,0.9057636644735128,0.6274744532555101,Mild Stress
19-20_N_FD_blue_7_4_A01520200108110416.png,74.61171445057832,0.035331961106700664,129.23378519201123,0.04368900301286993,2.8761267041588248,35,1.0556957254161252,-0.5843235557774736,0.9057636644735128,0.6292856613871213,Mild Stress
19-20_N_FD_blue_7_4_A01620200108110421.png,73.67179141304757,0.06020250428317001,128.60899581502318,0.04380519533272306,3.1046032650358732,35,1.180146513448728,-0.5769780524943977,0.9057636644735128,0.6371622341389179,Mild Stress
19-20_N_FD_blue_7_4_A01720200108110427.png,75.64813769867911,0.07031562125420499,129.0085793954471,0.04087511970157978,2.4175002368291025,35,0.8058826809064632,-0.7622130163493991,0.9057636644735128,0.6244480373408005,Mild Stress
19-20_N_FD_blue_7_4_A01820200108110435.png,71.887494466483,0.06071181443458969,127.92969532347973,0.04618730399028483,3.648675179328837,35,1.4765015453182915,-0.42638473456356685,0.9057636644735128,0.6469662557654455,Mild Stress
19-20_N_FD_blue_7_4_A01920200108110440.png,73.77521023337891,0.03773955732842514,128.63005615980663,0.04748447259539523,3.0606387916650384,35,1.1561991407491574,-0.34437969103241656,0.9057636644735128,0.6199068118613614,Mild Stress
19-20_N_FD_blue_7_4_A02020200108110445.png,74.6518885731472,0.04357511771154477,128.71581174420774,0.048242021645382785,2.733448797992093,35,0.9779793163931145,-0.29648858221551483,0.9057636644735128,0.6046984528285249,Mild Stress
19-20_N_FD_blue_7_4_A02120200108110449.png,74.55037553758463,0.07224725806089986,128.46661316542173,0.050608632926743016,2.7217896166428943,35,0.9716285804526186,-0.14687498504343421,0.9057636644735128,0.5942081968245007,Mild Stress
19-20_N_FD_blue_7_4_A02220200108110456.png,74.24640417523797,0.04998907545336872,127.98606605021993,0.04837140418551147,2.715451018868471,35,0.9681759571943703,-0.2883092130929324,0.9057636644735128,0.6034889235728497,Mild Stress
19-20_N_FD_blue_7_4_A02320200108110504.png,72.9568512,0.052492799999776026,129.61220266666666,0.043349608798378944,3.638682666666586,35,1.4710586409325235,-0.6057795463278964,0.9057636644735128,0.6586663669663331,Mild Stress
19-20_N_FD_blue_7_4_A02420200108110509.png,75.19216769540016,0.04176086856571388,129.35308891684184,0.04948452493981217,2.676021455048396,35,0.9466987418933626,-0.21793939720913913,0.9057636644735128,0.597311236334302,Mild Stress
19-20_N_FD_blue_7_4_A02520200108110512.png,74.46159002714721,0.04330646370083396,128.65316523158404,0.05225195863902198,2.7938125593324195,35,1.0108593529210552,-0.04298641108289972,0.9057636644735128,0.5898592737292447,Mild Stress
19-20_N_FD_blue_7_4_A02620200108110519.png,75.03654547923,0.03846676019353319,128.44964145688226,0.049214150892951086,2.5112555385962985,35,0.8569510318233914,-0.2350320368206638,0.9057636644735128,0.5924244120592328,Mild Stress
19-20_N_FD_blue_8_3_A00120200108110643.png,81.78939278114089,0.03992892708811831,128.61783847441168,0.045049849056589215,-0.14732236937259557,31,-0.5911717621416577,-0.4982929205811371,-1.1693050696734324,0.32663602995690544,No Stress
19-20_N_FD_blue_8_3_A00220200108110647.png,82.45313619922324,0.042417448702171845,128.37570216525262,0.050345734349797285,-0.4724828313303817,31,-0.7682861040783261,-0.163495036717347,-1.1693050696734324,0.29220450197184716,No Stress
19-20_N_FD_blue_8_3_A00320200108110651.png,82.42525784785444,0.014839281991264693,128.1104443199889,0.05336050253296048,-0.5372983104476177,31,-0.8035909835893211,0.027094062589125622,-1.1693050696734324,0.2770107354210526,No Stress
19-20_N_FD_blue_8_3_A00420200108110701.png,83.01516565277093,0.04720828936144042,128.15753209764367,0.05165336527044228,-0.7501603354209578,31,-0.919536560888182,-0.08082858137167158,-1.1693050696734324,0.27647110803997205,No Stress
19-20_N_FD_blue_8_3_A00520200108110710.png,82.65327350019768,0.020721502838728825,129.02650102507042,0.05157961396682082,-0.39743161781791514,31,-0.7274058377237573,-0.08549102759503052,-1.1693050696734324,0.2897075364305005,No Stress
19-20_N_FD_blue_8_3_A00620200108110714.png,82.72768801731615,0.0385681742639475,128.8068226958404,0.05126952883735868,-0.47587067197397914,31,-0.7701314550246381,-0.10509414197794553,-1.1693050696734324,0.288152302806104,No Stress
19-20_N_FD_blue_8_3_A00720200108110720.png,83.1035589194412,0.06476106123408848,128.50665888320785,0.05332227111693158,-0.6920924755425872,31,-0.8879070979205612,0.02467713010759944,-1.1693050696734324,0.27150214658553024,No Stress
19-20_N_FD_blue_8_3_A00820200108110734.png,80.18570806280985,0.05738762471713834,127.95183471965815,0.05259456532705353,0.3337611234415938,33,-0.32912641464353204,-0.02132733279854718,-0.13177070259995977,0.4052272880506428,Mild Stress
19-20_N_FD_blue_8_3_A00920200108110743.png,77.82296867331223,0.049757137779673374,126.27571208556874,0.05342243994993372,0.8571555502901766,35,-0.044034374466023235,0.031009652709860284,0.9057636644735128,0.513929459050026,Mild Stress
19-20_N_FD_blue_8_3_A01020200108110759.png,76.43583606264134,0.028445848967284734,126.93443698173316,0.04778301595185453,1.569230867515298,35,0.3438318207666711,-0.32550623013771907,0.9057636644735128,0.5639970508386762,Mild Stress
19-20_N_FD_blue_8_4_A01220200108110818.png,83.46809914510298,0.04423251887230546,129.62801324557591,0.048439491107333074,-0.5647549650419137,31,-0.8185465759174021,-0.2840048605470213,-1.1693050696734324,0.29692951615804736,No Stress
19-20_N_FD_blue_8_4_A01320200108110822.png,86.4368175104719,0.037811836678539615,130.00228000936215,0.04858374805588278,-1.6609228590107321,31,-1.4156273342095835,-0.2748851537495516,-1.1693050696734324,0.25615610379101067,No Stress
19-20_N_FD_blue_8_4_A01420200108110826.png,86.85610424360895,0.05690057120860378,129.98545540485327,0.04817530270028716,-1.8261626463072531,31,-1.505633160909934,-0.3007064533352477,-1.1693050696734324,0.25183901341853465,No Stress
19-20_N_FD_blue_8_4_A01520200108110830.png,89.00954294919376,0.0658806993159009,129.7384671267708,0.04845523160142066,-2.7461421532242483,31,-2.006744409127985,-0.28300977024205337,-1.1693050696734324,0.21694367608237103,No Stress
19-20_N_FD_blue_8_4_A01620200108110833.png,87.402462857752,0.05337902662218396,129.78987535681432,0.045473978310325194,-2.0948336445794595,31,-1.651977789558627,-0.47148010860092954,-1.1693050696734324,0.25348212462240427,No Stress
19-20_N_FD_blue_8_4_A01720200108110844.png,82.0856177657374,0.04487945785596599,130.07408782501906,0.04265187491607847,0.09998266020939184,31,-0.4564651397303249,-0.6498892304243129,-1.1693050696734324,0.34589293949586203,Mild Stress
19-20_N_FD_blue_8_4_A01820200108110850.png,84.34306980940566,0.04726191818763287,129.78492081393287,0.04791880526223433,-0.8744560489133733,31,-0.9872402213154324,-0.31692183465906587,-1.1693050696734324,0.28779709457973607,No Stress
19-20_N_FD_blue_8_4_A01920200108110857.png,85.23388204930079,0.0540962516576821,129.8356879129808,0.04642351259633988,-1.2156971533949275,31,-1.1731136614566229,-0.41145198261007043,-1.1693050696734324,0.2816532891326677,No Stress
19-20_N_FD_blue_8_4_A02020200108110901.png,85.92306142364417,0.049361742476425906,129.75798365144146,0.04759324869218894,-1.5124520467305587,31,-1.3347555392334176,-0.3375030301900447,-1.1693050696734324,0.26580730645417067,No Stress
19-20_N_FD_blue_8_4_A02120200108110912.png,81.9940222137489,0.05515307314770563,129.28853273637472,0.047647668689812496,-0.05617212580418851,31,-0.5415223819255557,-0.33406267998691536,-1.1693050696734324,0.31892925152532503,No Stress
19-20_N_FD_blue_8_4_A02220200108110919.png,84.7035401244835,0.06119569878658177,129.62426907030152,0.04867232143535217,-1.0539302876427215,31,-1.084999529122234,-0.26928567823767696,-1.1693050696734324,0.2780177071317307,No Stress
19-20_N_FD_blue_8_4_A02320200108110924.png,84.37246236981804,0.04152323323748001,129.86017573324756,0.04710490373866546,-0.869407882982209,31,-0.9844904940530774,-0.36837546189563825,-1.1693050696734324,0.29144284520504216,No Stress
19-20_N_FD_blue_8_4_A02420200108110928.png,84.81787835590401,0.051255246693390134,129.19686386315038,0.054013474728028886,-1.2099960402313243,31,-1.1700082749646787,0.06837398030395361,-1.1693050696734324,0.24958877291123213,No Stress
19-20_N_FD_blue_9_3_A00120200108110948.png,76.4750279475175,0.022076437510939136,128.97824296268902,0.04117145881529823,2.062276314794083,35,0.6123928241982303,-0.7434789043575383,0.9057636644735128,0.6101737239934851,Mild Stress
19-20_N_FD_blue_9_3_A00220200108110952.png,78.08568019489968,0.03644391229499179,129.04539067242052,0.048727795835352965,1.4398309594485035,35,0.27334791437189215,-0.26577867030593433,0.9057636644735128,0.5552389483410365,Mild Stress
19-20_N_FD_blue_9_3_A00320200108110955.png,78.95381559414889,0.0454910868093054,128.259650107826,0.05818976679715757,0.8993081696801966,35,-0.02107391549995289,0.3323928685027996,0.9057636644735128,0.49520257490817654,Mild Stress
19-20_N_FD_blue_9_3_A00420200108111000.png,80.41219461520599,0.04268970827256114,128.89237744888356,0.05536028617044145,0.4731579140338873,33,-0.25319722360602237,0.1535173691650289,-0.13177070259995977,0.39857417056105426,Mild Stress
19-20_N_FD_blue_9_3_A00520200108111006.png,76.14344200595497,0.04275116255711271,128.72689521929678,0.04557996901366867,2.1393099093371966,35,0.6543528900757691,-0.46477953613306666,0.9057636644735128,0.5942504943789243,Mild Stress
19-20_N_FD_blue_9_3_A00620200108111009.png,76.26396617420122,0.054168442217483966,128.54856045906442,0.04807578656662563,2.0505125998617366,35,0.605985148995568,-0.30699771326924125,0.9057636644735128,0.5803847491939028,Mild Stress
19-20_N_FD_blue_9_3_A00720200108111013.png,76.36605818549423,0.03374957533358572,128.38514538087387,0.0509803445469402,1.961675422387529,35,0.5575956918853182,-0.1233759368277938,0.9057636644735128,0.5647795323651938,Mild Stress
19-20_N_FD_blue_9_3_A00820200108111017.png,76.62513698122224,0.04909077426298297,128.38842518971384,0.04814210666940931,1.864233275931607,35,0.504519123035205,-0.3028050563591527,0.9057636644735128,0.5732780818537553,Mild Stress
19-20_N_FD_blue_9_3_A00920200108111027.png,76.25751223358321,0.04327330221208518,128.328206283452,0.048844295550657855,1.9941923332039444,35,0.5753075970363524,-0.25841373394584477,0.9057636644735128,0.5750535703414571,Mild Stress
19-20_N_FD_blue_9_3_A01020200108111031.png,72.84815289961784,0.012941899229299999,127.6496200999214,0.05339452633221873,3.177673529863469,35,1.2199477604765965,0.02924499588204981,0.9057636644735128,0.5990643589143422,Mild Stress
19-20_N_FD_blue_9_3_A01120200108111036.png,79.04723090214696,0.0455796978576913,128.8491267591987,0.0515620403091034,1.0093422231910765,35,0.038861443371365725,-0.08660200774089681,0.9057636644735128,0.5274157141186494,Mild Stress
19-20_N_FD_blue_9_3_A01220200108111040.png,80.47323509404647,0.07422687881599967,128.97828055755693,0.0532322220059878,0.4812555093562416,33,-0.2487864774219601,0.018984361076809248,-0.13177070259995977,0.4079196120693021,Mild Stress
19-20_N_FD_blue_9_4_A01420200108111058.png,73.3766759700104,0.04261015622022147,129.71573443794753,0.030983107699750757,3.4931767761597996,35,1.3918018337246283,-1.387571101354556,0.9057636644735128,0.7059192818428506,Severe Stress
19-20_N_FD_blue_9_4_A01520200108111104.png,75.79303471360338,0.06367294745920964,129.82580933635882,0.03521719318257549,2.561523980259075,35,0.8843321651619224,-1.1198986006744283,0.9057636644735128,0.6537827475943272,Mild Stress
19-20_N_FD_blue_9_4_A01620200108111108.png,77.80111332239719,0.053767559600412324,129.27735633811028,0.041353905730367346,1.6177124014288395,35,0.3702396285409508,-0.7319448854540408,0.9057636644735128,0.593110567484686,Mild Stress
19-20_N_FD_blue_9_4_A01720200108111113.png,79.33620996988137,0.0501936197674506,128.98460056959044,0.0476230197956535,0.929233921363668,35,-0.004773410252588898,-0.33562094591359604,0.9057636644735128,0.541229972693482,Mild Stress
19-20_N_FD_blue_9_4_A01820200108111116.png,81.32693830147204,0.03186799496850627,129.11084677241107,0.04935044467056642,0.15809017075292786,31,-0.42481407911388214,-0.2264157496839432,-1.1693050696734324,0.31953872495727625,No Stress
19-20_N_FD_blue_9_4_A01920200108111124.png,75.57721602545658,0.04821770112198415,129.2760024373318,0.039154797528900956,2.5049903945430145,35,0.8535384186801616,-0.8709691904522432,0.9057636644735128,0.6349683977649972,Mild Stress
19-20_N_FD_blue_9_4_A02020200108111130.png,76.80027708184699,0.04785054171969998,129.26966949279088,0.04634028241940235,2.0140542300608217,35,0.5861263379442692,-0.416713668913592,0.9057636644735128,0.5864285954487471,Mild Stress
19-20_N_FD_blue_9_4_A02120200108111134.png,79.55323451233632,0.04237806369534115,129.02676402002513,0.050409744150881376,0.8502295223651224,35,-0.04780696991257611,-0.15944843359756636,0.9057636644735128,0.5264860388287751,Mild Stress
19-20_N_FD_blue_9_4_A02220200108111139.png,78.74357941506763,0.057549273309988325,128.5480811483814,0.05169808850841006,1.0597307667267941,35,0.06630799599262022,-0.07800124569460305,0.9057636644735128,0.5286832934669794,Mild Stress
19-20_N_FD_blue_9_4_A02320200108111146.png,75.0834463448932,0.04435616792734286,129.3284192429825,0.04396561107926036,2.714250931562912,35,0.9675222717120984,-0.5668368108500602,0.9057636644735128,0.6221788920959667,Mild Stress
19-20_N_FD_blue_9_4_A02420200108111150.png,76.15354871617674,0.039049452493031524,128.38781663663812,0.04762765120095136,2.049201981061394,35,0.6052712571990227,-0.33532815545323075,0.9057636644735128,0.5822422551872969,Mild Stress
19-20_N_FD_blue_9_4_A02520200108111154.png,76.74978040471207,0.04673480277450751,128.58495669663014,0.04839152062054292,1.8626841932437834,35,0.5036753403710784,-0.28703748239890614,0.9057636644735128,0.5721607918933768,Mild Stress
19-20_N_FD_blue_9_4_A02620200108111159.png,77.5873902666464,0.043835830276161065,128.4592759344537,0.05131661431742887,1.4952054175515208,35,0.3035102860451394,-0.10211746891661072,0.9057636644735128,0.5462597357735809,Mild Stress
19-20_N_FD_brown_10_3_A00120200107151759.png,60.83914072091345,0.14092113790649033,132.5209524361521,0.011371022729166255,9.243904218939917,35,4.5242131378313735,-2.627417544918861,0.9057636644735128,1.0,Severe Stress
19-20_N_FD_brown_10_3_A00220200107151804.png,62.40479095099305,0.16415617295524929,131.9888163502815,0.01291406127624449,8.49274236770749,35,4.115056575044126,-2.5298689743437786,0.9057636644735128,0.9659187042226681,Severe Stress
19-20_N_FD_brown_10_3_A00320200107151807.png,62.05412231453663,0.16161977574355504,132.8323923578408,0.011873783142047296,8.843016085155796,35,4.305850063865106,-2.595633789606236,0.9057636644735128,0.9831749719608238,Severe Stress
19-20_N_FD_brown_10_3_A00420200107151810.png,63.29095749926043,0.11210925944131687,132.09345232225618,0.010615752739210485,8.146218321664335,35,3.9263055257602413,-2.675164574996592,0.9057636644735128,0.9629958642898957,Severe Stress
19-20_N_FD_brown_10_3_A00520200107151814.png,64.47463102879924,0.15058908605891994,131.5124602619308,0.011136528863039457,7.540968834083628,35,3.5966271754007817,-2.6422418935993313,0.9057636644735128,0.9386070981243283,Severe Stress
19-20_N_FD_brown_10_3_A00620200107151817.png,68.43234225617122,0.1224319336103031,131.61042180279944,0.010763331550283053,5.972519724994974,35,2.742295655065276,-2.6658348650586525,0.9057636644735128,0.8827311175318143,Severe Stress
19-20_N_FD_brown_10_3_A00720200107151823.png,62.08345369519327,0.1639328532317718,132.5789691637965,0.013400536805998424,8.768737311502939,35,4.265390544167731,-2.499114724790448,0.9057636644735128,0.9739617089670679,Severe Stress
19-20_N_FD_brown_10_3_A00820200107151825.png,62.8097792582281,0.15419111066841906,131.90712439097146,0.012801166156790462,8.306836283185572,35,4.013793851944672,-2.537006033588667,0.9057636644735128,0.9595877547634067,Severe Stress
19-20_N_FD_brown_10_3_A00920200107151827.png,62.82491657938963,0.16468324524361408,133.19974182234455,0.01326169806488048,8.62760795966555,35,4.188517630012895,-2.5078919006828744,0.9057636644735128,0.9693815481514532,Severe Stress
19-20_N_FD_brown_10_3_A01020200107151829.png,62.66033979930543,0.16161092883515796,133.25899384101768,0.012732404396092484,8.707176365624552,35,4.23185840328996,-2.5413530484309175,0.9057636644735128,0.9745472921204457,Severe Stress
19-20_N_FD_brown_10_3_A01120200107151832.png,66.89657156364707,0.1496211192029471,131.54795217048076,0.01573312935938505,6.580726808882389,35,3.07358500302396,-2.351651740312322,0.9057636644735128,0.8838816925201998,Severe Stress
19-20_N_FD_brown_10_3_A01220200107151840.png,64.51181187843088,0.12859253385381783,132.3969687958728,0.018208904494185323,7.739524834444683,35,3.7047802858059784,-2.1951369689072924,0.9057636644735128,0.915808992724609,Severe Stress
19-20_N_FD_brown_10_3_A01320200107151842.png,64.66047002513528,0.1020686845864618,132.2627122959205,0.019226115106086912,7.637214103531271,35,3.6490518074120057,-2.1308304476264768,0.9057636644735128,0.9077353655631825,Severe Stress
19-20_N_FD_brown_10_3_A01420200107151845.png,66.05403735207264,0.14980997320578154,130.9358367137945,0.020570959436580417,6.764777728241587,35,3.1738372208639483,-2.045811416615196,0.9057636644735128,0.8700537113479462,Severe Stress
19-20_N_FD_brown_10_3_A01520200107151847.png,66.00749566800273,0.12091960863195998,131.26235275585037,0.021327201863873043,6.854911784782686,35,3.2229330857616674,-1.99800291051513,0.9057636644735128,0.8701402998844846,Severe Stress
19-20_N_FD_brown_10_3_A01620200107151849.png,65.50886950641153,0.12109087125724563,131.40082712699086,0.02097414401617165,7.089040784123139,35,3.3504627472610977,-2.0203226953570574,0.9057636644735128,0.8802192648812283,Severe Stress
19-20_N_FD_brown_10_4_A01820200107151906.png,61.391626157938184,0.16746308355421688,130.26450976795377,0.014827930711380742,8.468089058057142,35,4.101627959864434,-2.408877034111052,0.9057636644735128,0.9568774958236839,Severe Stress
19-20_N_FD_brown_10_4_A01920200107151911.png,64.2514738377034,0.12040739647298601,130.74489859817683,0.017679039993220708,7.427777703228394,35,3.5349721619536214,-2.2286342038049223,0.9057636644735128,0.9066406393406399,Severe Stress
19-20_N_FD_brown_10_4_A02020200107151914.png,65.49928567717804,0.08615599078702722,130.2105434048522,0.020793262066898778,6.783076177117291,35,3.183804354357266,-2.0317577794823465,0.9057636644735128,0.869778850625084,Severe Stress
19-20_N_FD_brown_10_4_A02120200107151927.png,66.69042664998702,0.1115153371878991,130.80286957964742,0.02038841169550094,6.463577102932813,35,3.009773760561071,-2.0573518095870575,0.9057636644735128,0.8597949169756044,Severe Stress
19-20_N_FD_brown_10_4_A02220200107151933.png,69.20899343762429,0.11376441734010935,130.74670224048788,0.022737885419467634,5.4428957311412915,35,2.4538103805012264,-1.9088216229558568,0.9057636644735128,0.8124102507491106,Severe Stress
19-20_N_FD_brown_10_4_A02320200107151939.png,66.01060175471214,0.07260541995311055,130.34961886802475,0.01942505211549564,6.608575912104918,35,3.0887543614419126,-2.1182539498202173,0.9057636644735128,0.8692035153105282,Severe Stress
19-20_N_FD_brown_10_4_A02420200107151943.png,67.22362515115914,0.09398332838394644,130.65981555357595,0.023170356268566117,6.208397992864711,35,2.8707781401108696,-1.8814814678930873,0.9057636644735128,0.8386168406556704,Severe Stress
19-20_N_FD_brown_10_4_A02520200107151947.png,69.63794277363536,0.11117707624046706,130.04849544148664,0.023522870378479586,5.09585872760168,35,2.2647799241551185,-1.8591960573343431,0.9057636644735128,0.7963581014058676,Severe Stress
19-20_N_FD_brown_10_4_A02620200107151950.png,71.98039908678025,0.0950471640623043,129.8704389792088,0.024840992022668356,4.108716617511909,35,1.7270853220075113,-1.7758663942626318,0.9057636644735128,0.7545876312166399,Severe Stress
19-20_N_FD_brown_10_4_A02720200107151957.png,65.66858959940372,0.1131443037523071,130.5287844507072,0.020234035425851622,6.80436077922862,35,3.19539804035966,-2.0671112446079905,0.9057636644735128,0.872936544593725,Severe Stress
19-20_N_FD_brown_10_4_A02820200107152001.png,65.28990368677263,0.1584500898567583,130.2352694851081,0.020109588917602568,6.898313428017833,35,3.2465738858585773,-2.0749785652369805,0.9057636644735128,0.8769078238959154,Severe Stress
19-20_N_FD_brown_10_4_A02920200107152005.png,67.31030083208876,0.13929165777623514,129.8411990612332,0.021517137558445684,5.984931512694477,35,2.7490563343847083,-1.9859954622619225,0.9057636644735128,0.837459432786802,Severe Stress
19-20_N_FD_brown_1_3_A00220200107144320.png,72.7456799894473,0.08366416891088645,128.6920101612265,0.040849046537512125,3.5040130036465165,35,1.397704308117825,-0.7638613224723961,0.9057636644735128,0.6643651863909928,Severe Stress
19-20_N_FD_brown_1_3_A00320200107144324.png,74.94662100874602,0.0777571586678854,128.67369288252377,0.047932492943868935,2.616989822666291,35,0.9145443137078066,-0.3160565200624406,0.9057636644735128,0.6017479273390363,Mild Stress
19-20_N_FD_brown_1_3_A00420200107144329.png,76.63495463813699,0.06910357694152446,128.12648076145192,0.05346368784802416,1.8018245870377179,35,0.47052521800130676,0.0336172826395003,0.9057636644735128,0.5483636597522241,Mild Stress
19-20_N_FD_brown_1_3_A00520200107144332.png,77.85924184783721,0.014004971355271704,127.68514203579868,0.05794812511941616,1.182490509789126,35,0.13317501597988465,0.3171166459484939,0.9057636644735128,0.5066049399838901,Mild Stress
19-20_N_FD_brown_1_3_A00620200107144337.png,74.32734566114055,0.0474146431521615,129.22424608619394,0.04571200580388324,2.991718382195522,35,1.1186583127662526,-0.4564323693217503,0.9057636644735128,0.6249185242795062,Mild Stress
19-20_N_FD_brown_1_3_A00720200107144342.png,75.22823383859142,0.029252658105804227,128.49153267155734,0.05071296397943446,2.4418280627897957,35,0.8191340056826513,-0.14027933318761077,0.9057636644735128,0.5835076913195777,Mild Stress
19-20_N_FD_brown_1_3_A00820200107144347.png,74.7346758508578,0.05718693367701953,128.0005556960923,0.05240773826551378,2.526284010466913,35,0.8651370144906911,-0.03313825795816466,0.9057636644735128,0.5793955077481668,Mild Stress
19-20_N_FD_brown_1_3_A00920200107144353.png,74.67446850172271,0.0877310658291801,128.69643668056776,0.04319603055676909,2.7350276424930655,35,0.9788393102654519,-0.6154885312193259,0.9057636644735128,0.6262124273330764,Mild Stress
19-20_N_FD_brown_1_3_A01020200107144357.png,76.23492412016955,0.06809580215497853,128.37911849800446,0.04639125036637637,2.024643507187534,35,0.5918942989029607,-0.4134915521480216,0.9057636644735128,0.5865998304792135,Mild Stress
19-20_N_FD_brown_1_3_A01120200107144401.png,75.88278568528793,0.04722362329340393,128.6192626127179,0.04687764856818272,2.218229647216994,35,0.6973403349706202,-0.3827421911509536,0.9057636644735128,0.5916239743235263,Mild Stress
19-20_N_FD_brown_1_4_A01320200107144415.png,72.71340435545287,0.047144140674936275,129.86590938262097,0.034056394553664174,3.7976160527103247,35,1.5576293817643463,-1.1932825399092748,0.9057636644735128,0.7040049767527066,Severe Stress
19-20_N_FD_brown_1_4_A01420200107144421.png,73.49167687175373,0.03945779316735164,129.34302183184832,0.03801544755512664,3.3528949368691627,35,1.31539055818999,-0.9429971780465204,0.9057636644735128,0.6708775001668938,Severe Stress
19-20_N_FD_brown_1_4_A01520200107144423.png,73.54737864574014,0.04069425628161902,129.0871995432973,0.03659896489066303,3.2670914172268297,35,1.2686535292603327,-1.0325450765254327,0.9057636644735128,0.6737569853181714,Severe Stress
19-20_N_FD_brown_1_4_A01620200107144427.png,74.76738233006556,0.037149255134412744,129.1370586576183,0.038638168119608254,2.7903139716753955,35,1.0089536782678372,-0.9036297228083394,0.9057636644735128,0.6476184900410669,Mild Stress
19-20_N_FD_brown_1_4_A01720200107144434.png,79.26390450653058,0.03791894752868668,128.95876530700508,0.04519406335035792,0.9474011557740774,35,0.005122250948146462,-0.48917591035461344,0.9057636644735128,0.5522237612910473,Mild Stress
19-20_N_FD_brown_1_4_A01820200107144439.png,80.32622234107642,0.08052641601905776,128.76401635325627,0.04905965191406654,0.4886993974901692,33,-0.24473180441420087,-0.24479922933444434,-0.13177070259995977,0.42593457674017104,Mild Stress
19-20_N_FD_brown_1_4_A01920200107144444.png,74.56428464519134,0.07054181703251841,129.55301342069814,0.03943890852857427,2.9872291330593796,35,1.1162130265166568,-0.8530081213945274,0.9057636644735128,0.6514279793770773,Mild Stress
19-20_N_FD_brown_1_4_A02020200107144447.png,75.98913813165926,0.07017769072426185,128.98143585368985,0.0469699734142541,2.274265902512248,35,0.7278631864312709,-0.37690555357642164,0.9057636644735128,0.5932843840997062,Mild Stress
19-20_N_FD_brown_1_4_A02120200107144456.png,78.34993143120668,0.06243603279949823,128.94001545326196,0.04864016701404088,1.316883902312643,35,0.2063788647323486,-0.27131843227517305,0.9057636644735128,0.5511071770511146,Mild Stress
19-20_N_FD_brown_1_4_A02220200107144503.png,76.00190436590437,0.04554677754658816,129.53207484407486,0.03990980215311671,2.3981983367982735,35,0.79536896930234,-0.8232389363965161,0.9057636644735128,0.6278455192350305,Mild Stress
19-20_N_FD_brown_1_4_A02320200107144508.png,77.55028128815125,0.05440574784680764,129.15149552908568,0.04517341342206261,1.6868033787573005,35,0.4078733645419788,-0.49048136768845646,0.9057636644735128,0.579400852261455,Mild Stress
19-20_N_FD_brown_1_4_A02420200107144512.png,79.61328256014659,0.03692644977611427,129.28949714912102,0.04654989272434331,0.8899855206432612,35,-0.026151946326153662,-0.40346242145544203,0.9057636644735128,0.5443550982910758,Mild Stress
19-20_N_FD_brown_2_3_A00120200107144538.png,76.83036610295484,0.060215986288958204,129.94263767577277,0.03027363695391634,2.174588572962392,35,0.6735691172110129,-1.4324227722684362,0.9057636644735128,0.6606272627278144,Severe Stress
19-20_N_FD_brown_2_3_A00220200107144544.png,78.34769562049175,0.0725783341654348,129.79499660217624,0.031790097019634506,1.535073319305262,35,0.3252262632614171,-1.3365544532137323,0.9057636644735128,0.6307493487736066,Mild Stress
19-20_N_FD_brown_2_3_A00320200107144550.png,79.86182879707354,0.06449281506488651,129.3127253493546,0.03374646732234686,0.8060223037819405,35,-0.07188656550998675,-1.2128756722095297,0.9057636644735128,0.5957205880161675,Mild Stress
19-20_N_FD_brown_2_3_A00420200107144555.png,82.13123671874378,0.0460337294163568,129.3473063423719,0.037321929710647385,-0.09955629660881726,31,-0.5651536648197454,-0.9868403305882137,-1.1693050696734324,0.3612460192730229,Mild Stress
19-20_N_FD_brown_2_3_A00520200107144602.png,76.17322731263796,0.07817385096346646,130.1471406415401,0.03266470672680632,2.4948550831670495,35,0.848017732081708,-1.2812629461368348,0.9057636644735128,0.6621936808377831,Severe Stress
19-20_N_FD_brown_2_3_A00620200107144606.png,78.7061889641124,0.047450721945769374,129.30791843907895,0.037760156361514224,1.2611117768057944,35,0.17599988431117677,-0.9591363024154175,0.9057636644735128,0.5953269170552371,Mild Stress
19-20_N_FD_brown_2_3_A00720200107144612.png,78.17767775311106,0.08420130756192916,129.70459276156336,0.03201191180713914,1.5845475467930896,35,0.35217478951080233,-1.3225316567680674,0.9057636644735128,0.6316187412300343,Mild Stress
19-20_N_FD_brown_2_3_A00820200107144618.png,81.7443704687675,0.05874397836187945,129.71621481042843,0.03929436433455617,0.1518659075267621,31,-0.4282044245411994,-0.8621459874174414,-1.1693050696734324,0.36207029111388495,Mild Stress
19-20_N_FD_brown_2_3_A00920200107144621.png,82.3288424242184,0.06963222666834709,129.3962417555396,0.041489448001829715,-0.15810525146854104,31,-0.5970451793926517,-0.7233761074032982,-1.1693050696734324,0.34138021252411355,Mild Stress
19-20_N_FD_brown_2_4_A01120200107144637.png,78.44640552976271,0.0740883650105007,129.7978201250503,0.024126299132118927,1.4968237471111614,35,0.30439178736072564,-1.8210482012921978,0.9057636644735128,0.6619353537191959,Severe Stress
19-20_N_FD_brown_2_4_A01220200107144641.png,78.24763486764238,0.08229599457965416,130.06696242725025,0.02585345822132237,1.6464902578584883,35,0.3859148772264656,-1.7118598076343852,0.9057636644735128,0.660074568542123,Severe Stress
19-20_N_FD_brown_2_4_A01320200107144644.png,78.81127633507099,0.07730559492606039,129.85846926273814,0.02896480488207108,1.3671637398802616,35,0.23376620540056142,-1.51516516258207,0.9057636644735128,0.6366111546556672,Mild Stress
19-20_N_FD_brown_2_4_A01420200107144649.png,80.09325903102082,0.05187922263391315,130.16612905814196,0.02831881044230995,0.92238638004903,35,-0.008503254178028144,-1.556003957126426,0.9057636644735128,0.6230628054844196,Mild Stress
19-20_N_FD_brown_2_4_A01520200107144654.png,80.0878148481637,0.07226069149034534,129.79269623975074,0.0299662256941114,0.8383393626938229,35,-0.05428351934612169,-1.4518568486428984,0.9057636644735128,0.6129785990493417,Mild Stress
19-20_N_FD_brown_2_4_A01620200107144658.png,80.46466215335,0.07960352370645418,129.7730655379423,0.03125164469322415,0.6852627564428317,35,-0.1376640823420084,-1.3705945974885567,0.9057636644735128,0.6019046231268326,Mild Stress
19-20_N_FD_brown_2_4_A01720200107144704.png,78.51675051314042,0.0597295448140229,130.29929166498974,0.028054862008639,1.5890280516761734,35,0.35461531278086234,-1.5726903791596842,0.9057636644735128,0.6486087202882701,Mild Stress
19-20_N_FD_brown_2_4_A01820200107144709.png,77.40255461913135,0.03556660401368028,130.04905111259322,0.02787025534149209,1.9636892419005534,35,0.5586926158953316,-1.5843609343333769,0.9057636644735128,0.6631200525947988,Severe Stress
19-20_N_FD_brown_2_4_A01920200107144714.png,78.22666272113631,0.04431923605983749,129.83194839886113,0.029025715415131565,1.5828337438817002,35,0.351241284025442,-1.5113144905141118,0.9057636644735128,0.6442536014208969,Mild Stress
19-20_N_FD_brown_3_3_A00120200107144800.png,67.88851888127108,0.09053868756082037,129.81877026879965,0.0352371469266492,5.730973555337766,35,2.6107258737069463,-1.1186371550574687,0.9057636644735128,0.7698161939455149,Severe Stress
19-20_N_FD_brown_3_3_A00220200107144805.png,69.27179801297173,0.08923381684026345,129.78815602559592,0.03915628194969254,5.16955163710438,35,2.304920324661942,-0.870875347607795,0.9057636644735128,0.7325829165082401,Severe Stress
19-20_N_FD_brown_3_3_A00320200107144811.png,72.02781847893557,0.0698882278173393,129.01658214431998,0.04505112067725235,3.8674790242418347,35,1.5956836216742096,-0.49821253063998006,0.9057636644735128,0.6598136960815902,Mild Stress
19-20_N_FD_brown_3_3_A00420200107144814.png,74.00263557357087,0.05143955695653205,128.56090176650153,0.05235403511727967,2.957175057131817,35,1.0998426232752074,-0.03653329002365549,0.9057636644735128,0.5954103018192952,Mild Stress
19-20_N_FD_brown_3_3_A00520200107144821.png,70.38842501497135,0.0958294122675343,129.6207075027804,0.03951194778075805,4.683347164000196,35,2.040085588045988,-0.8483906899895302,0.9057636644735128,0.7132576391176555,Severe Stress
19-20_N_FD_brown_3_3_A00620200107144829.png,70.35393390141908,0.0891090375077727,129.2621819437399,0.04350059070339113,4.605160088495062,35,1.997497223080993,-0.5962346979217894,0.9057636644735128,0.6934329542085546,Severe Stress
19-20_N_FD_brown_3_3_A00720200107144833.png,72.79364296790723,0.04316680151006621,128.4291228425027,0.05098379592511079,3.4049319039913044,35,1.3437350042912344,-0.12315774590333961,0.9057636644735128,0.6176410655040516,Mild Stress
19-20_N_FD_brown_3_3_A00820200107144839.png,68.4183791587259,0.07422437203701436,130.0425962685352,0.03592229076710796,5.569275933856392,35,2.522649458607266,-1.0753233944248342,0.9057636644735128,0.7609788107288609,Severe Stress
19-20_N_FD_brown_3_3_A00920200107144844.png,72.15815303204882,0.04155677890137175,128.33279136260828,0.05167464927025151,3.6344815004480218,35,1.4687702729504895,-0.07948303899268026,0.9057636644735128,0.6231134264236339,Mild Stress
19-20_N_FD_brown_3_3_A01020200107144848.png,73.19560111039932,0.06186205423847165,127.26370702541107,0.055696995534942964,2.959338031176504,35,1.1010207915009633,0.17480362754694745,0.9057636644735128,0.5812748963832225,Mild Stress
19-20_N_FD_brown_3_4_A01220200107144928.png,71.60368124635868,0.0589172043240234,129.74679239583108,0.031764220226572056,4.215846621927707,35,1.785438850353278,-1.33819034505784,0.9057636644735128,0.7290741675131741,Severe Stress
19-20_N_FD_brown_3_4_A01320200107144932.png,74.49481138868417,0.0798029598376926,129.8697256177624,0.03684157021849226,3.0974378849101285,35,1.176243543271923,-1.0172079334654276,0.9057636644735128,0.6665098478165438,Severe Stress
19-20_N_FD_brown_3_4_A01420200107144937.png,76.5262236290472,0.07586752647586471,129.65687033825535,0.04043699313999478,2.2302817672115083,35,0.703905103912446,-0.789910717028698,0.9057636644735128,0.6194519276345755,Mild Stress
19-20_N_FD_brown_3_4_A01520200107144942.png,79.1731548731863,0.0590845920947873,129.5980303757259,0.040899709959034025,1.1509252518901292,35,0.11598147452905516,-0.760658457346789,0.9057636644735128,0.5779403015685507,Mild Stress
19-20_N_FD_brown_3_4_A01620200107144949.png,73.28360939744782,0.09247443589921206,129.7873447139356,0.034462566303115956,3.565758472069497,35,1.431336958106886,-1.1676049742761765,0.9057636644735128,0.6937833827461072,Severe Stress
19-20_N_FD_brown_3_4_A01720200107144953.png,75.3684092522701,0.06935880987643976,129.84761821722324,0.03715335541783828,2.738816436854524,35,0.9809030600092636,-0.9974973432275747,0.9057636644735128,0.6520453816790697,Mild Stress
19-20_N_FD_brown_3_4_A01820200107145001.png,76.057516243355,0.050739975060499355,129.55593292642908,0.04450218705577953,2.3837357255364466,35,0.7874912099311626,-0.5329152865864665,0.9057636644735128,0.607788310893596,Mild Stress
19-20_N_FD_brown_3_4_A01920200107145005.png,77.17188764772543,0.05129512708413755,128.98597620203984,0.05105593173806232,1.7956922858992357,35,0.4671849641642927,-0.11859742856452968,0.9057636644735128,0.5583770463969315,Mild Stress
19-20_N_FD_brown_3_4_A02020200107145011.png,72.72825759727952,0.057453962627119735,129.45090124278644,0.03699803390089535,3.69153115870429,35,1.4998451232534227,-1.0073165353573017,0.9057636644735128,0.6876101856517671,Severe Stress
19-20_N_FD_brown_3_4_A02120200107145015.png,75.1217482094009,0.06475391008346487,129.75711750088746,0.040063610703849666,2.8132439599907144,35,1.021443603293256,-0.8135153917095509,0.9057636644735128,0.6423974252269583,Mild Stress
19-20_N_FD_brown_3_4_A02220200107145018.png,76.47404455595733,0.048848383472934145,129.426536786953,0.04710209212087464,2.18411330857084,35,0.6787572242436262,-0.36855320813342146,0.9057636644735128,0.5894197033449827,Mild Stress
19-20_N_FD_brown_3_4_A02320200107145022.png,76.02845340954954,0.058937146339814436,128.69283990478465,0.04984977225704008,2.182456613595278,35,0.677854825352261,-0.19484901248127146,0.9057636644735128,0.5776755574867742,Mild Stress
19-20_N_FD_brown_4_3_A00120200107145136.png,74.94619122058388,0.10687397017150334,128.95536778064135,0.027347342532206664,2.6977713464868103,35,0.9585458701884653,-1.617418693763808,0.9057636644735128,0.6922379109556832,Severe Stress
19-20_N_FD_brown_4_3_A00220200107145140.png,75.67036424880223,0.07971211582283527,129.83610686863193,0.03170867726822857,2.6187802581750788,35,0.9155195608365925,-1.3417016871446452,0.9057636644735128,0.6707990414566279,Severe Stress
19-20_N_FD_brown_4_3_A00320200107145146.png,76.86214269498277,0.071070934719951,129.1297628629806,0.03295933739995969,1.962458464904028,35,0.5580222137914046,-1.2626368391817577,0.9057636644735128,0.6414356024195259,Mild Stress
19-20_N_FD_brown_4_3_A00420200107145150.png,78.05907342977477,0.0491281613052183,129.3788235772854,0.035747706983598686,1.5382713788682665,35,0.3269682407809636,-1.0863603180060157,0.9057636644735128,0.614038305377423,Mild Stress
19-20_N_FD_brown_4_3_A00520200107145157.png,73.37485367715666,0.08133429468113777,129.74155144626346,0.029852067695037676,3.5139133938415945,35,1.4030970335548592,-1.4590737452333558,0.9057636644735128,0.7114883152221807,Severe Stress
19-20_N_FD_brown_4_3_A00620200107145204.png,74.89306834625647,0.10200496850726454,129.5084272247455,0.0336868673705303,2.8555812066613306,35,1.0445046284201365,-1.216643491307152,0.9057636644735128,0.6710631652411428,Severe Stress
19-20_N_FD_brown_4_3_A00720200107145208.png,76.5160480353824,0.07329621682357092,129.46291289381588,0.03822811387082669,2.1849626851892623,35,0.6792198782204427,-0.9295527341955935,0.9057636644735128,0.6271839914206104,Mild Stress
19-20_N_FD_brown_4_3_A00820200107145212.png,77.66928143688362,0.07437134319637717,129.43013509196848,0.0418932908396056,1.7158511683573998,35,0.4236956453591475,-0.6978457720551525,0.9057636644735128,0.5944125245941179,Mild Stress
19-20_N_FD_brown_4_3_A00920200107145219.png,74.82657649163828,0.08346637502217305,129.33415882034973,0.03039774754071461,2.832122339689878,35,1.0317266241043224,-1.424576688087111,0.9057636644735128,0.6841894223065053,Severe Stress
19-20_N_FD_brown_4_3_A01020200107145223.png,75.18982269148653,0.09960051374391346,129.08907959701094,0.030451220437661734,2.63120100246849,35,0.9222851187972549,-1.4211962121608435,0.9057636644735128,0.6766009471570965,Severe Stress
19-20_N_FD_brown_4_3_A01120200107145227.png,77.24938557296603,0.07539706962381311,129.10340427452476,0.03526392348919796,1.8024858138131101,35,0.47088538708364036,-1.1169443811429791,0.9057636644735128,0.6257753629693812,Mild Stress
19-20_N_FD_brown_4_4_A01320200107145304.png,74.13309651803921,0.053093759025839474,130.24991916953704,0.033984219388129025,3.3278240008276185,35,1.3017344626364327,-1.1978453450590911,0.9057636644735128,0.6871002257430013,Severe Stress
19-20_N_FD_brown_4_4_A01420200107145310.png,76.7852308026774,0.054856660269768605,130.13741549498928,0.03903619265024782,2.2394613837707773,35,0.7089052251951404,-0.878467212065347,0.9057636644735128,0.6257446026101532,Mild Stress
19-20_N_FD_brown_4_4_A01520200107145313.png,77.71732627988035,0.05538526190865372,129.85961486169134,0.043354480459108634,1.797358045138722,35,0.4680923003445595,-0.6054715672813537,0.9057636644735128,0.5911855253842235,Mild Stress
19-20_N_FD_brown_4_4_A01620200107145317.png,78.14598597230683,0.07694239096400488,129.27272091147077,0.04447980139690354,1.48671567578236,35,0.29888593836890703,-0.5343304741907358,0.9057636644735128,0.5750196092209365,Mild Stress
19-20_N_FD_brown_4_4_A01720200107145321.png,79.42404650238957,0.043798668001460095,128.96014949512966,0.04847268929551887,0.885748306627093,35,-0.02845994948127245,-0.2819061211413601,0.9057636644735128,0.5360239098249657,Mild Stress
19-20_N_FD_brown_4_4_A01820200107145328.png,73.37066442374271,0.046307034200145675,130.1222393556691,0.036718866752637136,3.5985015313902444,35,1.449172045957574,-1.0249650615821817,0.9057636644735128,0.6853889342397383,Severe Stress
19-20_N_FD_brown_4_4_A01920200107145333.png,75.02515186505347,0.0706235252770779,129.32648476329132,0.0370516776234653,2.746278678648416,35,0.9849677302239008,-1.0039252600927056,0.9057636644735128,0.6527511194744657,Mild Stress
19-20_N_FD_brown_4_4_A02020200107145339.png,75.16389749836269,0.05341164594113451,129.44118837157887,0.0387506180221027,2.7134321696290407,35,0.967076293501072,-0.8965208095084019,0.9057636644735128,0.6443236418077967,Mild Stress
19-20_N_FD_brown_4_4_A02120200107145350.png,76.25960412831702,0.0652257544103695,129.35429067819396,0.03640116576614566,2.25756003226531,35,0.7187635277659752,-1.045049638964399,0.9057636644735128,0.6376121135002224,Mild Stress
19-20_N_FD_brown_4_4_A02220200107145354.png,79.83697832456023,0.0761456699770394,129.4233984528542,0.044505611786960136,0.8477092678814202,35,-0.04917974817628703,-0.532698780244545,0.9057636644735128,0.5514987504958627,Mild Stress
19-20_N_FD_brown_4_4_A02320200107145359.png,79.08137192794374,0.06479947370959505,129.46816269512533,0.047169142737099296,1.1571717184021963,35,0.11938391404784833,-0.36431436926495747,0.9057636644735128,0.551510807043708,Mild Stress
19-20_N_FD_brown_4_4_A02420200107145405.png,81.92656230011514,0.05726301650226564,129.941493699629,0.04560907197420663,0.13479056063698636,31,-0.43750533649560425,-0.46293969084510733,-1.1693050696734324,0.3345938475487939,Mild Stress
19-20_N_FD_brown_5_3_A00120200107145440.png,69.40549114310815,0.0950130483889891,129.90612949715012,0.03106169617990537,5.147590483980416,35,2.2929581224916595,-1.3826028561235686,0.9057636644735128,0.7661974352951064,Severe Stress
19-20_N_FD_brown_5_3_A00220200107145444.png,71.07849528865067,0.10093969301027761,130.53874301028165,0.03570611547693155,4.638616529663739,35,2.0157208887919325,-1.0889896703518305,0.9057636644735128,0.7278016885192216,Severe Stress
19-20_N_FD_brown_5_3_A00320200107145448.png,75.03014750639973,0.08990052281767283,129.85975218257772,0.042076320757157705,2.8843442260707235,35,1.0601717954063477,-0.6862748966136476,0.9057636644735128,0.6364440338376255,Mild Stress
19-20_N_FD_brown_5_3_A00420200107145453.png,78.24106797736123,0.08713324897329189,129.11902446566546,0.047891191188311956,1.413825562612523,35,0.25918281963782025,-0.3186675547799165,0.9057636644735128,0.5578435340159191,Mild Stress
19-20_N_FD_brown_5_3_A00520200107145507.png,71.6377975010335,0.07434889351941572,130.59784525306043,0.03287951339791252,4.4203644255835,35,1.8968393447145244,-1.2676831922440503,0.9057636644735128,0.7318246785635639,Severe Stress
19-20_N_FD_brown_5_3_A00620200107145514.png,69.68182123092403,0.08901559617604807,129.58292805634747,0.03050775323528457,4.954158980378871,35,2.187596316619162,-1.4176222939271348,0.9057636644735128,0.7614661647908448,Severe Stress
19-20_N_FD_brown_5_3_A00720200107145519.png,73.15156835780823,0.09607828692068138,129.83915737602933,0.034035976696073805,3.632789401306276,35,1.4678485894709623,-1.1945733260830338,0.9057636644735128,0.698053085063967,Severe Stress
19-20_N_FD_brown_5_3_A00820200107145527.png,71.33294223056575,0.07786073897056975,130.1855491082857,0.029972164163081273,4.44046164348482,35,1.9077862645888486,-1.451481427587791,0.9057636644735128,0.7449233562741038,Severe Stress
19-20_N_FD_brown_5_3_A00920200107145531.png,72.7857557103918,0.10902560873518435,129.38901086155045,0.03353997685168515,3.671109394288205,35,1.4887214234531372,-1.2259296884481818,0.9057636644735128,0.7015660526100302,Severe Stress
19-20_N_FD_brown_5_3_A01020200107145535.png,74.67395542892032,0.07419965401414796,129.08755469624504,0.039924354681697354,2.82827638139808,35,1.0296317372664014,-0.8223189474798536,0.9057636644735128,0.6435402966244915,Mild Stress
19-20_N_FD_brown_5_4_A01220200107145549.png,70.4905761793432,0.08438394476332561,130.1833460790526,0.03125278333726583,4.779140428693037,35,2.0922640138480775,-1.3705226141289246,0.9057636644735128,0.7518861029235323,Severe Stress
19-20_N_FD_brown_5_4_A01320200107145600.png,72.62570698540557,0.08241739205715466,129.23881598891342,0.03315838141573024,3.6882672902861273,35,1.4980672997641515,-1.2500535765946326,0.9057636644735128,0.7038172493455028,Severe Stress
19-20_N_FD_brown_5_4_A01420200107145603.png,74.17017158201925,0.06299529430673412,129.4094376463911,0.03496152767358554,3.10633913179743,35,1.1810920370751607,-1.1360613886971542,0.9057636644735128,0.6748301162245577,Severe Stress
19-20_N_FD_brown_5_4_A01520200107145608.png,76.37376990442543,0.04070876836273046,129.63948721367208,0.03760862504790183,2.274611910574805,35,0.7280516564252413,-0.9687158836049108,0.9057636644735128,0.6331025838276408,Mild Stress
19-20_N_FD_brown_5_4_A01620200107145611.png,78.18745112095934,0.07058540797677192,129.2652543339416,0.042438318309016836,1.4660380278935357,35,0.287622859283041,-0.6633899571528661,0.9057636644735128,0.5829426670659855,Mild Stress
19-20_N_FD_brown_5_4_A01720200107145614.png,78.92028022069616,0.10251718852240702,129.32231478883833,0.04135300810704258,1.1983476249139606,35,0.14181235919633536,-0.7320016318473255,0.9057636644735128,0.5777502270676041,Mild Stress
19-20_N_FD_brown_5_4_A01820200107145620.png,71.86488355511267,0.09701736149846221,130.07699279252967,0.037857381880716225,4.207250852611807,35,1.7807567496554921,-0.9529898516740968,0.9057636644735128,0.7028504268552629,Severe Stress
19-20_N_FD_brown_5_4_A01920200107145626.png,72.61264478185201,0.08998979775512045,130.32936960417007,0.036725603905363904,3.9687809175160034,35,1.6508625879487817,-1.0245391489441036,0.9057636644735128,0.698926115749984,Severe Stress
19-20_N_FD_brown_5_4_A02020200107145630.png,74.799336829246,0.08492408440017567,129.54736933957167,0.03930416208784584,2.8968310327345783,35,1.0669733374260726,-0.8615265882261095,0.9057636644735128,0.6486890451748237,Mild Stress
19-20_N_FD_brown_5_4_A02120200107145634.png,77.00699369020965,0.08245471198826601,129.41336047221657,0.040865029798887745,1.9794017911661719,35,0.5672512143379946,-0.7628508847854881,0.9057636644735128,0.6084404430280326,Mild Stress
19-20_N_FD_brown_5_4_A02220200107145640.png,77.40575602665248,0.06836499770559497,129.3059310300023,0.042273550634845045,1.7881080960365416,35,0.4630538690472357,-0.6738063211010471,0.9057636644735128,0.5954428745750391,Mild Stress
19-20_N_FD_brown_5_4_A02320200107145648.png,73.432785680093,0.08746067838299484,129.6937102509745,0.03278122306386555,3.48092452814047,35,1.3851280553933927,-1.2738969589744957,0.9057636644735128,0.6978246074219865,Severe Stress
19-20_N_FD_brown_5_4_A02420200107145653.png,74.80963389042631,0.059811552642109654,129.28336496417495,0.03949584154043371,2.81792172829795,35,1.0239915756096927,-0.8494089022201662,0.9057636644735128,0.6449830227669996,Mild Stress
19-20_N_FD_brown_5_4_A02520200107145657.png,76.42491200144408,0.06318255290143676,129.52803646299137,0.04090454624677322,2.2341582086857095,35,0.7060165948871644,-0.7603527145273751,0.9057636644735128,0.6176058585584897,Mild Stress
19-20_N_FD_brown_5_4_A02620200107145701.png,76.56499543841865,0.07183781044066158,129.86430005068425,0.037930447691555645,2.265220070957831,35,0.7229359376096153,-0.948370741270931,0.9057636644735128,0.6313900708048749,Mild Stress
19-20_N_FD_brown_6_3_A00120200107145720.png,73.40182279893016,0.09711453549008482,129.9325471439014,0.029783211611891743,3.556397753824811,35,1.4262381910489852,-1.4634267229985602,0.9057636644735128,0.7133375874995255,Severe Stress
19-20_N_FD_brown_6_3_A00220200107145725.png,75.34431691655993,0.08102066956291273,130.3528601686047,0.030896436152566452,2.878845509874221,35,1.0571766541927567,-1.3930503458966763,0.9057636644735128,0.6837807258549625,Severe Stress
19-20_N_FD_brown_6_3_A00320200107145729.png,76.19573436663356,0.06926953685395532,129.32725124972922,0.03429168522586731,2.2777634036777634,35,0.7297682692744409,-1.1784078183499676,0.9057636644735128,0.6473220514549085,Mild Stress
19-20_N_FD_brown_6_3_A00420200107145733.png,77.47096207125614,0.08977900552449823,129.68513957972166,0.036646967605474146,1.8643227183615352,35,0.5045678421722813,-1.029510417266651,0.9057636644735128,0.6221600037617193,Mild Stress
19-20_N_FD_brown_6_3_A00520200107145742.png,72.62409169034937,0.09192859452337385,130.86186460868234,0.030771720408770128,4.098004484114014,35,1.7212504414501317,-1.4009346871910502,0.9057636644735128,0.7289770387030082,Severe Stress
19-20_N_FD_brown_6_3_A00620200107145746.png,74.94647625346174,0.08435084528547782,129.74534369445706,0.035248186028649035,2.8872682180794875,35,1.0617644888025317,-1.1179392796722067,0.9057636644735128,0.6655851685885094,Severe Stress
19-20_N_FD_brown_6_3_A00720200107145751.png,76.32495588492996,0.06394953154456152,129.1861798590763,0.04022417980894949,2.1889449468376867,35,0.6813890092612637,-0.8033644549681022,0.9057636644735128,0.6188423880045261,Mild Stress
19-20_N_FD_brown_6_3_A00820200107145759.png,72.99157223321151,0.08576960472019575,130.26694354108693,0.032115595065505924,3.8001263536391967,35,1.5589967383439352,-1.3159769574927977,0.9057636644735128,0.7123494472179192,Severe Stress
19-20_N_FD_brown_6_3_A00920200107145803.png,75.94348364961587,0.1017179394571963,129.6817749031453,0.03385922799489354,2.4786515447499973,35,0.8391916926964081,-1.2057471124954242,0.9057636644735128,0.6565207951064636,Mild Stress
19-20_N_FD_brown_6_3_A01020200107145808.png,78.05772421374591,0.0787369633734033,129.89328525010447,0.03780622590577272,1.6777895642084424,35,0.402963555327944,-0.9562238552844166,0.9057636644735128,0.6103967387873642,Mild Stress
19-20_N_FD_brown_6_3_A01120200107145811.png,80.20874405985101,0.04872928975063925,129.85349104161315,0.040604797975130565,0.7969303878756051,35,-0.07683891639852491,-0.7793023483433669,0.9057636644735128,0.5662250841358428,Mild Stress
19-20_N_FD_brown_6_4_A01320200107145837.png,71.13550909518378,0.0674280091601979,129.613757281807,0.03380700529998542,4.372835485584307,35,1.8709504131998518,-1.2090485525336603,0.9057636644735128,0.7261395717007963,Severe Stress
19-20_N_FD_brown_6_4_A01420200107145842.png,73.32239053994441,0.07402125171819407,129.93182061528051,0.03567362432785686,3.5799063759437324,35,1.439043296907677,-1.0910437118108591,0.9057636644735128,0.6891521586581161,Severe Stress
19-20_N_FD_brown_6_4_A01520200107145846.png,74.2612288805923,0.08457465881969847,129.57709717564177,0.037350557383304034,3.119383872260414,35,1.18819748467148,-0.9850305322835405,0.9057636644735128,0.6651496055985323,Severe Stress
19-20_N_FD_brown_6_4_A01620200107145851.png,75.5746075484302,0.10019205076778477,129.5249331997328,0.038029121917706785,2.586457498329846,35,0.8979134093841794,-0.9421327054604374,0.9057636644735128,0.642739588004811,Mild Stress
19-20_N_FD_brown_6_4_A01720200107145855.png,75.57180642920218,0.07906554337648597,129.2221720006194,0.03571843954827673,2.5044933686557442,35,0.8532676895379425,-1.0882105611418478,0.9057636644735128,0.6495619752180329,Mild Stress
19-20_N_FD_brown_6_4_A01820200107145858.png,76.82040799420109,0.09878015946940548,129.23185668427047,0.03329438322201356,2.01437402920147,35,0.5863005319837497,-1.24145574744533,0.9057636644735128,0.6419129661920966,Mild Stress
19-20_N_FD_brown_6_4_A01920200107145903.png,72.99220543806646,0.09616314199354267,129.67800604229606,0.03456622234641003,3.6562764350451715,35,1.4806419361763465,-1.1610519954967724,0.9057636644735128,0.696658908247908,Severe Stress
19-20_N_FD_brown_6_4_A02020200107145907.png,73.13501326147741,0.09525421004278675,129.4831407916277,0.03456126430713245,3.5501188668309354,35,1.422818092149755,-1.1613654352648837,0.9057636644735128,0.6927907234422772,Severe Stress
19-20_N_FD_brown_6_4_A02120200107145910.png,73.33990622227854,0.08543065940064448,129.6836607105141,0.033370059362776275,3.514853419507329,35,1.4036090639111567,-1.2366716159198927,0.9057636644735128,0.696563852068552,Severe Stress
19-20_N_FD_brown_6_4_A02220200107145914.png,74.87474040924457,0.09721752138318639,129.41833285280316,0.033627965510641046,2.838713181987078,35,1.0353166445183926,-1.220367178085613,0.9057636644735128,0.6706956332896941,Severe Stress
19-20_N_FD_brown_6_4_A02320200107145921.png,72.29354300182314,0.07438164731769907,129.55393640776907,0.038884212877369116,3.897100477774206,35,1.6118183762443228,-0.8880751441735338,0.9057636644735128,0.6871213262517094,Severe Stress
19-20_N_FD_brown_6_4_A02420200107145926.png,73.52310970464136,0.0832151898730666,129.510805907173,0.040349908373945094,3.397582911392277,35,1.33973202071741,-0.7954160846444956,0.9057636644735128,0.6625883275598281,Severe Stress
19-20_N_FD_brown_6_4_A02520200107145931.png,74.10854335790225,0.08455470262523115,129.51163343636426,0.04016460802066006,3.1640851618489982,35,1.2125461998920606,-0.8071304936100004,0.9057636644735128,0.6548216500933747,Mild Stress
19-20_N_FD_brown_6_4_A02620200107145935.png,74.06758599344174,0.06270912801954633,129.6112310111758,0.04015646093908228,3.1977215502240917,35,1.2308678825354882,-0.8076455398243518,0.9057636644735128,0.6560886199450898,Mild Stress
19-20_N_FD_brown_7_3_A00120200107150100.png,69.88802218606588,0.10644846934130202,130.16773919352278,0.027241047686461867,5.023982888223795,35,2.225629278606422,-1.6241384936557404,0.9057636644735128,0.7779146903015922,Severe Stress
19-20_N_FD_brown_7_3_A00220200107150105.png,71.36026018261317,0.14555752488442344,130.4769133432426,0.027192687585955493,4.526069396474924,35,1.9544166597612098,-1.6271957462993614,0.9057636644735128,0.759878397104499,Severe Stress
19-20_N_FD_brown_7_3_A00320200107150111.png,71.15555623777487,0.1463375055911201,130.7667555500978,0.026391230866158827,4.680684519371393,35,2.0386352501162097,-1.677862631803937,0.9057636644735128,0.7689508763358257,Severe Stress
19-20_N_FD_brown_7_3_A00420200107150130.png,71.23303255484784,0.10510438782685286,132.16230980184005,0.023446934798538693,4.984150964260277,35,2.2039328984303292,-1.8639965902134796,0.9057636644735128,0.792588380173166,Severe Stress
19-20_N_FD_brown_7_3_A00520200107150145.png,71.24721439090186,0.1381358030584657,131.7286284594767,0.02349774835020781,4.8816188895788954,35,2.1480838544683,-1.86078423408631,0.9057636644735128,0.7886158744436376,Severe Stress
19-20_N_FD_brown_7_3_A00620200107150153.png,68.50016675788466,0.14025193268052502,130.79597814188958,0.02688473379426954,5.748016008756714,35,2.620008868644613,-1.6466641207213897,0.9057636644735128,0.805955989036706,Severe Stress
19-20_N_FD_brown_7_3_A00720200107150158.png,70.79323254200578,0.09977326181449866,130.5649587979492,0.027711793857280582,4.758867324320061,35,2.081221288916474,-1.5943786304598333,0.9057636644735128,0.7662000544744058,Severe Stress
19-20_N_FD_brown_7_3_A00820200107150202.png,71.69368026931052,0.12627708425974749,130.43663899126085,0.029554793813060143,4.375884619581917,35,1.8726112712211864,-1.477866951865247,0.9057636644735128,0.7443321712316289,Severe Stress
19-20_N_FD_brown_7_3_A00920200107150208.png,69.55858848573807,0.1118593292641488,130.9304242954875,0.0330781657608797,5.348321444819103,35,2.4022959301119315,-1.2551246893566768,0.9057636644735128,0.7649773036941485,Severe Stress
19-20_N_FD_brown_7_3_A01020200107150211.png,69.80371358401084,0.1366488821132425,130.33603489159893,0.033748533651678604,5.110350398035031,35,2.2726735120068273,-1.2127450419844905,0.9057636644735128,0.7534083400467015,Severe Stress
19-20_N_FD_brown_7_3_A01120200107150215.png,70.88114090112245,0.06939955633440484,130.12799411769592,0.03794108015940783,4.603832013692042,35,1.9967738230299437,-0.9476985726834191,0.9057636644735128,0.7170239720858993,Severe Stress
19-20_N_FD_brown_7_3_A01220200107150219.png,72.4600447149321,0.11335684886388367,130.01583824148517,0.0414120931604178,3.95961657150081,35,1.6458707845050664,-0.7282663638528746,0.9057636644735128,0.6786628761002019,Severe Stress
19-20_N_FD_brown_7_4_A01520200107150507.png,70.19870602165088,0.06686823409985256,131.29041779431665,0.02469435453262158,5.166525921853761,35,2.303272222791639,-1.7851365953045086,0.9057636644735128,0.7939658323409685,Severe Stress
19-20_N_FD_brown_7_4_A01620200107150512.png,73.83174156487235,0.055523042249081576,130.34781904892353,0.028335008177557568,3.4736912010691228,35,1.3811880746326917,-1.5549799607246828,0.9057636644735128,0.7164654157522463,Severe Stress
19-20_N_FD_brown_7_4_A01720200107150516.png,77.42404306462531,0.10006120819257451,129.985901848001,0.032807106864131776,1.9618796590175265,35,0.5577069392248735,-1.2722606241455297,0.9057636644735128,0.6420616984963301,Mild Stress
19-20_N_FD_brown_7_4_A01820200107150521.png,80.35535712127987,0.08233948372147908,130.49193441196726,0.03605097164545986,0.9096595737823883,35,-0.015435523566808716,-1.0671883833019156,0.9057636644735128,0.5897185037138574,Mild Stress
19-20_N_FD_brown_7_4_A01920200107150526.png,82.0399457713625,0.0876789345664194,130.29961720961762,0.039574674684147444,0.1896136209576511,31,-0.40764331024190364,-0.8444251897278398,-1.1693050696734324,0.36226133253837955,Mild Stress
19-20_N_FD_brown_7_4_A02020200107150532.png,73.08158702505392,0.0673510867758945,130.48545710967315,0.03212250212126662,3.8123023477682807,35,1.5656289813128772,-1.31554030384107,0.9057636644735128,0.7127661663275789,Severe Stress
19-20_N_FD_brown_7_4_A02120200107150536.png,76.48570574597507,0.07235178647853094,130.1214910615473,0.03426240645812015,2.361413592264281,35,0.775332382497723,-1.1802587779046356,0.9057636644735128,0.6505112181186168,Mild Stress
19-20_N_FD_brown_7_4_A02220200107150541.png,77.67758797909059,0.10040354995940341,130.0964360419308,0.03778551823154396,1.8882150613322537,35,0.5175819601160964,-0.957532963229111,0.9057636644735128,0.6181940938762328,Mild Stress
19-20_N_FD_brown_7_4_A02320200107150545.png,80.50298944154687,0.08919428189762278,130.22341305177457,0.04343702618020111,0.7858754849890595,35,-0.08286050290426221,-0.6002531512444327,0.9057636644735128,0.5537771105502601,Mild Stress
19-20_N_FD_brown_7_4_A02420200107150554.png,71.52921217262221,0.11618280139914672,130.62790372176863,0.029886392697880775,4.485955041882974,35,1.9325664401096898,-1.456903770303909,0.9057636644735128,0.7469547960395226,Severe Stress
19-20_N_FD_brown_7_4_A02520200107150557.png,72.77465462119542,0.08376397417367361,130.4614959277937,0.030392926524664857,3.934829524431038,35,1.6323693227840352,-1.4248814654533428,0.9057636644735128,0.7246095154321802,Severe Stress
19-20_N_FD_brown_7_4_A02620200107150603.png,73.18700335147687,0.11085400900818165,130.26249392699216,0.031089054207611343,3.7296210443101536,35,1.5205926181453489,-1.3808733228584897,0.9057636644735128,0.71413133175766,Severe Stress
19-20_N_FD_brown_7_4_A02720200107150609.png,75.29536531395279,0.08532450922639385,130.42760916786781,0.03427314108649299,2.9186197446150786,35,1.0788416111489199,-1.1795801508830306,0.9057636644735128,0.6708797887626118,Severe Stress
19-20_N_FD_brown_7_4_A02820200107150613.png,76.79017679996473,0.07968624118673745,130.10817223867795,0.037147237023020405,2.2388625240989555,35,0.7085790273663869,-0.9978841389235263,0.9057636644735128,0.6337547175530537,Mild Stress
19-20_N_FD_brown_8_3_A00120200107151155.png,67.73526978779579,0.11827887858748429,129.79661227621264,0.02978491137292411,5.796442761440463,35,2.6463868371776553,-1.463319266668749,0.9057636644735128,0.7953983007473816,Severe Stress
19-20_N_FD_brown_8_3_A00220200107151158.png,70.69509842735245,0.0904293403636782,129.45967300386633,0.03893533093081924,4.5185291491528865,35,1.950309500070141,-0.8848435379028531,0.9057636644735128,0.7096710855251995,Severe Stress
19-20_N_FD_brown_8_3_A00320200107151209.png,72.8074265540285,0.07618207035650745,129.54921615601228,0.04256951534818949,3.6909971420164496,35,1.499554245286032,-0.6550958781363637,0.9057636644735128,0.663900045168379,Severe Stress
19-20_N_FD_brown_8_3_A00420200107151213.png,74.35135550424425,0.07349374574297955,129.40012292563,0.047386167414094,3.0352113407198402,35,1.1423488521434342,-0.3505943963838916,0.9057636644735128,0.6193932378827565,Mild Stress
19-20_N_FD_brown_8_3_A00520200107151218.png,76.06997622467681,0.061683755179959034,129.0707109482061,0.04860749374528684,2.2612765614937906,35,0.7207879148166867,-0.2733839870657562,0.9057636644735128,0.5858455734305255,Mild Stress
19-20_N_FD_brown_8_3_A00620200107151225.png,68.43281716164904,0.10149257526401252,129.91663700162735,0.03733264090503151,5.541554787089623,35,2.5075497978497303,-0.986163185028045,0.9057636644735128,0.7539662283836671,Severe Stress
19-20_N_FD_brown_8_3_A00720200107151228.png,69.99455564118051,0.10068523108282887,129.78156749213755,0.03986757888038186,4.882809447441172,35,2.1487323492792774,-0.8259082280406461,0.9057636644735128,0.7190531023486516,Severe Stress
19-20_N_FD_brown_8_3_A00820200107151231.png,72.8714791847551,0.09008760631847679,129.32891255416243,0.04589411576247071,3.6151671268500323,35,1.4582497670158812,-0.44491965229900776,0.9057636644735128,0.6469852998961005,Mild Stress
19-20_N_FD_brown_8_3_A00920200107151240.png,70.66174298375185,0.10484556414635367,129.441097348638,0.03616858667425345,4.532273091109985,35,1.9577958015124834,-1.0597529385045796,0.9057636644735128,0.7219391314962927,Severe Stress
19-20_N_FD_brown_8_3_A01020200107151258.png,72.01593869225015,0.10950410661021918,129.2986479392544,0.04165557930317683,3.9566129452271177,35,1.6442347144623386,-0.7128735370009739,0.9057636644735128,0.6775175021270268,Severe Stress
19-20_N_FD_brown_8_3_A01120200107151302.png,73.25168790020238,0.08676719418695976,129.66018877940348,0.04652696299504393,3.5447405527353517,35,1.4198885337525484,-0.40491200437160685,0.9057636644735128,0.6417141612323246,Mild Stress
19-20_N_FD_brown_8_3_A01220200107151309.png,73.62620847104202,0.07264425414744523,129.17295250183383,0.04960285681605472,3.2681802259932553,35,1.2692466015145645,-0.21045863439683907,0.9057636644735128,0.6185028410942465,Mild Stress
19-20_N_FD_brown_8_4_A01420200107151332.png,70.98820453397511,0.07373121278072602,130.35523070980776,0.03355661693411504,4.619331788335149,35,2.005216523503278,-1.2248777275244833,0.9057636644735128,0.7362350719751904,Severe Stress
19-20_N_FD_brown_8_4_A01520200107151336.png,71.12291855758353,0.11923637787027527,129.66446997690034,0.03867621783688298,4.408682803446268,35,1.8904763853155517,-0.9012242770481129,0.9057636644735128,0.7067484522857405,Severe Stress
19-20_N_FD_brown_8_4_A01620200107151340.png,72.4146016857849,0.09019582990011958,128.7079451591778,0.04417350802856288,3.64271415594553,35,1.4732545861786512,-0.5536938791522215,0.9057636644735128,0.6553107538939983,Mild Stress
19-20_N_FD_brown_8_4_A01720200107151344.png,73.5437009544891,0.09075135850306339,128.31657082941524,0.05231631679013847,3.0934253010342445,35,1.1740578957661842,-0.038917785799263006,0.9057636644735128,0.6005624488706687,Mild Stress
19-20_N_FD_brown_8_4_A01820200107151347.png,73.98777620075417,0.05964088652963508,127.43227570105232,0.0567087549754757,2.683832755246783,35,0.9509535436179546,0.23876553399231495,0.9057636644735128,0.5668791651514616,Mild Stress
19-20_N_FD_brown_8_4_A01920200107151353.png,69.92949045065545,0.07696780076429487,129.42231275671966,0.035772066905875664,4.810720739185236,35,2.109465754420422,-1.084820320446046,0.9057636644735128,0.7338265922447766,Severe Stress
19-20_N_FD_brown_8_4_A02020200107151404.png,72.78712973860002,0.07360059009732632,129.31321586633294,0.04283394601685203,3.6392122776772915,35,1.4713471191351892,-0.6383789699339816,0.9057636644735128,0.6608784272657862,Severe Stress
19-20_N_FD_brown_8_4_A02120200107151408.png,73.4994033066755,0.06099946131827373,128.5585588198732,0.04919052113807504,3.161228193759495,35,1.2109900143089187,-0.23652587429838767,0.9057636644735128,0.6163377659960914,Mild Stress
19-20_N_FD_brown_8_4_A02220200107151414.png,78.09080890812137,0.046401511328724526,128.44788862022614,0.056656498682974295,1.2918891207730354,35,0.19276425040444448,0.23546196996488494,0.9057636644735128,0.5161050913942875,Mild Stress
19-20_N_FD_brown_8_4_A02320200107151423.png,71.35050576534353,0.08760949067464643,129.71714008449905,0.03783857520931067,4.319746036723476,35,1.8420326821136312,-0.9541787810863662,0.9057636644735128,0.7070518514963929,Severe Stress
19-20_N_FD_brown_8_4_A02420200107151427.png,72.35481633466797,0.07086192287854139,129.14764665813826,0.04122101373313124,3.7697868036748616,35,1.542470837887792,-0.7403461171639011,0.9057636644735128,0.6725206242981311,Severe Stress
19-20_N_FD_brown_8_4_A02520200107151434.png,77.87016249408396,0.05973488020233998,129.2110805027325,0.05637871668625111,1.5756123361203613,35,0.34730779569231274,0.21790101093171738,0.9057636644735128,0.5276809451407346,Mild Stress
19-20_N_FD_brown_9_3_A00120200107151457.png,68.56596866369053,0.11367228890499369,129.559367888968,0.030919685769766007,5.403239807882539,35,2.432209867604991,-1.3915805401497434,0.9057636644735128,0.7761674369485062,Severe Stress
19-20_N_FD_brown_9_3_A00220200107151501.png,72.18855788473932,0.10489806994290857,129.70224042603712,0.03725571280391521,3.9868512770935673,35,1.6607054815954108,-0.9910264635995103,0.9057636644735128,0.697334071149028,Severe Stress
19-20_N_FD_brown_9_3_A00320200107151505.png,73.64947370641467,0.10039445651443712,129.36465922754024,0.04093904801996346,3.3165133840992453,35,1.2955735892427795,-0.7581715644430906,0.9057636644735128,0.6571131154679171,Mild Stress
19-20_N_FD_brown_9_3_A00420200107151509.png,74.86093608226636,0.06581644655011502,129.35752091944752,0.04350507065081507,2.8180415532478733,35,1.0240568440529267,-0.5959514823998672,0.9057636644735128,0.6279397123875863,Mild Stress
19-20_N_FD_brown_9_3_A00520200107151512.png,76.22338837442356,0.061209129807177895,128.67971657511632,0.04622498812296965,2.1019969894421635,35,0.634028607064379,-0.4240024005099385,0.9057636644735128,0.5901407757599725,Mild Stress
19-20_N_FD_brown_9_3_A00620200107151518.png,68.69267471592734,0.10012463647651342,129.9018798264512,0.032803744328845676,5.433443693008641,35,2.4486618716581003,-1.2724731985567705,0.9057636644735128,0.7692627764438806,Severe Stress
19-20_N_FD_brown_9_3_A00720200107151523.png,70.22742586164252,0.10238641500378523,129.5425128148268,0.03763858222595392,4.7304931043010185,35,2.0657659002865634,-0.9668220359735745,0.9057636644735128,0.7229506769922155,Severe Stress
19-20_N_FD_brown_9_3_A00820200107151530.png,71.89231602418458,0.08899127984426,129.31852895506222,0.039994402328747625,4.003852777037213,35,1.669966169245824,-0.8178906408410853,0.9057636644735128,0.6863117297862997,Severe Stress
19-20_N_FD_brown_9_3_A00920200107151534.png,74.6160946989192,0.08040761708664783,129.1189788986104,0.04567615199934085,2.8614495110652456,35,1.0477010836918674,-0.4586989927897192,0.9057636644735128,0.6202983523241488,Mild Stress
19-20_N_FD_brown_9_3_A01020200107151542.png,68.86349149834135,0.08862914010764442,129.4683988398145,0.037630445880828096,5.252723309654765,35,2.3502237910269455,-0.9673364034456201,0.9057636644735128,0.7421180845849209,Severe Stress
19-20_N_FD_brown_9_3_A01120200107151546.png,70.63234499266466,0.10238591614503219,129.31744009471598,0.04070921749733963,4.512257097263891,35,1.946893124240732,-0.772701103578021,0.9057636644735128,0.7018985295962525,Severe Stress
19-20_N_FD_brown_9_3_A01220200107151550.png,72.22926400518111,0.06396060339688897,129.1485362950876,0.042833241570275175,3.817814682888372,35,1.568631540730621,-0.6384235039845074,0.9057636644735128,0.6674248320812605,Severe Stress
19-20_N_FD_brown_9_3_A01320200107151555.png,72.65486517283863,0.059321428120664016,128.99886890670794,0.04661600322368041,3.608533657383763,35,1.4546365276564543,-0.3992830153592363,0.9057636644735128,0.6436727232304331,Mild Stress
19-20_N_FD_brown_9_3_A01420200107151558.png,75.51153577254719,0.06187785065060643,128.63356443719414,0.050550780136883536,2.375434048007371,35,0.7829693005216367,-0.15053235119624933,0.9057636644735128,0.5817648554653803,Mild Stress
19-20_N_FD_brown_9_4_A01620200107151635.png,73.0080598983186,0.11860370286773349,130.0063550866721,0.033211336998539405,3.739876108344287,35,1.5261785338098424,-1.2467058044882353,0.9057636644735128,0.7054828548727716,Severe Stress
19-20_N_FD_brown_9_4_A01720200107151638.png,74.90202203140647,0.09692966569323533,130.02971469967827,0.036461402433414745,2.9805452453496066,35,1.1125723244270875,-1.0412415676758158,0.9057636644735128,0.6638437997406904,Severe Stress
19-20_N_FD_brown_9_4_A01820200107151642.png,75.73828353528934,0.06820908023355819,129.69684292045642,0.03943989034469562,2.5527704940801144,35,0.8795641563612717,-0.8529460524595767,0.9057636644735128,0.6355066574924242,Mild Stress
19-20_N_FD_brown_9_4_A01920200107151648.png,77.64634237651933,0.05900117303492067,129.02569446177654,0.047044955586897926,1.6185370753986241,35,0.37068882702772643,-0.3721652936691957,0.9057636644735128,0.5689417864531755,Mild Stress
19-20_N_FD_brown_9_4_A02020200107151651.png,79.64202549002803,0.0511310536773992,129.11749246032232,0.04955419224381219,0.8404587878564556,35,-0.053129072121193,-0.21353513528458115,0.9057636644735128,0.5297659754800148,Mild Stress
19-20_N_FD_brown_9_4_A02120200107151658.png,75.51917852920111,0.09691185631848134,129.43849351816144,0.044927652176431965,2.585871117571383,35,0.8975940087979759,-0.5060180231138285,0.9057636644735128,0.6133847658638921,Mild Stress
19-20_N_FD_brown_9_4_A02220200107151704.png,76.23350258039235,0.0530960539587425,129.0931067256947,0.0497338115273141,2.198459268152291,35,0.6865714436460105,-0.20217987498566697,0.9057636644735128,0.5787549208157649,Mild Stress
19-20_N_FD_brown_9_4_A02320200107151707.png,78.72339998689856,0.08135992925190233,129.33625659166094,0.051709721883206675,1.273180128393978,35,0.1825734945740352,-0.07726580127908748,0.9057636644735128,0.5364539152506425,Mild Stress
19-20_N_FD_brown_9_4_A02420200107151709.png,79.32530755783061,0.07812557039625323,129.14770076945229,0.05334934299988356,0.9841461188695142,35,0.025137168871901813,0.026388573732738896,0.9057636644735128,0.5188927957555683,Mild Stress
19-20_N_FD_brown_9_4_A02520200107151717.png,72.62322395817698,0.06960497141577453,129.97159190815404,0.038450657739310765,3.8679701337632366,35,1.5959511281821601,-0.9154838463496114,0.9057636644735128,0.6878976114824248,Severe Stress
19-20_N_FD_brown_9_4_A02620200107151719.png,73.77115854665915,0.06951110508605961,129.74028543227868,0.03811515962304912,3.350936826186132,35,1.314323978683441,-0.9366935314439507,0.9057636644735128,0.6703817742714329,Severe Stress
19-20_N_FD_brown_9_4_A02720200107151723.png,75.32015374108867,0.08726014391328844,129.28403374641883,0.04038858970351254,2.6234879905388837,35,0.9180838545228818,-0.7929707093073771,0.9057636644735128,0.6340635377470892,Mild Stress
19-20_N_FD_brown_9_4_A02820200107151726.png,75.68663997327913,0.0928096920909796,128.91537563864136,0.04378373167792999,2.386671312580532,35,0.7890902191230565,-0.5783349523906096,0.9057636644735128,0.6109508156011461,Mild Stress
19-20_N_FD_brown_9_4_A02920200107151730.png,77.13575927221834,0.10330040522684875,128.86866323823784,0.045694457470174005,1.7990172425015203,35,0.4689960622819294,-0.45754174852199875,0.9057636644735128,0.5812964632855733,Mild Stress
19-20_N_FD_gray_10_3_A00120200108094224.png,79.60810935430325,0.03226387887513513,128.54333009171543,0.05750529760243831,0.703881138813852,35,-0.12752268162645453,0.28912175795668266,0.9057636644735128,0.4909532073281291,Mild Stress
19-20_N_FD_gray_10_3_A00220200108094228.png,80.34018704210135,0.024312941017487454,128.27610655322596,0.06247005601188404,0.34146135082206897,33,-0.32493211409098627,0.6029862994544247,-0.13177070259995977,0.3635176842408645,Mild Stress
19-20_N_FD_gray_10_3_A00320200108094231.png,83.44434218454656,0.048249704913503604,128.09583082269234,0.06747602922765264,-0.9368917714258131,31,-1.0212488515146565,0.919456378870152,-1.1693050696734324,0.20235010199562858,No Stress
19-20_N_FD_gray_10_3_A00420200108094235.png,85.48760243791122,0.052219605878887104,129.11183049327715,0.06624278677802753,-1.4988064897875901,31,-1.3273228279383187,0.8414926505101349,-1.1693050696734324,0.18700726782596078,No Stress
19-20_N_FD_gray_10_3_A00520200108094239.png,85.90642614655393,0.04153055342027955,128.842805213938,0.06947420561850574,-1.7373334614399738,31,-1.4572480573588715,1.0457780777374166,-1.1693050696734324,0.16452805557569472,No Stress
19-20_N_FD_gray_10_3_A00620200108094245.png,80.88112350337603,0.028288389293634114,128.27188564161347,0.06267016022088273,0.12542294530572562,31,-0.44260786038464794,0.6156365858590264,-1.1693050696734324,0.26170495162314206,No Stress
19-20_N_FD_gray_10_3_A00720200108094251.png,81.69952899205944,0.016990810002067376,128.775005343022,0.06195408855964707,-0.08011347756755072,31,-0.5545631948740645,0.5703676150253884,-1.1693050696734324,0.257219586201667,No Stress
19-20_N_FD_gray_10_3_A00820200108094255.png,82.32367605333508,0.03546241779133607,128.72106096140914,0.06548782590919093,-0.33679333475478046,31,-0.69437626968762,0.7937651626035098,-1.1693050696734324,0.23278981859884318,No Stress
19-20_N_FD_gray_10_3_A00920200108094302.png,80.91358851674642,0.027189515290088662,128.20113168296234,0.06634270397558774,0.09436384439354839,31,-0.4595256989991072,0.8478092650991367,-1.1693050696734324,0.244950971733501,No Stress
19-20_N_FD_gray_10_3_A01020200108094305.png,82.59589863329029,0.030374535388704226,127.90551427970314,0.07142972856006556,-0.6513497960042898,31,-0.8657146307561525,1.169403289847085,-1.1693050696734324,0.19599984696837786,No Stress
19-20_N_FD_gray_10_3_A01120200108094308.png,83.6545754125372,0.042221019927853244,128.6137438621515,0.07396926341776773,-0.8936168425022615,31,-0.997677072484382,1.329948854806249,-1.1693050696734324,0.17632558034510631,No Stress
19-20_N_FD_gray_10_3_A01220200108094312.png,85.23226877153684,0.026745531170309127,128.24075474474634,0.07682820875863687,-1.6233578865185478,31,-1.3951657585839283,1.5106870689501224,-1.1693050696734324,0.13743368698133,No Stress
19-20_N_FD_gray_10_4_A01420200108094333.png,76.49968563893886,0.04666078695031933,128.25514329625037,0.05826348269940037,1.8802428439196603,35,0.5132395070628993,0.3370530767043726,0.9057636644735128,0.5308273725854351,Mild Stress
19-20_N_FD_gray_10_4_A01520200108094337.png,77.92096534906722,0.025301831451752573,128.3750468947171,0.05796968038817171,1.334231225060499,35,0.21582792146683066,0.3184793375412913,0.9057636644735128,0.512072569263951,Mild Stress
19-20_N_FD_gray_10_4_A01620200108094341.png,78.70973850201005,0.02103675713677689,128.58448803920987,0.06592025433674825,1.0695894739963165,35,0.07167801681210842,0.821102635840404,0.9057636644735128,0.468570209845461,Mild Stress
19-20_N_FD_gray_10_4_A01720200108094345.png,78.6827483892845,0.04377331298726783,128.0516573414717,0.06949170310099048,0.9551356391996677,35,0.00933521070929156,1.0468842421999187,0.9057636644735128,0.4491907864387181,Mild Stress
19-20_N_FD_gray_10_4_A01820200108094348.png,77.67143921996113,0.06796041207945176,126.86279519671163,0.06906156090448398,1.0709092554212631,35,0.07239689947444762,1.0196913010432076,0.9057636644735128,0.45526136779878745,Mild Stress
19-20_N_FD_gray_10_4_A01920200108094352.png,78.42454532423841,0.07068658780250299,127.0414794141702,0.07478586041312782,0.8152920295780604,35,-0.06683736188163703,1.381572885705618,0.9057636644735128,0.421556010891239,Mild Stress
19-20_N_FD_gray_10_4_A02020200108094404.png,77.24633077342446,0.026044103695515176,128.83355297895267,0.06235233393013407,1.7189713716618122,35,0.4253952147091301,0.5955440869305854,0.9057636644735128,0.5075326492676832,Mild Stress
19-20_N_FD_gray_10_4_A02120200108094408.png,77.67807611228226,0.03509033959479431,128.43856310116158,0.06513917788644627,1.4506919492356687,35,0.2792638767473681,0.7717241602468485,0.9057636644735128,0.4858537875058451,Mild Stress
19-20_N_FD_gray_10_4_A02220200108094412.png,77.41192272105131,0.04884299035911071,127.93703070435387,0.06586639437545833,1.4365836342936298,35,0.27157910196955737,0.8176976902899445,0.9057636644735128,0.48224469725373614,Mild Stress
19-20_N_FD_gray_10_4_A02320200108094419.png,77.63902418364322,0.05990851721629788,127.09715810427343,0.06952290013351098,1.1396478336367757,35,0.10983868428739722,1.0488564715614737,0.9057636644735128,0.45581805791546387,Mild Stress
19-20_N_FD_gray_10_4_A02420200108094422.png,78.54195604386437,0.06278494529441274,127.54800845919938,0.07057005568412239,0.892194428107139,35,-0.024948758246311088,1.11505606672086,0.9057636644735128,0.4422995473892838,Mild Stress
19-20_N_FD_gray_10_4_A02520200108094430.png,77.67540212183437,0.05925308008188204,128.59887063655032,0.055782736857580034,1.500295388432491,35,0.30628278439143863,0.1802240646956502,0.9057636644735128,0.5274557522460065,Mild Stress
19-20_N_FD_gray_10_4_A02620200108094435.png,77.6804518484127,0.014827340918030799,127.50673214947459,0.06380609910256274,1.2096918673248744,35,0.1479915484411824,0.6874489293538547,0.9057636644735128,0.48269273411965463,Mild Stress
19-20_N_FD_gray_10_4_A02720200108094440.png,77.70782541322313,0.038494318181652484,126.66593922176308,0.06711067887666163,0.996827651515094,35,0.03204477779749696,0.8963594805031203,0.9057636644735128,0.46084263286650523,Mild Stress
19-20_N_FD_gray_10_4_A02820200108094445.png,75.9357298569555,0.07232996638813811,126.02123086009085,0.06822210534819477,1.5563312604763588,35,0.3368054270957213,0.9666221863847442,0.9057636644735128,0.47661510731476076,Mild Stress
19-20_N_FD_gray_1_3_A00220200108091829.png,82.3592081281738,0.04089254037888358,129.74402584908648,0.03779157009341307,-0.09336439986528688,31,-0.5617809493596089,-0.9571503736458712,-1.1693050696734324,0.3594759055876793,Mild Stress
19-20_N_FD_gray_1_3_A00320200108091832.png,84.46764601046894,0.04823161427505104,129.31239011418114,0.04482121508222394,-1.0420798106460225,31,-1.0785445947729944,-0.5127468157391444,-1.1693050696734324,0.29482721428579045,No Stress
19-20_N_FD_gray_1_3_A00420200108091839.png,86.28118689568336,0.053595609721119125,129.2812027336295,0.048872406317307604,-1.7734156114635766,31,-1.4769019421473615,-0.2566366136596115,-1.1693050696734324,0.25080732843700376,No Stress
19-20_N_FD_gray_1_3_A00520200108091844.png,88.23273195471603,0.056620660417131354,129.79740763421105,0.0433449292941646,-2.4239236421876598,31,-1.8312325427760805,-0.6060753775292451,-1.1693050696734324,0.25047830051819325,No Stress
19-20_N_FD_gray_1_3_A00620200108091850.png,84.11560698299375,0.043351611382443596,129.98810248063077,0.04378826430052874,-0.734044109055958,31,-0.9107580802268096,-0.5780484068235519,-1.1693050696734324,0.31050486218617934,No Stress
19-20_N_FD_gray_1_3_A00720200108091857.png,85.0143141137241,0.045368529665849824,129.48448075980733,0.045505886303699186,-1.2187264701547633,31,-1.1747637250627747,-0.46946293336610095,-1.1693050696734324,0.28544415671769036,No Stress
19-20_N_FD_gray_1_3_A00820200108091901.png,86.2959297654275,0.07568637441425195,129.2447196692077,0.04356242881325802,-1.7807017578240831,31,-1.4808706934836262,-0.5923253858465972,-1.1693050696734324,0.2731190190071326,No Stress
19-20_N_FD_gray_1_3_A00920200108091908.png,84.19721813636839,0.016388962568154496,129.21058892559458,0.045229624020235525,-0.9705038862498583,31,-1.039557312396759,-0.486927818418206,-1.1693050696734324,0.2957129211561191,No Stress
19-20_N_FD_gray_1_3_A01020200108091911.png,86.38000150943996,0.0570925803079373,129.72904758310858,0.04467707796308779,-1.6997563048910678,31,-1.436779845098567,-0.5218589471017504,-1.1693050696734324,0.2713449807407571,No Stress
19-20_N_FD_gray_1_3_A01120200108091915.png,86.52408725204879,0.04528395508998396,129.72597280363564,0.04745056776795062,-1.7622923156291108,31,-1.4708431021210362,-0.3465231031066512,-1.1693050696734324,0.2572606697136888,No Stress
19-20_N_FD_gray_1_3_A01220200108091919.png,86.36737867415792,0.0981351316500231,129.65925616250493,0.045167570002555786,-1.6977901329594332,31,-1.4357088746438287,-0.4908507798598118,-1.1693050696734324,0.26933138665759004,No Stress
19-20_N_FD_gray_1_4_A01420200108091942.png,78.60095739157806,0.08871610600765784,130.2450587230146,0.03334255498602501,1.5519323612251057,35,0.3344093542723515,-1.2384104011509713,0.9057636644735128,0.6247657803693862,Mild Stress
19-20_N_FD_gray_1_4_A01620200108091949.png,78.20003642618639,0.06972781544037346,130.46360416877465,0.03745305651004293,1.7602912071232346,35,0.4479020577078688,-0.9785506920245229,0.9057636644735128,0.614921046451074,Mild Stress
19-20_N_FD_gray_1_4_A01720200108091954.png,80.4072357782444,0.04105020957513315,130.99384146292408,0.04178786534219393,0.9999336277845572,35,0.03373659770611887,-0.7045106130561427,0.9057636644735128,0.5686319228860535,Mild Stress
19-20_N_FD_gray_1_4_A01820200108092002.png,80.49845299548926,0.07552638863979413,129.53272728753115,0.04129383375969937,0.6102348597110101,35,-0.17853164808643793,-0.7357425448718081,0.9057636644735128,0.556455310184022,Mild Stress
19-20_N_FD_gray_1_4_A01920200108092013.png,79.27028288106985,0.06878489353386788,131.09077187743443,0.04298270815140331,1.4886545296675244,35,0.29994202873092285,-0.628974452069763,0.9057636644735128,0.5814564540778083,Mild Stress
19-20_N_FD_gray_1_4_A02020200108092020.png,80.21310881916132,0.05894936911932239,131.21132746129763,0.04255517603716167,1.1382206168516404,35,0.10906128176995028,-0.6560023877607956,0.9057636644735128,0.5704356142300205,Mild Stress
19-20_N_FD_gray_1_4_A02120200108092031.png,77.41756373702192,0.09211631019338433,129.28753771851802,0.0348139893488686,1.7870996433884194,35,0.4625045666318343,-1.1453885391487304,0.9057636644735128,0.627124835268821,Mild Stress
19-20_N_FD_gray_1_4_A02220200108092041.png,80.52971304061171,0.046063052270002076,129.81932573790132,0.03933341378132989,0.6590682865251445,35,-0.1519321648570755,-0.8596773402655369,0.9057636644735128,0.5665803374169949,Mild Stress
19-20_N_FD_gray_1_4_A02320200108092051.png,79.8625943203732,0.030234530658501298,130.38627543549407,0.0386624933009763,1.062113216454712,35,0.06760571224390342,-0.9020919215162554,0.9057636644735128,0.5841994192554644,Mild Stress
19-20_N_FD_gray_1_4_A02420200108092055.png,79.69326849468294,0.04647915815508728,130.4974436066367,0.03957799138923458,1.1633212091402783,35,0.12273353103007052,-0.844215512632681,0.9057636644735128,0.5840145474120338,Mild Stress
19-20_N_FD_gray_2_3_A00120200108092130.png,83.51583644682586,0.040222557555739356,129.62350814618756,0.04434282433668559,-0.586379647038946,31,-0.8303255028460744,-0.5429899574234383,-1.1693050696734324,0.3135567536601903,No Stress
19-20_N_FD_gray_2_3_A00220200108092133.png,82.72668413813311,0.055527521628852626,129.43131597581123,0.041949787294196295,-0.3134100287303383,31,-0.6816394232891164,-0.6942741513731432,-1.1693050696734324,0.3337329368931265,Mild Stress
19-20_N_FD_gray_2_3_A00320200108092137.png,84.93933508741533,0.09576804212981643,129.67232243949022,0.044807291279140404,-1.1241346103481433,31,-1.1232397024268672,-0.5136270575777814,-1.1693050696734324,0.29188019973438,No Stress
19-20_N_FD_gray_2_3_A00420200108092145.png,85.72393606839788,0.053910387290029387,130.279206278313,0.049764880279810096,-1.3009042222293843,31,-1.2195258046615567,-0.20021575529385865,-1.1693050696734324,0.2643237028622248,No Stress
19-20_N_FD_gray_2_3_A00520200108092150.png,84.56312472577879,0.07436480395646618,129.22307047983728,0.051669291545726165,-1.0934545889674396,31,-1.1065283477783685,-0.07982174625956759,-1.1693050696734324,0.26382620626115144,No Stress
19-20_N_FD_gray_2_3_A00620200108092159.png,82.53136507421526,0.09232297834336797,129.9728607348528,0.04726889228610329,-0.08701780355273314,31,-0.5583239693114578,-0.3580083531649234,-1.1693050696734324,0.31940976708537816,No Stress
19-20_N_FD_gray_2_3_A00720200108092204.png,82.44383586026116,0.03076002006427582,129.57469134803645,0.0527019835701545,-0.17309550007285424,31,-0.6052103419128252,-0.014536513419454321,-1.1693050696734324,0.29315403605336227,No Stress
19-20_N_FD_gray_2_3_A00820200108092219.png,84.38954579204956,0.07277387006861114,128.26473640929015,0.06010252547373457,-1.2641633599732742,31,-1.1995131204578988,0.45331458825405135,-1.1693050696734324,0.22171291937755205,No Stress
19-20_N_FD_gray_2_3_A00920200108092227.png,83.88308910731874,0.03525296990880117,129.51120223522082,0.04600762545595552,-0.7630965446542106,31,-0.9265828917111468,-0.4377437406104597,-1.1693050696734324,0.3000034984568297,No Stress
19-20_N_FD_gray_2_3_A01020200108092233.png,84.37132759619033,0.033308707545341494,129.82977457420682,0.04568752528471205,-0.8794293472835548,31,-0.9899491683466486,-0.4579799908355529,-1.1693050696734324,0.29710254662075236,No Stress
19-20_N_FD_gray_2_3_A01120200108092237.png,84.8848570761086,0.030564607775857306,129.95183866765393,0.04932903885499716,-1.0552855508084065,31,-1.0857377386274614,-0.2277689930716272,-1.1693050696734324,0.2751756171892512,No Stress
19-20_N_FD_gray_2_3_A01220200108092241.png,85.8024490468087,0.061218328248883624,130.100498749206,0.04817597013595863,-1.374428516534877,31,-1.259574360761732,-0.3006642590583605,-1.1693050696734324,0.26838624011663087,No Stress
19-20_N_FD_gray_2_4_A01420200108092301.png,81.09322717359997,0.05902563469506223,129.18974612187796,0.040622737346494485,0.28080463317277093,31,-0.3579717234143623,-0.7781682483321393,-1.1693050696734324,0.3611457914921333,Mild Stress
19-20_N_FD_gray_2_4_A01520200108092304.png,81.98146178331118,0.06251662033094597,129.22396953946574,0.04405822749056241,-0.06471151134221031,31,-0.5461737704769307,-0.5609817409612256,-1.1693050696734324,0.33387911050014696,Mild Stress
19-20_N_FD_gray_2_4_A01620200108092308.png,82.3582579026593,0.04974611138966484,129.09035223281487,0.045659999895848145,-0.25330396387362697,31,-0.6488997535906486,-0.4597201044207136,-1.1693050696734324,0.3201587790043569,No Stress
19-20_N_FD_gray_2_4_A01720200108092311.png,81.19848081761384,0.08075822689795172,129.23805339207826,0.044123755783825755,0.25838640038831073,31,-0.37018289608614363,-0.5568391410552361,-1.1693050696734324,0.34543773007180323,Mild Stress
19-20_N_FD_gray_2_4_A01820200108092318.png,80.80912533593941,0.04768303607766234,129.34170127860574,0.04390301965885729,0.428464247902852,33,-0.277541786342445,-0.5707937460816165,-0.13177070259995977,0.4456543470574737,Mild Stress
19-20_N_FD_gray_2_4_A01920200108092321.png,82.39440663036515,0.044682895579577664,129.8279027866752,0.047082379817258165,-0.08514794202440612,31,-0.5573054589670318,-0.3697993902486839,-1.1693050696734324,0.32027134504449,No Stress
19-20_N_FD_gray_2_4_A02020200108092325.png,81.88557146447621,0.04744218332962008,128.74104674403483,0.05039242847847627,-0.1523621356164142,31,-0.5939169141088253,-0.16054310430094124,-1.1693050696734324,0.30373413108225245,No Stress
19-20_N_FD_gray_2_4_A02120200108092333.png,80.64895900407812,0.03697145310137132,129.201892119471,0.04391120135460106,0.45382943682198373,33,-0.2637254117547667,-0.5702765116118773,-0.13177070259995977,0.4465488553189867,Mild Stress
19-20_N_FD_gray_2_4_A02220200108092336.png,79.38975608559491,0.041211149905389294,129.45761138866857,0.04859327247426097,1.0229243153960645,35,0.04625958553331751,-0.2742830343792282,0.9057636644735128,0.5405368577860934,Mild Stress
19-20_N_FD_gray_2_4_A02320200108092340.png,79.26571615583825,0.051599159257107084,128.91293759884215,0.045401534259106514,0.9400076431152229,35,0.0010950173746394811,-0.47605991229827166,0.9057636644735128,0.5510706970939684,Mild Stress
19-20_N_FD_gray_3_3_A00120200108092405.png,84.26128334883272,0.041188098084754696,129.24121869426764,0.053045483006772066,-0.9797928316365159,31,-1.0446169849028741,0.00717900308454839,-1.1693050696734324,0.26213867885160086,No Stress
19-20_N_FD_gray_3_3_A00220200108092410.png,84.13942319275898,0.029747897809747785,129.37406937428221,0.05551226931233556,-0.9018401692996321,31,-1.0021563043856934,0.163125514257291,-1.1693050696734324,0.2545055527858685,No Stress
19-20_N_FD_gray_3_3_A00320200108092414.png,84.6492328679121,0.06281402053327353,129.37191927763877,0.0556599011969112,-1.0947284205685008,31,-1.1072222016510123,0.17245857942207773,-1.1693050696734324,0.24681100892102004,No Stress
19-20_N_FD_gray_3_3_A00420200108092420.png,83.25681728975556,0.0338001610493556,129.15922453455482,0.05518782168062376,-0.601090725896249,31,-0.8383386020872974,0.1426144241358639,-1.1693050696734324,0.26690361959259695,No Stress
19-20_N_FD_gray_3_3_A00520200108092427.png,84.28120171056887,0.02519934675744501,129.57596339286783,0.05982358882753797,-0.9096700646454821,31,-1.0064212348549866,0.43568063402198903,-1.1693050696734324,0.2358864676652639,No Stress
19-20_N_FD_gray_3_3_A00620200108092431.png,84.28914346546334,0.04512466881414624,129.08478353267367,0.060777266401268196,-1.0286678689319686,31,-1.0712391332895315,0.49597069241557207,-1.1693050696734324,0.22747163031703407,No Stress
19-20_N_FD_gray_3_3_A00720200108092436.png,86.07358480663095,0.033756313411548625,129.43834759192046,0.05324569193848237,-1.6580323149782217,31,-1.414052859868286,0.019835909901092453,-1.1693050696734324,0.23643888571178565,No Stress
19-20_N_FD_gray_3_3_A00820200108092441.png,83.48714779233538,0.06972081075176668,128.67679838300546,0.05895904303079223,-0.8012572374196694,31,-0.94736895514059,0.38102535218931355,-1.1693050696734324,0.24353450748576005,No Stress
19-20_N_FD_gray_3_3_A00920200108092446.png,85.67241611375908,0.058969770866419496,129.40639498978638,0.05894619819258425,-1.4967282782537978,31,-1.3261908297058256,0.38021332088340143,-1.1693050696734324,0.21810933527687387,No Stress
19-20_N_FD_gray_3_4_A01120200108092505.png,80.27288573193835,0.03283974157000299,129.26577440987893,0.04581229841827888,0.6187832192438947,35,-0.17387537141556317,-0.4500920214464119,0.9057636644735128,0.5375554660639871,Mild Stress
19-20_N_FD_gray_3_4_A01220200108092510.png,83.22034871264154,0.06719570516654527,129.74454555377233,0.050017244093125475,-0.42848459980524467,31,-0.7443203433704221,-0.184261695493858,-1.1693050696734324,0.2952132317416991,No Stress
19-20_N_FD_gray_3_4_A01320200108092515.png,83.176854066746,0.0830979312662704,129.21729514009928,0.05102414105949776,-0.5373335657303855,31,-0.8036101870809437,-0.12060718733397607,-1.1693050696734324,0.2869439197802365,No Stress
19-20_N_FD_gray_3_4_A01420200108092521.png,79.86966665171161,0.025976939297305327,129.76919719878128,0.04353212349764698,0.9035245677647303,35,-0.018777250746837303,-0.5942412422095386,0.9057636644735128,0.5576830244454144,Mild Stress
19-20_N_FD_gray_3_4_A01520200108092527.png,81.6572854098043,0.04000758896838465,130.0481051798747,0.04739690984211226,0.26311478718589143,31,-0.36760735196545574,-0.3499152762804624,-1.1693050696734324,0.33169313760714997,Mild Stress
19-20_N_FD_gray_3_4_A01620200108092531.png,81.73396924647483,0.07704332291170705,129.42987143495182,0.04693745536927363,0.09084532316712313,31,-0.4614422314331441,-0.37896129535406403,-1.1693050696734324,0.32733539941035106,No Stress
19-20_N_FD_gray_3_4_A01720200108092539.png,80.42688008977106,0.04400326883731027,129.98413963302826,0.04668441722882477,0.7406840164416977,35,-0.10747621775693933,-0.39495798509878993,0.9057636644735128,0.538313164713091,Mild Stress
19-20_N_FD_gray_3_4_A01820200108092544.png,81.9182030390137,0.058187960861074625,129.2804173503574,0.051336865994381774,-0.026811091714755264,31,-0.5255294773761545,-0.10083718843220892,-1.1693050696734324,0.30431805546130425,No Stress
19-20_N_FD_gray_3_4_A01920200108092549.png,83.42001140728391,0.06984767686247902,129.43229218601053,0.05425394853914254,-0.5854848295090633,31,-0.8298380972832814,0.0835763720907934,-1.1693050696734324,0.2714463040471117,No Stress
19-20_N_FD_gray_4_3_A00120200108092611.png,78.67881610489536,0.07302126740228161,129.5241693913925,0.04522842165665431,1.3350733494807763,35,0.21628662518384517,-0.4870038300310596,0.9057636644735128,0.5662807102245203,Mild Stress
19-20_N_FD_gray_4_3_A00220200108092615.png,81.19560595912152,0.054948392276709966,129.65010338185556,0.0469285513300648,0.35351539911213337,33,-0.31836629480990547,-0.3795241952886187,-0.13177070259995977,0.43004355932116506,Mild Stress
19-20_N_FD_gray_4_3_A00320200108092618.png,82.71298396885857,0.07009334058821275,129.87917625884225,0.04129626202200761,-0.19086685362699285,31,-0.614890367495006,-0.735589033789665,-1.1693050696734324,0.3410013831718941,Mild Stress
19-20_N_FD_gray_4_3_A00420200108092624.png,80.7549978403136,0.039379640269433594,129.38674278542496,0.04787713411649469,0.4584694343250959,33,-0.26119801313008956,-0.3195562216669764,-0.13177070259995977,0.42985525033656563,Mild Stress
19-20_N_FD_gray_4_3_A00520200108092628.png,81.67488719117188,0.06635717854026246,129.46342800745697,0.04644119240440345,0.11912713788458262,31,-0.4460371758113818,-0.4103342917993591,-1.1693050696734324,0.3304817196731948,Mild Stress
19-20_N_FD_gray_4_3_A00620200108092631.png,82.33643131701396,0.05609144244363305,129.0194942342707,0.04545686269191707,-0.26006696338263424,31,-0.6525835477406007,-0.47256213219222754,-1.1693050696734324,0.32077476737373295,No Stress
19-20_N_FD_gray_4_3_A00720200108092638.png,77.72400991667124,0.04821918039620979,129.6962913845751,0.04963854974001471,1.7513455926139514,35,0.4430293969375796,-0.2082021815567363,0.9057636644735128,0.5627791984802504,Mild Stress
19-20_N_FD_gray_4_3_A00820200108092644.png,80.4343974352062,0.06079772386966668,129.29980797226173,0.04647193626883529,0.5724722223373355,33,-0.1991008914315889,-0.4083907110411471,-0.13177070259995977,0.44000700239201335,Mild Stress
19-20_N_FD_gray_4_3_A00920200108092648.png,83.21220754913175,0.08586461474436574,130.09142144119787,0.035028413493927546,-0.33197504419270274,31,-0.691751755141713,-1.1318329679759358,-1.1693050696734324,0.3624832477081842,Mild Stress
19-20_N_FD_gray_4_4_A01120200108092713.png,73.8353927719888,0.06489257791645564,129.32908223110357,0.03798099728048008,3.2208258512511314,35,1.2434527553938681,-0.9451750724705154,0.9057636644735128,0.6661854062564698,Severe Stress
19-20_N_FD_gray_4_4_A01220200108092720.png,76.27074879034458,0.03442429634340187,129.50262494177286,0.045179650752565234,2.2794052230255737,35,0.7306625654370662,-0.4900870530578288,0.9057636644735128,0.6010853286017044,Mild Stress
19-20_N_FD_gray_4_4_A01320200108092725.png,78.55938008460788,0.06908965180577167,128.88008867556135,0.047625902113346594,1.2204515131792064,35,0.15385230895150856,-0.3354387301345818,0.9057636644735128,0.5518869792021681,Mild Stress
19-20_N_FD_gray_4_4_A01420200108092729.png,78.62935342476821,0.07013149655575926,128.79963641505242,0.048931658822996715,1.1727137576503353,35,0.12784963597853424,-0.252890759582337,0.9057636644735128,0.5445857968276109,Mild Stress
19-20_N_FD_gray_4_4_A01520200108092738.png,77.60241327175538,0.05849767430308207,129.54672047852344,0.04525303355720505,1.7661889969347868,35,0.45111457363020585,-0.48544790278451955,0.9057636644735128,0.5819707283980724,Mild Stress
19-20_N_FD_gray_4_4_A01620200108092742.png,78.17026378896882,0.03738957551891865,129.14115066920823,0.04729882124580529,1.4302685031461486,35,0.2681392609424675,-0.35611628945513607,0.9057636644735128,0.5609647744061128,Mild Stress
19-20_N_FD_gray_4_4_A01720200108092748.png,78.24999593218132,0.047939243060106336,128.9018679423346,0.05414732836157101,1.3422473477821555,35,0.22019428966603094,0.07683600521126346,0.9057636644735128,0.5286193315045342,Mild Stress
19-20_N_FD_gray_4_4_A01820200108092809.png,78.91571708916472,0.03824287110227074,129.078904439258,0.05106535363402979,1.1168242790344074,35,0.09740673352156617,-0.11800179050644351,0.9057636644735128,0.5334654744860132,Mild Stress
19-20_N_FD_gray_4_4_A01920200108092815.png,76.06844723727704,0.05445743913261381,129.2090121986006,0.04433258401540227,2.293934258435744,35,0.7385765059271032,-0.5436373350960888,0.9057636644735128,0.6052194496314447,Mild Stress
19-20_N_FD_gray_4_4_A02020200108092819.png,74.92944667815432,0.03959909763654239,128.87055165696876,0.04632778102995068,2.65971892715325,35,0.9378187831103424,-0.41750398790693277,0.9057636644735128,0.6101368007752133,Mild Stress
19-20_N_FD_gray_4_4_A02120200108092825.png,75.09934603972172,0.05155727682071156,128.16691637070826,0.0474137022905581,2.4200357236756247,35,0.8072637562118894,-0.34885368300695085,0.9057636644735128,0.5967381288722995,Mild Stress
19-20_N_FD_gray_4_4_A02220200108092830.png,76.8012555385384,0.07032817631565234,128.78157888270994,0.049617421705286234,1.8995073669726033,35,0.5237328594917341,-0.2095378640584641,0.9057636644735128,0.5682972013262362,Mild Stress
19-20_N_FD_gray_5_3_A00120200108092850.png,82.9947720907578,0.06907496854296759,129.50255712952065,0.04478149173194068,-0.39809331493292177,31,-0.7277662629992664,-0.5152580660549078,-1.1693050696734324,0.3185896866774646,No Stress
19-20_N_FD_gray_5_3_A00220200108092854.png,82.74248812619456,0.04804482105191644,129.2360775017021,0.047613989405409105,-0.37116018768412573,31,-0.7130958351119226,-0.33619183357012516,-1.1693050696734324,0.30753232476786785,No Stress
19-20_N_FD_gray_5_3_A00320200108092858.png,82.86207892243185,0.07514834049756534,129.68595330375334,0.05142035410325698,-0.29704132386026316,31,-0.6727234180221683,-0.09555919606046008,-1.1693050696734324,0.2940627004140048,No Stress
19-20_N_FD_gray_5_3_A00420200108092901.png,85.21917126499932,0.06330968476513345,129.3937088439274,0.05715433698643229,-1.3170829053500839,31,-1.228338305409869,0.26693455694063306,-1.1693050696734324,0.23231015427107918,No Stress
19-20_N_FD_gray_5_3_A00520200108092910.png,81.78373193607631,0.04480548431544302,129.70184351212168,0.052176125923463275,0.1276500231103057,31,-0.44139477495161283,-0.047780441030878515,-1.1693050696734324,0.30640837763797596,No Stress
19-20_N_FD_gray_5_3_A00620200108092915.png,84.72419573464657,0.05695826883413823,128.7585359202432,0.057149104587553456,-1.2801089197058886,31,-1.2081986392994253,0.26660377257217033,-1.1693050696734324,0.23368700923372265,No Stress
19-20_N_FD_gray_5_3_A00720200108092919.png,83.38926716860963,0.055584448836000735,128.49942391243468,0.056824740965163156,-0.8113963322425874,31,-0.9528917025760631,0.24609799339339172,-1.1693050696734324,0.2522383404338515,No Stress
19-20_N_FD_gray_5_3_A00820200108092928.png,83.71442168846224,0.05232971994528125,129.16099574935427,0.05088542535827868,-0.7772043360654806,31,-0.9342673813226521,-0.12937658482949793,-1.1693050696734324,0.2787456723597123,No Stress
19-20_N_FD_gray_5_3_A00920200108092933.png,81.86610048675179,0.07519602452057923,128.30897537728356,0.04933594460238376,-0.24287774179762778,31,-0.6432206084364142,-0.2273324221333374,-1.1693050696734324,0.30491022476530627,No Stress
19-20_N_FD_gray_5_3_A01020200108092936.png,82.22562149983648,0.07629599421773471,128.4473466388336,0.047719117895594035,-0.35170834224998515,31,-0.7025004485056358,-0.3295457689182247,-1.1693050696734324,0.3077979585670642,No Stress
19-20_N_FD_gray_5_3_A01120200108092940.png,81.16466104045963,0.08858662656718846,128.4343370175742,0.04457866017193675,0.07372515750820696,31,-0.47076755609367843,-0.5280807714781538,-1.1693050696734324,0.33673803915144823,Mild Stress
19-20_N_FD_gray_5_4_A01320200108092955.png,82.0746843044894,0.031530740224647205,129.37647327976077,0.04081620820789017,-0.07471964277694099,31,-0.5516251823810882,-0.765937312162194,-1.1693050696734324,0.34729788172254256,Mild Stress
19-20_N_FD_gray_5_4_A01420200108092958.png,82.71165186085089,0.05636838430251342,130.09731073646992,0.04358356418620958,-0.14060412571699743,31,-0.5875123464277449,-0.5909892394334696,-1.1693050696734324,0.33311697533001267,Mild Stress
19-20_N_FD_gray_5_4_A01520200108093002.png,83.86025236214327,0.07685319694701494,129.88164671701102,0.045249511688333174,-0.6467906466730966,31,-0.8632312699910601,-0.4856705500248331,-1.1693050696734324,0.30748815348679776,No Stress
19-20_N_FD_gray_5_4_A01620200108093006.png,83.5963969939896,0.06747749132387627,129.76090245027058,0.041247774222275,-0.5747160630648409,31,-0.8239723688033971,-0.7386543593858425,-1.1693050696734324,0.32714457613025344,No Stress
19-20_N_FD_gray_5_4_A01720200108093012.png,81.4821996262771,0.031782625929122954,129.17532215400297,0.04395955795020482,0.11207460706509664,31,-0.4498786771660068,-0.5672194805429154,-1.1693050696734324,0.3407755312676116,Mild Stress
19-20_N_FD_gray_5_4_A01820200108093015.png,83.16759413167594,0.027273895272629446,129.35237246352372,0.043329540501578834,-0.519398673444023,31,-0.7938410822338221,-0.607048233795513,-1.1693050696734324,0.3203193166747695,No Stress
19-20_N_FD_gray_5_4_A01920200108093018.png,83.4052494549288,0.06318433389479054,129.20822917748157,0.04583623027865266,-0.6379279707379553,31,-0.8584037857188355,-0.4485790853145923,-1.1693050696734324,0.30531805851861477,No Stress
19-20_N_FD_gray_5_4_A02020200108093022.png,82.47499980142813,0.05851913041382966,128.91159580298492,0.04624219592870445,-0.34161927418018223,31,-0.6970049505561668,-0.42291454897483444,-1.1693050696734324,0.3144476300992612,No Stress
19-20_N_FD_gray_5_4_A02120200108093030.png,81.41526001151821,0.05265932853656766,129.36656716660042,0.04909412790783472,0.19396855203061847,31,-0.40527118680929425,-0.2426197089863563,-1.1693050696734324,0.321943079960831,No Stress
19-20_N_FD_gray_5_4_A02220200108093034.png,80.72589475570908,0.06804053998978336,129.46991681806702,0.047335934565695084,0.5009354912295478,33,-0.23806682529134926,-0.35377004132581985,-0.13177070259995977,0.4337123104553565,Mild Stress
19-20_N_FD_gray_5_4_A02320200108093037.png,82.01282236857976,0.04335641279244024,129.73181185817793,0.04843625972847368,0.042998761589934986,31,-0.4875041708726819,-0.2842091434467047,-1.1693050696734324,0.31920937006870853,No Stress
19-20_N_FD_gray_5_4_A02420200108093043.png,82.4175917916665,0.055706808786904184,129.75122275947015,0.04973292699415594,-0.10973364372364358,31,-0.5706972482125429,-0.20223579383835394,-1.1693050696734324,0.3081001756306054,No Stress
19-20_N_FD_gray_6_3_A00120200108093104.png,82.73056136751032,0.06869461251961557,129.70891935340543,0.047342389891008814,-0.2409515942709035,31,-0.6421714392058914,-0.3533619453918953,-1.1693050696734324,0.313457614993974,No Stress
19-20_N_FD_gray_6_3_A00220200108093107.png,85.31330634451787,0.047505412518219436,129.78584535891636,0.05314927634754537,-1.2622343036966868,31,-1.19846236683635,0.01374066160359175,-1.1693050696734324,0.25134960364695014,No Stress
19-20_N_FD_gray_6_3_A00320200108093111.png,86.20026090018567,0.049851142838650636,129.4265638004994,0.057657461434258726,-1.7060155099558898,31,-1.4401892232850406,0.29874132599366715,-1.1693050696734324,0.21592158989732407,No Stress
19-20_N_FD_gray_6_3_A00420200108093115.png,85.25401693952796,0.033731094990787504,129.66471651484008,0.057014804373245534,-1.2736217638543934,31,-1.2046650967132195,0.2581135155021369,-1.1693050696734324,0.2344957373192908,No Stress
19-20_N_FD_gray_6_3_A00520200108093120.png,84.41934132677103,0.02406892024139778,129.0021305988634,0.053942075616577184,-1.1087797589080708,31,-1.1148759413718814,0.06386023612327023,-1.1693050696734324,0.25360060441778637,No Stress
19-20_N_FD_gray_6_3_A00620200108093124.png,83.05415976347977,0.05395918662050473,128.69113169475412,0.05445119171546446,-0.629995266386203,31,-0.8540828553616227,0.09604578832302246,-1.1693050696734324,0.26897688632956046,No Stress
19-20_N_FD_gray_6_3_A00720200108093127.png,83.25674429791157,0.0591173287366853,128.25781857537982,0.0563577861452811,-0.817552010261835,31,-0.9562446897596482,0.21657781368764756,-1.1693050696734324,0.2539983617347852,No Stress
19-20_N_FD_gray_6_3_A00820200108093134.png,83.02693241168058,0.029258153263820707,128.14022925167035,0.05099470617993075,-0.7654752981123067,31,-0.9278785946106431,-0.12246801604253205,-1.1693050696734324,0.2787107115008814,No Stress
19-20_N_FD_gray_6_3_A00920200108093138.png,84.74032056199282,0.037938552222383064,128.94027211433647,0.050613946156770326,-1.2477817029351783,31,-1.1905900601674038,-0.14653909065163043,-1.1693050696734324,0.2626596135095579,No Stress
19-20_N_FD_gray_6_3_A01020200108093142.png,84.76944207445918,0.03774389806301782,129.24671679517746,0.0535903961589747,-1.182887266667251,31,-1.15524217283282,0.04162759102525804,-1.1693050696734324,0.25238092835838327,No Stress
19-20_N_FD_gray_6_3_A01120200108093146.png,84.75034901896834,0.03361718883603221,128.96776695476476,0.05668287787614468,-1.2464318528035392,31,-1.1898547991324706,0.23712962278636973,-1.1693050696734324,0.23690327635192446,No Stress
19-20_N_FD_gray_6_4_A01320200108093202.png,82.0920937036477,0.03373118837557571,129.70621381201246,0.042875776041145015,0.001521887475483652,31,-0.5100965525544523,-0.635734538863463,-1.1693050696734324,0.341333604843364,Mild Stress
19-20_N_FD_gray_6_4_A01420200108093206.png,82.67085671951878,0.03733602828069327,130.27259367224178,0.042891090737303045,-0.08712665984882761,31,-0.5583832631478989,-0.6347663668616448,-1.1693050696734324,0.33802069145117497,Mild Stress
19-20_N_FD_gray_6_4_A01520200108093210.png,84.39280952380952,0.03752380952366062,130.0204484126984,0.04543514639140575,-0.8388783730159233,31,-0.9678611227120143,-0.4739350039698442,-1.1693050696734324,0.2996613459160637,No Stress
19-20_N_FD_gray_6_4_A01620200108093216.png,80.57703887629398,0.021351374044800496,129.12310226668427,0.04497588602936171,0.4574329970691515,33,-0.2617625587130303,-0.5029687516516641,-0.13177070259995977,0.4421537170944084,Mild Stress
19-20_N_FD_gray_6_4_A01720200108093220.png,82.12099135776016,0.05217087668320449,128.784209858026,0.04755846725322441,-0.23408427175844793,31,-0.6384308204961715,-0.33970186032294025,-1.1693050696734324,0.31279042564718557,No Stress
19-20_N_FD_gray_6_4_A01820200108093223.png,83.43028946559592,0.06031649709564928,129.32761311067154,0.04922499342329366,-0.6191017345870051,31,-0.8481491674084065,-0.23434658839921144,-1.1693050696734324,0.29159838221172996,No Stress
19-20_N_FD_gray_6_4_A01920200108093237.png,81.8926276268362,0.026058539472885014,129.8286591225161,0.042476682946586616,0.1092342187100499,31,-0.4514258317964304,-0.6609646026063776,-1.1693050696734324,0.34697682269188324,Mild Stress
19-20_N_FD_gray_6_4_A02020200108093242.png,83.30892375592016,0.045202331018864034,129.66079928619513,0.04578718804619666,-0.4925488649626857,31,-0.7792160379351858,-0.45167946131164877,-1.1693050696734324,0.31085280782522295,No Stress
19-20_N_FD_gray_6_4_A02120200108093246.png,84.27826464208243,0.069804772233998,130.0975192269769,0.04491343223299127,-0.7624943798068458,31,-0.9262548935589844,-0.5069169864993673,-1.1693050696734324,0.3046781944468592,No Stress
19-20_N_FD_gray_6_4_A02220200108093251.png,84.9525425186355,0.032713257683715635,130.28041777906336,0.04634199098955807,-0.9994629224990632,31,-1.0553312494170106,-0.4166056556842835,-1.1693050696734324,0.28992204506704955,No Stress
19-20_N_FD_gray_7_3_A00120200108093439.png,80.2372006657912,0.04285403614994164,127.87505541289929,0.056888348972277486,0.2888824995608168,31,-0.3535717235467375,0.250119195704171,-1.1693050696734324,0.2922784986035556,No Stress
19-20_N_FD_gray_7_3_A00220200108093445.png,80.20046754571953,0.026037027278967395,127.83561878714124,0.06343815780652927,0.2878306380451363,31,-0.35414467069731215,0.6641882353474925,-1.1693050696734324,0.26438942611705624,No Stress
19-20_N_FD_gray_7_3_A00320200108093448.png,82.95265843004303,0.05466814447754487,127.90196733602816,0.06367159175085173,-0.7864376874430299,31,-0.9392967718680407,0.6789455773694898,-1.1693050696734324,0.224039151713095,No Stress
19-20_N_FD_gray_7_3_A00420200108093502.png,81.96839539207197,0.04501225032505422,129.2262308806691,0.057119901373467334,-0.06504614904774542,31,-0.5463560470570726,0.2647575894060443,-1.1693050696734324,0.2783271203545569,No Stress
19-20_N_FD_gray_7_3_A00520200108093507.png,82.19054510173122,0.031594440036212965,128.59145942879226,0.06106294290359391,-0.3172951294817494,31,-0.6837556309571728,0.5140307301907333,-1.1693050696734324,0.25231927746659927,No Stress
19-20_N_FD_gray_7_3_A00620200108093510.png,80.48793184074296,0.03714794365442425,127.72015571289103,0.06167469857085676,0.14786797220461878,31,-0.4303820930050199,0.552705001158036,-1.1693050696734324,0.2667600808836325,No Stress
19-20_N_FD_gray_7_3_A00720200108093514.png,80.58570780973696,0.040341254834210666,126.93947178194976,0.0622474940724182,-0.08529573921537192,31,-0.5573859638416416,0.5889162691882202,-1.1693050696734324,0.2557821312699264,No Stress
19-20_N_FD_gray_7_3_A00820200108093522.png,83.57223151225806,0.02234675891868497,128.19321996294028,0.06450035182352401,-0.9727662485466197,31,-1.040789617231734,0.7313385396788,-1.1693050696734324,0.21368869859564657,No Stress
19-20_N_FD_gray_7_3_A00920200108093526.png,82.0845941632749,0.02295267196968667,127.87355824147728,0.06686031796094434,-0.4574146697512482,31,-0.7600785024953571,0.8805320408695908,-1.1693050696734324,0.22253465335721162,No Stress
19-20_N_FD_gray_7_3_A01020200108093530.png,81.39027121480606,0.04669554374201493,127.72215249064776,0.07235106706042951,-0.20922692295077994,31,-0.6248910655399496,1.2276489207786478,-1.1693050696734324,0.20828014999092404,No Stress
19-20_N_FD_gray_7_3_A01120200108093535.png,81.0195110290481,0.0703740644264962,127.33845082264499,0.07472233120053268,-0.14856078340871903,31,-0.5918463241278613,1.3775566646655466,-1.1693050696734324,0.20041987329243818,No Stress
19-20_N_FD_gray_7_4_A01320200108093553.png,79.68189140959336,0.042997471951706855,129.88306951306157,0.045249304931199386,1.013059929611142,35,0.04088647163630009,-0.48568362089911266,0.9057636644735128,0.5543943910345184,Mild Stress
19-20_N_FD_gray_7_4_A01420200108093559.png,80.65170214325863,0.05631043443528145,129.57491222496478,0.05057918407380584,0.5527558509900885,33,-0.20984036484579507,-0.1487366971273848,-0.13177070259995977,0.42182017180528014,Mild Stress
19-20_N_FD_gray_7_4_A01520200108093604.png,82.42044378626399,0.042282699294982386,130.14827268092546,0.05104667196077382,-0.01631039952098945,31,-0.5198097684774146,-0.11918281772415026,-1.1693050696734324,0.3059367047601888,No Stress
19-20_N_FD_gray_7_4_A01620200108093609.png,83.40326753332714,0.058190829435009785,129.92399433347728,0.050977899044113976,-0.45994163965928436,31,-0.7614549386391024,-0.12353053782949072,-1.1693050696734324,0.28997593379086456,No Stress
19-20_N_FD_gray_7_4_A01720200108093616.png,79.16608579364262,0.03680279806589115,129.9484497479683,0.044344869054656705,1.2335590988580876,35,0.16099198822836644,-0.5428606934360357,0.9057636644735128,0.5663185259178249,Mild Stress
19-20_N_FD_gray_7_4_A01820200108093621.png,79.42834948613354,0.04463134605746425,130.339883927591,0.049276034613391285,1.2292521585644387,35,0.15864600529035114,-0.23111984131379198,0.9057636644735128,0.5451928541599266,Mild Stress
19-20_N_FD_gray_7_4_A01920200108093626.png,79.74093871807727,0.050198935774271786,129.59767261317504,0.05346119177803482,0.9206122935838437,35,-0.009469596011006018,0.03345948485798903,0.9057636644735128,0.5160895298918099,Mild Stress
19-20_N_FD_gray_7_4_A02020200108093631.png,77.86895851219482,0.06476096043053821,129.61057973292705,0.04793488019518844,1.6777278645045222,35,0.4029299476058005,-0.31590560163317505,0.9057636644735128,0.5673262827132086,Mild Stress
19-20_N_FD_gray_7_4_A02120200108093637.png,76.6101578101711,0.05265736385166152,128.43372263440435,0.05057422233980847,1.8827976118807257,35,0.5146310847581104,-0.1490503704701112,0.9057636644735128,0.5636165847694793,Mild Stress
19-20_N_FD_gray_7_4_A02220200108093640.png,78.06507056995937,0.05522234313841007,128.41963581082766,0.05586846616597899,1.2982085448216054,35,0.19620642976734176,0.18564374232233288,0.9057636644735128,0.5196874187970687,Mild Stress
19-20_N_FD_gray_7_4_A02320200108093645.png,81.11716803005316,0.03671117622249849,129.0791596246629,0.05576971973076287,0.23577160582232892,31,-0.3825011356207732,0.17940114156361733,-1.1693050696734324,0.2950892281119611,No Stress
19-20_N_FD_gray_8_3_A00120200108093707.png,83.70406811960498,0.04062870939333246,128.4096220153261,0.05518600042572234,-0.9650016957227976,31,-1.0365602787213146,0.14249928714682195,-1.1693050696734324,0.2535788531189244,No Stress
19-20_N_FD_gray_8_3_A00220200108093718.png,85.55411854595786,0.031682661343426115,129.49131727065074,0.05745930462066624,-1.437729169250261,31,-1.294054116948394,0.28621415099064385,-1.1693050696734324,0.22659331154174808,No Stress
19-20_N_FD_gray_8_3_A00320200108093725.png,86.1726542730189,0.0267280371409858,129.38610795624365,0.05938222001092629,-1.7131799071473068,31,-1.4440916580592151,0.40777796286810836,-1.1693050696734324,0.20832523917529303,No Stress
19-20_N_FD_gray_8_3_A00420200108093729.png,86.96499616013233,0.03957623614186016,129.57484591300238,0.05764348374977912,-1.9784353031526862,31,-1.588575814053379,0.29785767785440537,-1.1693050696734324,0.20600045216893706,No Stress
19-20_N_FD_gray_8_3_A00520200108093737.png,80.69761894970597,0.02860138997397458,128.5531726775507,0.058934956218139656,0.26925607599617507,31,-0.364262202559137,0.3795026202080434,-1.1693050696734324,0.28285704256906574,No Stress
19-20_N_FD_gray_8_3_A00620200108093740.png,83.11502730360229,0.02472908916468088,129.32306496597676,0.05612449996215961,-0.5065894987390891,31,-0.7868639468989894,0.20182981290600246,-1.1693050696734324,0.26638297313893794,No Stress
19-20_N_FD_gray_8_3_A00720200108093744.png,85.2632127663824,0.06356827577917047,129.28709181329765,0.06299090401669385,-1.3612632567058327,31,-1.2524032664749083,0.6359135250589224,-1.1693050696734324,0.20587378028944234,No Stress
19-20_N_FD_gray_8_3_A00820200108093749.png,88.12784396989585,0.0595965854599502,129.3445638489741,0.06191812187533594,-2.494137820803836,31,-1.869478084578276,0.5680938554686235,-1.1693050696734324,0.16893054458649825,No Stress
19-20_N_FD_gray_8_3_A00920200108093800.png,83.70633018129254,0.0374028789976213,128.94643538316367,0.057775254005147415,-0.8328322190769342,31,-0.9645677931057509,0.30618799473458297,-1.1693050696734324,0.2474113093998367,No Stress
19-20_N_FD_gray_8_3_A01020200108093806.png,84.01468145269958,0.025509526854888883,128.30195927003012,0.06049971716963291,-1.1214544291730917,31,-1.1217798123706404,0.4784244484403322,-1.1693050696734324,0.22525240452315404,No Stress
19-20_N_FD_gray_8_3_A01120200108093812.png,85.37353458960615,0.03575798722661162,129.75272161741836,0.05868912288731371,-1.2987181359585591,31,-1.218335047246148,0.3639614076653042,-1.1693050696734324,0.22645689445112202,No Stress
19-20_N_FD_gray_8_4_A01320200108093841.png,77.82857273852643,0.014400573522057675,128.51149753460513,0.054239367268715685,1.4014854889734245,35,0.2524612028432092,0.08265456615794638,0.9057636644735128,0.5303982637786346,Mild Stress
19-20_N_FD_gray_8_4_A01420200108093845.png,76.78588745853241,0.018055874314014245,128.92517682405224,0.05788531024655806,1.9232587786099984,35,0.5366702123817368,0.3131455843896199,0.9057636644735128,0.5340113685801285,Mild Stress
19-20_N_FD_gray_8_4_A01520200108093849.png,78.42992563907141,0.02454940573042804,128.68964096648608,0.056192423564377106,1.2090322779986025,35,0.14763227127455603,0.20612384063277142,0.9057636644735128,0.5150427874408049,Mild Stress
19-20_N_FD_gray_8_4_A01620200108093854.png,79.38022196926579,0.0924140173994129,128.8623831205789,0.05517204657197924,0.8958518985281998,35,-0.022956540425981165,0.14161714555079333,0.9057636644735128,0.5079076396889521,Mild Stress
19-20_N_FD_gray_8_4_A01720200108093902.png,78.24711939405853,0.041012300344037356,128.38396229177036,0.057358599497406716,1.2114971204395886,35,0.1489748666943199,0.279847724926852,0.9057636644735128,0.5101743778817762,Mild Stress
19-20_N_FD_gray_8_4_A01820200108093906.png,78.20998493169449,0.02883318181994897,128.24727379899792,0.06141448905112562,1.1879160907086614,35,0.13613032053444765,0.5362549476270568,0.9057636644735128,0.4920643399743286,Mild Stress
19-20_N_FD_gray_8_4_A01920200108093909.png,79.02554044380815,0.05334696799241907,127.66075467839248,0.0663633267464232,0.7236439308722034,35,-0.11675792293109831,0.849113005579312,0.9057636644735128,0.4540118992863751,Mild Stress
19-20_N_FD_gray_8_4_A02020200108093914.png,78.07315863847089,0.06520894794661143,127.26830205518506,0.06830630595127157,1.0106351901892232,35,0.03956572026174706,0.9719452215657218,0.9057636644735128,0.4562645530715328,Mild Stress
19-20_N_FD_gray_8_4_A02120200108093926.png,80.33282110649237,0.02898682080150872,128.6751712801414,0.05839681005481525,0.44580976471892697,33,-0.26809371329588444,0.34548183110192443,-0.13177070259995977,0.384660577007364,Mild Stress
19-20_N_FD_gray_8_4_A02220200108093930.png,80.41290536231173,0.01106722922692494,128.46697411241394,0.06109123169570886,0.355454913408213,33,-0.3173098447232049,0.5158191049784755,-0.13177070259995977,0.36989328129155163,Mild Stress
19-20_N_FD_gray_8_4_A02320200108093933.png,80.81617601843159,0.02210479278797476,128.62131193912984,0.06132729647172411,0.23659425488561325,31,-0.38205304009707036,0.5307427642137019,-1.1693050696734324,0.27148791583594356,No Stress
19-20_N_FD_gray_8_4_A02420200108093936.png,79.65496077564323,0.041144630603018616,128.63883702648258,0.05874623112355733,0.7121255670744091,35,-0.12303195579459672,0.367571704261055,0.9057636644735128,0.48597866512908205,Mild Stress
19-20_N_FD_gray_8_4_A02520200108093940.png,80.3603633140262,0.06186781295131176,128.82353203081044,0.060347051989252505,0.48339141662508567,33,-0.24762305242224975,0.46877318590324607,-0.13177070259995977,0.3777447945314162,Mild Stress
19-20_N_FD_gray_9_3_A00120200108094009.png,80.13625533008175,0.017744147787709445,127.8448319444387,0.05641978694524501,0.3129163058026698,33,-0.34048055080350337,0.22049741078549254,-0.13177070259995977,0.388198322451119,Mild Stress
19-20_N_FD_gray_9_3_A00220200108094017.png,80.16553536056756,0.04717504993474404,127.3329272234516,0.06174887620914079,0.18352892911303442,31,-0.4109576313787909,0.5573943996159968,-1.1693050696734324,0.2677511702037723,No Stress
19-20_N_FD_gray_9_3_A00320200108094021.png,79.79702621237924,0.03290463839932993,127.7361567547285,0.06520683054808413,0.42674532717019176,33,-0.27847807949621084,0.7760010595186578,-0.13177070259995977,0.3550051327893008,Mild Stress
19-20_N_FD_gray_9_3_A00420200108094030.png,81.0990017567428,0.029285935723760315,128.67099307636664,0.05665512508555689,0.13839764389785358,31,-0.4355405644743915,0.23537513320706882,-1.1693050696734324,0.28775691907651546,No Stress
19-20_N_FD_gray_9_3_A00520200108094035.png,80.51293399528626,0.0276119924809348,128.62433623040567,0.062225799015872156,0.3605746568552384,33,-0.3145211293116054,0.58754474042206,-0.13177070259995977,0.3652565420779619,Mild Stress
19-20_N_FD_gray_9_3_A00620200108094039.png,80.28182081172152,0.03722868935603686,128.04358083193102,0.062254518329532174,0.3111969245687618,33,-0.3414170947915034,0.589360332132803,-0.13177070259995977,0.3633253852602899,Mild Stress
19-20_N_FD_gray_9_3_A00720200108094043.png,79.60971199368753,0.029055431351800633,127.71900480010521,0.0619597432117274,0.4960358035244212,33,-0.2407356767204672,0.570725093604637,-0.13177070259995977,0.37135069622908945,Mild Stress
19-20_N_FD_gray_9_3_A00820200108094049.png,79.35613911638694,0.022654503212173497,128.44723178708682,0.06172830048526219,0.7772813763411861,35,-0.08754169903904299,0.5560936333735038,0.9057636644735128,0.47568566167303533,Mild Stress
19-20_N_FD_gray_9_3_A00920200108094053.png,81.47839409046492,0.031841595309340304,127.55472282491677,0.07044309380386558,-0.2915323715985103,31,-0.6697227012415176,1.1070297280658554,-1.1693050696734324,0.21337766721874726,No Stress
19-20_N_FD_gray_9_3_A01020200108094057.png,82.30888634785805,0.04579164454589867,127.8340548045902,0.0739362816105978,-0.5490137624046092,31,-0.8099723700326784,1.327863794682183,-1.1693050696734324,0.18909095532943498,No Stress
19-20_N_FD_gray_9_4_A01220200108094122.png,77.29691328410122,0.04020526703544966,128.04249695868958,0.06098648379861846,1.505930769494313,35,0.3093523667210902,0.5091971008482076,0.9057636644735128,0.5055352875155851,Mild Stress
19-20_N_FD_gray_9_4_A01320200108094126.png,79.48437571297606,0.029228388788057974,129.4027967328585,0.05751055992558155,0.967178834100018,35,0.015895118167743593,0.28945443409202565,0.9057636644735128,0.5005771998627904,Mild Stress
19-20_N_FD_gray_9_4_A01420200108094130.png,79.91260960231192,0.06366375488463571,128.59141735903583,0.05822265265594915,0.6050928130438109,35,-0.1813325120235388,0.33447186291504327,0.9057636644735128,0.48428364970260285,Mild Stress
19-20_N_FD_gray_9_4_A01520200108094133.png,81.46819457246927,0.07265809317651187,129.16868145031938,0.058301097568004556,0.13032286620391176,31,-0.4399388819356733,0.3394310319872499,-1.1693050696734324,0.2804622224597734,No Stress
19-20_N_FD_gray_9_4_A01620200108094138.png,78.47246221905526,0.02745083069289828,127.86247863356618,0.06124433886619584,0.9862425615119541,35,0.0262790975577822,0.52549830946373,0.9057636644735128,0.485399177866053,Mild Stress
19-20_N_FD_gray_9_4_A01720200108094141.png,78.0510698116718,0.01930829181560247,127.46872428834267,0.06521222751544557,1.0535110495524087,35,0.06292012679185471,0.7763422476584787,0.9057636644735128,0.4709917597919333,Mild Stress
19-20_N_FD_gray_9_4_A01820200108094145.png,79.33440567996904,0.04394401601426674,126.63747331271875,0.07040055413864622,0.3409864617970655,33,-0.3251907853225684,1.1043404345658656,-0.13177070259995977,0.32977890147931405,No Stress
19-20_N_FD_gray_9_4_A01920200108094150.png,78.97644904160336,0.03657100043690162,128.54592603384046,0.058950505877552135,0.9587017419716872,35,0.011277660729019865,0.38048564623256426,0.9057636644735128,0.49414381211120395,Mild Stress
19-20_N_FD_gray_9_4_A02020200108094154.png,80.38524416049151,0.02167092868396935,129.03291285059518,0.05599942837846266,0.511715373491576,33,-0.2321950420447079,0.19392297594959515,-0.13177070259995977,0.39726908436676445,Mild Stress
19-20_N_FD_gray_9_4_A02120200108094158.png,83.1300643302694,0.03498085553954427,129.48986625326026,0.05854510276272681,-0.46731586935385394,31,-0.7654716688152734,0.3548566725217138,-1.1693050696734324,0.25752915103939106,No Stress
19-20_N_FD_gray_9_4_A02220200108094202.png,83.59606836989123,0.04649939572047162,129.26945237435606,0.05927293847909827,-0.7047894658653107,31,-0.8948231266161945,0.40086934918488987,-1.1693050696734324,0.2457340525848961,No Stress
19-20_N_FD_green_10_3_A00120200108123235.png,81.86259844469761,0.033706473822239395,128.68037462644673,0.04784834267701507,-0.16314845542957812,31,-0.5997922038784499,-0.32137637306329375,-1.1693050696734324,0.31415669909545696,No Stress
19-20_N_FD_green_10_3_A00220200108123239.png,80.58062226823577,0.028391562266363902,127.77197413408031,0.05348257644055046,0.1206816730189928,31,-0.44519042320901825,0.03481139098151464,-1.1693050696734324,0.3005979031180186,No Stress
19-20_N_FD_green_10_3_A00320200108123243.png,80.48733477450124,0.02727767784935693,128.1216769253618,0.05340323634540578,0.24503250878723293,31,-0.37745673777334593,0.029795629784032197,-1.1693050696734324,0.30549107519205954,No Stress
19-20_N_FD_green_10_3_A00420200108123250.png,78.86714054185117,0.03899473802853037,126.97072948703224,0.05353822812655568,0.6094743133275777,35,-0.17894591638770335,0.038329606667170786,0.9057636644735128,0.5043628820395696,Mild Stress
19-20_N_FD_green_10_3_A00520200108123306.png,77.44121274801104,0.044339986521066514,127.09308811623934,0.05563987107918234,1.212305925137791,35,0.14941542121627777,0.1711923055777849,0.9057636644735128,0.5175122395074168,Mild Stress
19-20_N_FD_green_10_3_A00620200108123317.png,79.35920506642573,0.014322524512204587,127.77153816551217,0.05504217286102725,0.6042153983870229,35,-0.18181043827141938,0.1334067253492781,0.9057636644735128,0.49777526766335206,Mild Stress
19-20_N_FD_green_10_3_A00720200108123320.png,80.26889490114463,0.026572320499369105,127.63117585848074,0.056125515514932535,0.20953631633711112,31,-0.3967914524837613,0.20189401462120263,-1.1693050696734324,0.292615168362461,No Stress
19-20_N_FD_green_10_3_A00820200108123325.png,80.03463239244535,0.026185064264056764,128.01261313385956,0.05448560247154747,0.3984650989791696,33,-0.2938822709397633,0.09822118444301,-0.13177070259995977,0.3995569245577797,Mild Stress
19-20_N_FD_green_10_3_A00920200108123328.png,79.62872360521366,0.06921162643597817,127.83511420287951,0.05295232702540305,0.5315131778870033,33,-0.22141121218982782,0.0012898223895660237,-0.13177070259995977,0.4109510345216659,Mild Stress
19-20_N_FD_green_10_4_A01120200108123351.png,77.37953713129538,0.03503406676479767,128.00139392838588,0.0469094925008965,1.4607955529459957,35,0.28476729223512126,-0.3807290657344819,0.9057636644735128,0.563738656232868,Mild Stress
19-20_N_FD_green_10_4_A01220200108123354.png,78.92773764832071,0.020052624522273025,128.5500770932493,0.05085485514656687,0.9734426325668366,35,0.01930699837235012,-0.1313091875245582,0.9057636644735128,0.5291075023745053,Mild Stress
19-20_N_FD_green_10_4_A01320200108123358.png,80.42745719614912,0.017313917210965004,128.49195362881304,0.05650376775914501,0.35806539976744745,33,-0.3158879173127607,0.22580655122607915,-0.13177070259995977,0.38949534193442575,Mild Stress
19-20_N_FD_green_10_4_A01420200108123402.png,80.88955468859544,0.0426959526890957,128.26342986283518,0.05698671246249604,0.12497917371180378,31,-0.4428495820052731,0.25633758725748973,-1.1693050696734324,0.28585536268487377,No Stress
19-20_N_FD_green_10_4_A01520200108123405.png,79.55310079427596,0.02590422738600374,128.38822699225418,0.05762927884623712,0.6848829099382598,35,-0.1378709840768907,0.29695966526858697,0.9057636644735128,0.4897299917868417,Mild Stress
19-20_N_FD_green_10_4_A01620200108123411.png,80.8138895858957,0.03133651168421888,129.11795411821328,0.05863238473423645,0.3649004742845179,33,-0.31216486403042104,0.36037450716937236,-0.13177070259995977,0.38069463411654114,Mild Stress
19-20_N_FD_green_10_4_A01720200108123415.png,82.33292132239032,0.06038020369796145,128.54526764230857,0.058135887256964135,-0.375718547084702,31,-0.7155787656031726,0.32898668520357827,-1.1693050696734324,0.2626250091846849,No Stress
19-20_N_FD_green_10_4_A01820200108123420.png,82.90028458755133,0.05623450014206515,128.66223116640242,0.05656325083079704,-0.5748739683702055,31,-0.8240583795504589,0.2295669813359153,-1.1693050696734324,0.26201563411660383,No Stress
19-20_N_FD_green_10_4_A01920200108123428.png,79.76729608961556,0.06520190268284413,128.90192121574037,0.052411214133040555,0.7413825340278635,35,-0.10709573643439463,-0.03291851885353418,0.9057636644735128,0.5139877611911441,Mild Stress
19-20_N_FD_green_10_4_A02020200108123434.png,82.15691611638003,0.05252643613602139,128.5776280509885,0.06014751899757261,-0.2999751811572864,31,-0.6743214850238255,0.45615901099633976,-1.1693050696734324,0.2568463109342619,No Stress
19-20_N_FD_green_10_4_A02120200108123439.png,82.79910235580829,0.075369618196282,128.60610073111292,0.05919611827462758,-0.5417363931763859,31,-0.8060083995852066,0.3960128916766887,-1.1693050696734324,0.2520344334886954,No Stress
19-20_N_FD_green_10_4_A02220200108123444.png,81.76618125596983,0.056120384011170164,128.34049847010635,0.058715699804346835,-0.20170575045743533,31,-0.6207942958751191,0.3656415602912919,-1.1693050696734324,0.2665348411123934,No Stress
19-20_N_FD_green_1_3_A00220200108121105.png,82.39190856787944,0.025526298584446706,129.63450034323822,0.052010997008472754,-0.13920413683766952,31,-0.5867497749035568,-0.05821964207899271,-1.1693050696734324,0.29733385886023056,No Stress
19-20_N_FD_green_1_3_A00320200108121112.png,83.19736670098207,0.037746948379668334,128.9379177083844,0.059844671619297705,-0.631255821363851,31,-0.8547694774804279,0.43701345633144345,-1.1693050696734324,0.24599701075941488,No Stress
19-20_N_FD_green_1_3_A00420200108121118.png,83.24047070447745,0.03759480702478003,128.6723088572944,0.06258873195379457,-0.7149528850086995,31,-0.9003591234670094,0.6104888135795216,-1.1693050696734324,0.23126256526414124,No Stress
19-20_N_FD_green_1_3_A00520200108121121.png,83.22102580465365,0.05896821774596424,128.26921414752556,0.06703796769726446,-0.8004679087689865,31,-0.9469390091880726,0.8917627893650716,-1.1693050696734324,0.209210914925408,No Stress
19-20_N_FD_green_1_3_A00620200108121126.png,82.5097179015693,0.018616294762001655,129.0840261101077,0.060950764541656294,-0.32636492993410116,31,-0.688695935596129,0.5069389832754089,-1.1693050696734324,0.2524639847840133,No Stress
19-20_N_FD_green_1_3_A00720200108121130.png,83.89829051511613,0.030572855845211442,129.34820212144803,0.06403089594922382,-0.8115651761386218,31,-0.9529836715545672,0.7016602470834706,-1.1693050696734324,0.22159075999212413,No Stress
19-20_N_FD_green_1_3_A00820200108121134.png,83.43171900505875,0.024901815008061264,129.03113635996314,0.06092425317697231,-0.7061878767799001,31,-0.8955848386257151,0.5052629747701033,-1.1693050696734324,0.238661240554455,No Stress
19-20_N_FD_green_1_3_A00920200108121143.png,83.22919539949308,0.01869006790093251,128.964161774458,0.05476319117656771,-0.6440961924174005,31,-0.8617636054124619,0.11576992386613454,-1.1693050696734324,0.2671336170390488,No Stress
19-20_N_FD_green_1_3_A01020200108121147.png,84.50832022552244,0.0209302800644662,129.00853063142196,0.056662773358226955,-1.1438698343309284,31,-1.1339894448390844,0.2358586454743068,-1.1693050696734324,0.24074630080315806,No Stress
19-20_N_FD_green_1_3_A01120200108121152.png,83.46196430739347,0.0553761482738239,128.76050746631054,0.06235367364076073,-0.7752772044839134,31,-0.9332176760791562,0.59562878141658,-1.1693050696734324,0.2300519738203299,No Stress
19-20_N_FD_green_1_3_A01220200108121157.png,81.35835765934382,0.06559699886700095,128.40950115100262,0.06362978026275855,-0.018008826383429266,31,-0.5207348986554731,0.6763023181295765,-1.1693050696734324,0.2523696653725615,No Stress
19-20_N_FD_green_1_4_A01420200108121226.png,77.22112510495381,0.03176322418122685,129.74892107472712,0.04598412714455816,1.9598973551636831,35,0.5566271817399749,-0.43922926842963267,0.9057636644735128,0.5859588771739572,Mild Stress
19-20_N_FD_green_1_4_A01520200108121239.png,76.72410111861733,0.03438134259381498,129.58977420892953,0.052408471840837544,2.1198365746932843,35,0.6437457983340407,-0.03309188243217551,0.9057636644735128,0.5645014805093318,Mild Stress
19-20_N_FD_green_1_4_A01620200108121246.png,77.66601478634622,0.045451646777038,128.70724479948302,0.05143693819939736,1.5263133617042293,35,0.3204547294883428,-0.09451077450557599,0.9057636644735128,0.5468877984587723,Mild Stress
19-20_N_FD_green_1_4_A01720200108121301.png,76.54627228798006,0.041452696445534606,128.34654336369607,0.05139997027198314,1.8826353694879288,35,0.5145427116070163,-0.09684783114178833,0.9057636644735128,0.5600994661587958,Mild Stress
19-20_N_FD_green_1_4_A01820200108121308.png,76.73355178752456,0.0708573976466222,127.0971434099886,0.05405330710375822,1.5056652266636412,35,0.3092077259999298,0.07089212304404491,0.9057636644735128,0.5350062185616754,Mild Stress
19-20_N_FD_green_1_4_A01920200108121311.png,77.41234308226495,0.05809712206172335,127.83655098157051,0.055992331585734176,1.4145345052082483,35,0.25956897944506363,0.19347432741282192,0.9057636644735128,0.5234225325458385,Mild Stress
19-20_N_FD_green_1_4_A02020200108121319.png,75.6778835225445,0.02914295272352948,127.92201954872384,0.054797360275163694,2.1195515116163897,35,0.6435905249684825,0.11793004276412893,0.9057636644735128,0.5543332100898352,Mild Stress
19-20_N_FD_green_1_4_A02120200108121324.png,77.27700720025044,0.03479494938939875,128.33511426484398,0.06306474601492683,1.5851539183971077,35,0.3525050790760469,0.6405817048588851,0.9057636644735128,0.49960075676284077,Mild Stress
19-20_N_FD_green_1_4_A02220200108121329.png,78.30139364119984,0.028767784743088956,128.163078498464,0.0674847390244114,1.13028089279614,35,0.10473652779223189,0.9200069990898645,0.9057636644735128,0.46414137773158326,Mild Stress
19-20_N_FD_green_2_3_A00120200108121419.png,83.72993403357776,0.022985112053845,129.03083151666146,0.06219939140712617,-0.8262209450468987,31,-0.9609666435620997,0.5858752912107267,-1.1693050696734324,0.22884158706212787,No Stress
19-20_N_FD_green_2_3_A00220200108121423.png,81.54187689202826,0.026777886221787985,128.38271492613853,0.06710644884586263,-0.1116997650990399,31,-0.5717681911293854,0.8960920643334388,-1.1693050696734324,0.234153942900508,No Stress
19-20_N_FD_green_2_3_A00320200108121426.png,82.8178637050345,0.01913764239917056,128.6899922420481,0.07087786829450313,-0.5479492466620641,31,-0.8093925301465899,1.1345155158736253,-1.1693050696734324,0.20213467866595708,No Stress
19-20_N_FD_green_2_3_A00420200108121430.png,83.97723612587367,0.03794650046688107,128.48006651206236,0.07404224883375418,-1.0575965471704691,31,-1.0869965343537937,1.3345628827680178,-1.1693050696734324,0.170007556627663,No Stress
19-20_N_FD_green_2_3_A00520200108121439.png,82.33390854184641,0.02927838592662706,128.477151818245,0.06786960765798085,-0.4040280271029957,31,-0.7309988904665095,0.9443378138546502,-1.1693050696734324,0.22019895062827638,No Stress
19-20_N_FD_green_2_3_A00620200108121443.png,82.29603490102542,0.030297841110511904,128.38152610441767,0.06941290053925513,-0.41242818991707253,31,-0.735574444640649,1.0419024630541582,-1.1693050696734324,0.2133289383613098,No Stress
19-20_N_FD_green_2_3_A00720200108121448.png,83.60928426263155,0.04241704730650777,128.12608406946094,0.07040268516176443,-0.997346721130107,31,-1.0541785581869287,1.1044751546345488,-1.1693050696734324,0.18769075436902138,No Stress
19-20_N_FD_green_2_3_A00820200108121458.png,82.51656871377962,0.039796858681466235,128.43387463395655,0.069310357846635,-0.48422992648419694,31,-0.7746847265163318,1.0354198686258118,-1.1693050696734324,0.211134380238237,No Stress
19-20_N_FD_green_2_3_A00920200108121505.png,81.45925325212671,0.010273575849813504,127.73816656184833,0.07222314025418677,-0.24556390884116652,31,-0.6446837589848659,1.2195615809575888,-1.1693050696734324,0.20749284077937974,No Stress
19-20_N_FD_green_2_3_A01020200108121515.png,80.51375403212668,0.043094881235365846,128.01707340914274,0.07011794804486596,0.21384994786738787,31,-0.3944418248407134,1.086474503389828,-1.1693050696734324,0.23327578349696243,No Stress
19-20_N_FD_green_2_4_A01220200108121538.png,80.9355313584552,0.04610013651970451,129.21234600391466,0.04932208591730025,0.34500900537848267,33,-0.32299971278243045,-0.22820854731018822,-0.13177070259995977,0.41955433019572697,Mild Stress
19-20_N_FD_green_2_4_A01320200108121542.png,82.50714025067754,0.027408886465186782,129.0759371707141,0.05483289451086034,-0.3242786973296816,31,-0.6875595683003212,0.12017646357147004,-1.1693050696734324,0.2785543000958238,No Stress
19-20_N_FD_green_2_4_A01420200108121547.png,83.47501200367842,0.06850234783783843,128.96805393924103,0.0575454231979599,-0.7240154949178645,31,-0.9052955114295129,0.29165843760996557,-1.1693050696734324,0.25237526601182614,No Stress
19-20_N_FD_green_2_4_A01520200108121552.png,84.24591161022138,0.053491444591026116,128.7772975542165,0.05768914466046548,-1.0853182499275746,31,-1.1020964979583052,0.3007442917870544,-1.1693050696734324,0.23852719175176135,No Stress
19-20_N_FD_green_2_4_A01620200108121557.png,83.89416516477858,0.048150263902998876,129.45111756565396,0.06433284131916317,-0.7780340821318958,31,-0.9347193425717008,0.7207487781413117,-1.1693050696734324,0.22153532365874593,No Stress
19-20_N_FD_green_2_4_A01720200108121602.png,84.63619695650604,0.04201754843455438,128.45868655542762,0.06392465388248524,-1.3251010017934135,31,-1.2327057486918553,0.6949437838007387,-1.1693050696734324,0.2032282361848196,No Stress
19-20_N_FD_green_2_4_A01820200108121606.png,81.07173512188203,0.07465299588630564,128.26458227796803,0.060937493470302355,0.0635800692994053,31,-0.4762935681160892,0.5061000061526222,-1.1693050696734324,0.26680672745397566,No Stress
19-20_N_FD_green_2_4_A01920200108121615.png,81.54336633012406,0.021786922093789015,129.52779250237305,0.05555449263902502,0.17222701627646586,31,-0.4171137637776134,0.16579480931234977,-1.1693050696734324,0.2936763318596706,No Stress
19-20_N_FD_green_2_4_A02020200108121621.png,81.84141975283556,0.050599217298866586,129.07138590081723,0.061446258423884605,-0.05101169987531051,31,-0.5387115068363673,0.5382633594755969,-1.1693050696734324,0.26044513216533405,No Stress
19-20_N_FD_green_2_4_A02120200108121625.png,80.75155205933768,0.04600630626196308,128.65190168112534,0.06435686824218008,0.2784568037379458,31,-0.359250582051802,0.7222677239901079,-1.1693050696734324,0.260139537642825,No Stress
19-20_N_FD_green_2_4_A02220200108121629.png,81.49113346932472,0.050748900826307224,128.41927068518532,0.07011598965363043,-0.07387360114434927,31,-0.5511643449652927,1.0863506968484982,-1.1693050696734324,0.2227428586762383,No Stress
19-20_N_FD_green_3_3_A00120200108121653.png,80.54493377786277,0.025166906390975966,128.7701139868803,0.0559760168692713,0.38336340281180625,33,-0.3021081387550124,0.19244293563501763,-0.13177070259995977,0.39266623532812667,Mild Stress
19-20_N_FD_green_3_3_A00220200108121659.png,82.61237799741097,0.04847638029856586,128.55862905048596,0.05995827384449068,-0.4883272032384056,31,-0.776916506086593,0.44419521773507564,-1.1693050696734324,0.2507503993715167,No Stress
19-20_N_FD_green_3_3_A00320200108121703.png,83.30919894003983,0.040904751715683356,128.25417235874056,0.06301250267264007,-0.8458198232303076,31,-0.9716421186529244,0.6372789595245004,-1.1693050696734324,0.22466610607985288,No Stress
19-20_N_FD_green_3_3_A00420200108121707.png,81.87826680509119,0.06615356947221773,128.12238716902777,0.06719782499349441,-0.29755618046425525,31,-0.6730038595249843,0.9018687266229302,-1.1693050696734324,0.2269562283841795,No Stress
19-20_N_FD_green_3_3_A00520200108121713.png,81.02935819403127,0.028076158706728915,127.58697717645204,0.061084596604257156,-0.10517232795214326,31,-0.5682127073911575,0.5153996445003336,-1.1693050696734324,0.2599986908440225,No Stress
19-20_N_FD_green_3_3_A00620200108121716.png,82.52565206947678,0.03445262608594954,127.82346704657462,0.06440027254533091,-0.6423356470169708,31,-0.8608046393740657,0.7250116785965489,-1.1693050696734324,0.2262201463186944,No Stress
19-20_N_FD_green_3_3_A00720200108121720.png,84.29019159847516,0.037798169694254535,127.85019805545552,0.06664991097716624,-1.340297766133201,31,-1.2409833999764002,0.8672304285764746,-1.1693050696734324,0.1910833716952473,No Stress
19-20_N_FD_green_3_3_A00820200108121724.png,83.5077243569911,0.04531485262856954,127.8734360497494,0.058306925671971724,-1.0188705319390898,31,-1.0659025407537184,0.3397994759332788,-1.1693050696734324,0.23833474388560902,No Stress
19-20_N_FD_green_3_3_A00920200108121731.png,78.5125587637045,0.015732214748040933,127.94078897394563,0.06217369888757478,0.9856800131664194,35,0.02597267844573199,0.5842510488601667,0.9057636644735128,0.4814268229066081,Mild Stress
19-20_N_FD_green_3_3_A01020200108121734.png,78.93644439570082,0.02713145595345162,127.73810467882633,0.06412713442910467,0.7694444210099611,35,-0.09181047507017429,0.7077442986870243,0.9057636644735128,0.4651984251166541,Mild Stress
19-20_N_FD_green_3_3_A01120200108121737.png,80.07318870001633,0.05113372372866337,128.2690631762682,0.06099432740694177,0.45588711736554544,33,-0.2626045967171865,0.509692961940945,-0.13177070259995977,0.3739848376903285,Mild Stress
19-20_N_FD_green_3_3_A01220200108121741.png,79.85612169706457,0.07232216083865596,128.54686244551485,0.05959369197571757,0.6195796888464145,35,-0.17344153579891564,0.4211469016552534,0.9057636644735128,0.478984585690134,Mild Stress
19-20_N_FD_green_3_4_A01420200108121756.png,73.95698211949411,0.06571740078471122,128.09384212821632,0.05511684355686768,2.863668774531085,35,1.0489099126680892,0.1381272941625935,0.9057636644735128,0.5802367594590331,Mild Stress
19-20_N_FD_green_3_4_A01520200108121800.png,76.41941258908581,0.026524926936701967,127.7734015826084,0.06695153229843327,1.7848690844456208,35,0.46128958502882494,0.886298473765805,0.9057636644735128,0.49039060938534745,Mild Stress
19-20_N_FD_green_3_4_A01620200108121804.png,77.41802962836103,0.021364959753290953,127.65764685733859,0.07145238195329165,1.3546775989038906,35,0.22696502597965898,1.170835403213316,0.9057636644735128,0.4554916697602834,Mild Stress
19-20_N_FD_green_3_4_A01720200108121808.png,76.06807794292094,0.05164067406299438,126.99648053171447,0.07264800505874125,1.739963191682289,35,0.436829422812397,1.2464208933515843,0.9057636644735128,0.4645233507802555,Mild Stress
19-20_N_FD_green_3_4_A01820200108121814.png,75.43428704744534,0.030291204479287827,128.70405735010286,0.0632148941925779,2.4129014401153306,35,0.8033777242805682,0.650073846278197,0.9057636644735128,0.5292882781819199,Mild Stress
19-20_N_FD_green_3_4_A02020200108121821.png,75.72957669378084,0.022914474865827945,126.64132303507736,0.07218563642553404,1.7765201474600438,35,0.4567419334749803,1.2171906454530321,0.9057636644735128,0.4678287226416422,Mild Stress
19-20_N_FD_green_3_4_A02120200108121828.png,76.07088427768647,0.031203372519549587,128.16094282604035,0.05747229650318976,2.022803175817341,35,0.590891873584659,0.28703547821649195,0.9057636644735128,0.539414532163832,Mild Stress
19-20_N_FD_green_3_4_A02220200108121836.png,75.10908747028658,0.0359398037300885,126.52586625630268,0.06596954362706803,2.000410507266565,35,0.5786946257068053,0.8242186304631298,0.9057636644735128,0.5024628719612442,Mild Stress
19-20_N_FD_green_3_4_A02320200108121843.png,75.13030412360195,0.043803985653159856,126.96273690018889,0.06670638107103725,2.103893970585048,35,0.6350618894160073,0.8708003827735284,0.9057636644735128,0.5031210514158355,Mild Stress
19-20_N_FD_green_4_3_A00120200108121904.png,84.44980922285117,0.03301274140477929,128.68383188952325,0.06050916919399975,-1.1974112572679871,31,-1.1631533654238728,0.479021991170403,-1.1693050696734324,0.22242940306667058,No Stress
19-20_N_FD_green_4_3_A00220200108121908.png,82.39302059963288,0.031482765653553,129.13629614521722,0.06172952046394967,-0.2621152355701071,31,-0.6536992380628716,0.5561707585868183,-1.1693050696734324,0.25150652478562874,No Stress
19-20_N_FD_green_4_3_A00320200108121912.png,84.03630880043282,0.03299809028535496,129.92069234216592,0.06427591451983826,-0.7228011030317774,31,-0.9046340342669374,0.7171499517140169,-1.1693050696734324,0.22380093906940704,No Stress
19-20_N_FD_green_4_3_A00420200108121915.png,82.96056653060565,0.03288881352360522,129.07176915654284,0.06372734612567649,-0.5047732383732821,31,-0.7858746330151959,0.6824702848874977,-1.1693050696734324,0.2341213442097157,No Stress
19-20_N_FD_green_4_3_A00520200108121921.png,83.40792289471534,0.03220207465477333,128.50540717144492,0.06657911831702064,-0.8255466388957373,31,-0.9605993501663783,0.8627550233330428,-1.1693050696734324,0.2102431920788,No Stress
19-20_N_FD_green_4_3_A00620200108121925.png,82.15084174531977,0.038553001664472224,128.6355853676537,0.06958846282427525,-0.2879468056319183,31,-0.667769649653327,1.0530012460256117,-1.1693050696734324,0.21714301925494822,No Stress
19-20_N_FD_green_4_3_A00720200108121929.png,81.83402416012129,0.04587278034915297,128.59785010402723,0.06594676201643603,-0.16809166491950833,31,-0.6024847615485696,0.8227784113858048,-1.1693050696734324,0.23701904860660197,No Stress
19-20_N_FD_green_4_3_A00820200108121942.png,81.84918213682981,0.059469524860202724,128.77775704271062,0.06374781888907977,-0.12441926035319995,31,-0.5786964782222964,0.68376454212397,-1.1693050696734324,0.2479692205117562,No Stress
19-20_N_FD_green_4_3_A00920200108121946.png,81.90697233265392,0.040901660847815866,128.00788246927533,0.06808244741889359,-0.34650273444600543,31,-0.6996649629271279,0.9577932226504278,-1.1693050696734324,0.22140147068430593,No Stress
19-20_N_FD_green_4_3_A01020200108121949.png,82.55060725504713,0.051417595389858066,128.94094719782308,0.06466956846933453,-0.3670099441766297,31,-0.7108352046426422,0.7420361609064627,-1.1693050696734324,0.23516210476208924,No Stress
19-20_N_FD_green_4_4_A01220200108122012.png,74.80462550680184,0.04301407818181312,129.52334571829232,0.046130076796090734,2.874041154215977,35,1.0545597299648963,-0.43000255150159955,0.9057636644735128,0.6188295289354938,Mild Stress
19-20_N_FD_green_4_4_A01320200108122016.png,76.38158753415603,0.029493122481592613,129.56697528135302,0.04901600915133149,2.2494313995444024,35,0.7143358755645357,-0.24755825899628464,0.9057636644735128,0.5836745511481569,Mild Stress
19-20_N_FD_green_4_4_A01420200108122020.png,75.37334127577597,0.05475215776709737,128.6589312345006,0.053706762135742915,2.434559553533248,35,0.8151748612464461,0.04898407263669061,0.9057636644735128,0.5705114249455212,Mild Stress
19-20_N_FD_green_4_4_A01520200108122024.png,75.65257673978036,0.0828776941907262,128.65125739488585,0.05473590544997355,2.3307908457760718,35,0.7586522253842276,0.11404496136833935,0.9057636644735128,0.562333643055218,Mild Stress
19-20_N_FD_green_4_4_A01620200108122027.png,76.8428991921174,0.061202847420574066,128.794589065403,0.05753392517083826,1.882908586100985,35,0.5146915322241856,0.29093154967040435,0.9057636644735128,0.5340271986712416,Mild Stress
19-20_N_FD_green_4_4_A01720200108122033.png,76.24740164324592,0.03769945570050001,129.6072559448664,0.04935321441752587,2.3160481384134073,35,0.7506218981507703,-0.2262406504569925,0.9057636644735128,0.584681335790472,Mild Stress
19-20_N_FD_green_4_4_A01820200108122037.png,76.26497044885569,0.05463146650366602,129.79607442021603,0.05100604905056624,2.362151438788011,35,0.775734286224621,-0.12175093686210234,0.9057636644735128,0.5793423685470483,Mild Stress
19-20_N_FD_green_4_4_A01920200108122041.png,74.46116033295928,0.0556467415878555,128.63376990972583,0.05359433444552012,2.7934547038034943,35,1.0106644296326197,0.041876563563078534,0.9057636644735128,0.5841382277266814,Mild Stress
19-20_N_FD_green_4_4_A02020200108122044.png,73.80601270571758,0.06502926316815472,128.55121471328764,0.05196887296091164,3.038158838143733,35,1.143954348898635,-0.060882660857236474,0.9057636644735128,0.600015036849527,Mild Stress
19-20_N_FD_green_4_4_A02120200108122050.png,75.40528752825702,0.04332041984233501,128.9676378396094,0.05377563421511995,2.494956595544359,35,0.848073025698273,0.053338061659508586,0.9057636644735128,0.5724313235639953,Mild Stress
19-20_N_FD_green_4_4_A02220200108122058.png,75.69406990498882,0.045539694633802676,128.4864555400735,0.062074887612754585,2.2599248161446788,35,0.7200516214600701,0.5780043490394378,0.9057636644735128,0.5285311520369086,Mild Stress
19-20_N_FD_green_4_4_A02320200108122102.png,74.59833923965694,0.021539558388636627,128.31041120593846,0.060398207268850965,2.645805951057863,35,0.9302404090648688,0.4720071455549005,0.9057636644735128,0.5497980143073938,Mild Stress
19-20_N_FD_green_5_3_A00120200108122129.png,78.38606592103034,0.02268683274011741,126.8488137603796,0.07117894267256011,0.7657174631418044,35,-0.09384054258290268,1.153548984137819,0.9057636644735128,0.43507678696817254,Mild Stress
19-20_N_FD_green_5_3_A00220200108122134.png,79.97651866333854,0.023903500682332216,128.21436505301642,0.06386915678400337,0.4713500231575054,33,-0.25418197864338377,0.6914353409052446,-0.13177070259995977,0.36232724504711056,Mild Stress
19-20_N_FD_green_5_3_A00320200108122138.png,80.70839683487972,0.02976139674941269,128.21155667182808,0.06675792293564867,0.17994692286742264,31,-0.4129087439931127,0.8740587817468646,-1.1693050696734324,0.24632089803819132,No Stress
19-20_N_FD_green_5_3_A00420200108122148.png,81.94670424285843,0.023188768574004287,126.1990401671076,0.07214725681870578,-0.820805586365573,31,-0.9580169070430313,1.214764344572591,-1.1693050696734324,0.18674052750817632,No Stress
19-20_N_FD_green_5_3_A00520200108122154.png,79.60014424067587,0.02312384092304503,126.61899855759324,0.07119596171874117,0.22278528745102477,31,-0.38957476080467457,1.1546249025785194,-1.1693050696734324,0.2290193078445413,No Stress
19-20_N_FD_green_5_3_A00620200108122202.png,77.64708145054593,0.02426312385595878,126.74515265901012,0.06787852335782962,1.0359476778837404,35,0.05335338858341547,0.9449014509572821,0.9057636644735128,0.45901090051419025,Mild Stress
19-20_N_FD_green_5_3_A00720200108122207.png,77.56336419985445,0.04257739633766394,127.01593097275548,0.06738713199711263,1.1435391519652747,35,0.11195827865895298,0.9138364299818488,0.9057636644735128,0.46504215332699705,Mild Stress
19-20_N_FD_green_5_3_A00820200108122212.png,77.84534657669396,0.03756124568610754,127.02127624146098,0.06877377903718905,1.0303268656778002,35,0.05029174188439601,1.0014981652688584,0.9057636644735128,0.4549982428296291,Mild Stress
19-20_N_FD_green_5_4_A01020200108122225.png,83.04296658290637,0.017300035897197974,129.7165706686682,0.05520457066550392,-0.3819889534314811,31,-0.718994245108579,0.1436732697082814,-1.1693050696734324,0.2748595751079093,No Stress
19-20_N_FD_green_5_4_A01120200108122229.png,83.04490157858389,0.02046070294581628,128.93876500226796,0.06465076675871419,-0.576108134835529,31,-0.8247306278921852,0.7408475451075552,-1.1693050696734324,0.2275813762714284,No Stress
19-20_N_FD_green_5_4_A01220200108122234.png,83.47498188584791,0.03834024964579282,128.54827833218062,0.06543841579104243,-0.8395040839179799,31,-0.9682019463594932,0.7906415294276186,-1.1693050696734324,0.214582234336385,No Stress
19-20_N_FD_green_5_4_A01320200108122237.png,84.6386193624234,0.04355860825015276,129.0567562344491,0.06346962703069176,-1.176013173469535,31,-1.1514978661425348,0.6661776722542827,-1.1693050696734324,0.21062515398535941,No Stress
19-20_N_FD_green_5_4_A01420200108122243.png,83.2512180267966,0.03252943564745217,129.07296792529436,0.05723169464627391,-0.6208599269184347,31,-0.8491068517341832,0.2718249915670862,-1.1693050696734324,0.2574885591298313,No Stress
19-20_N_FD_green_5_4_A01520200108122248.png,83.41210032189933,0.031616129964181616,128.22437726112912,0.06644598254645107,-0.8976801679899893,31,-0.9998903588584394,0.8543383806405672,-1.1693050696734324,0.20816656342381246,No Stress
19-20_N_FD_green_5_4_A01620200108122252.png,83.84517079770015,0.03625324121033542,128.7938952505194,0.06997440910233099,-0.9269058720265946,31,-1.0158095493618382,1.0774001878501043,-1.1693050696734324,0.19209255601407826,No Stress
19-20_N_FD_green_5_4_A01720200108122259.png,82.63841035493984,0.019840226514228575,130.18995247244413,0.05535649886778252,-0.1009319445849215,31,-0.5659029778959946,0.153277941600881,-1.1693050696734324,0.284510570870934,No Stress
19-20_N_FD_green_5_4_A01820200108122310.png,82.41978617202587,0.02785593127698513,128.84506580412193,0.06293624021601958,-0.34689844183291996,31,-0.6998805040572237,0.6324577619944977,-1.1693050696734324,0.2432692344208517,No Stress
19-20_N_FD_green_5_4_A01920200108122314.png,81.80108731572457,0.0684347973269748,128.83978011880677,0.05946664818425918,-0.0865377175236901,31,-0.5580624672807527,0.4131153846975784,-1.1693050696734324,0.26756110376391834,No Stress
19-20_N_FD_green_6_3_A00120200108122339.png,83.49801172551197,0.011011039618467637,128.95664173498383,0.057849724962053165,-0.756190392592373,31,-0.9228211226129539,0.31089593635358526,-1.1693050696734324,0.2499025568549154,No Stress
19-20_N_FD_green_6_3_A00220200108122343.png,84.52803045384188,0.026838057551801846,128.7800506209805,0.05861538503112611,-1.2068062061484994,31,-1.168270777849977,0.35929981156843943,-1.1693050696734324,0.2301377894840226,No Stress
19-20_N_FD_green_6_3_A00320200108122348.png,83.74894710514425,0.03526996062723783,128.27540260117473,0.05874073474664356,-1.0183837055444869,31,-1.0656373672575363,0.367224231599212,-1.1693050696734324,0.2365079738527621,No Stress
19-20_N_FD_green_6_3_A00420200108122351.png,83.92383567215782,0.0678828553993578,127.79266625991458,0.06169502708632428,-1.1976087044947086,31,-1.163260914587192,0.5539901392574861,-1.1693050696734324,0.21737976595977604,No Stress
19-20_N_FD_green_6_3_A00520200108122359.png,83.15438194939011,0.05475944458372712,128.8777236669315,0.06104396801179397,-0.6231560574188677,31,-0.8503575500513657,0.5128311661387492,-1.1693050696734324,0.2411942143612491,No Stress
19-20_N_FD_green_6_3_A00620200108122402.png,84.11423884088103,0.0426751023323587,128.92242625560394,0.05891746400881676,-1.0001526866351043,31,-1.0557069627503934,0.378396789106883,-1.1693050696734324,0.23642442588566173,No Stress
19-20_N_FD_green_6_3_A00720200108122407.png,83.96011750266594,0.060542041407373924,128.95202511015876,0.05559117095277507,-0.9248510090341071,31,-1.014690269039461,0.16811355700935113,-1.1693050696734324,0.25332701189947965,No Stress
19-20_N_FD_green_6_3_A00820200108122412.png,84.12343742516404,0.0609903092418978,129.0415928285199,0.05440343801567804,-0.9676301547009771,31,-1.0379919957862518,0.09302687141867322,-1.1693050696734324,0.2568100997605877,No Stress
19-20_N_FD_green_6_3_A00920200108122418.png,83.3017114655569,0.021854474527456116,128.53417026700166,0.06340937908148675,-0.7794929533877379,31,-0.9355139872246608,0.6623688877387196,-1.1693050696734324,0.2254085423486387,No Stress
19-20_N_FD_green_6_3_A01020200108122422.png,83.69632536103288,0.05430553068146763,128.73412595040784,0.05939010943147644,-0.8759917210726726,31,-0.9880766992878376,0.4082767201407575,-1.1693050696734324,0.23896353622910188,No Stress
19-20_N_FD_green_6_3_A01120200108122426.png,83.87325702309784,0.033926069273283815,128.98209747421419,0.05869509409099995,-0.8919043164399412,31,-0.9967442624965039,0.3643388981598274,-1.1693050696734324,0.2413358353084187,No Stress
19-20_N_FD_green_6_4_A01320200108122446.png,76.12874181579153,0.04093617830961634,128.06018042017317,0.06413176808575843,1.977876041135044,35,0.5664201409316647,0.7080372314747153,0.9057636644735128,0.5094517142749457,Mild Stress
19-20_N_FD_green_6_4_A01420200108122449.png,78.61468176032773,0.05238247764166161,128.89339329214326,0.06472971700310017,1.1958094860793054,35,0.14042983935755426,0.7458386605278333,0.9057636644735128,0.47825680009339866,Mild Stress
19-20_N_FD_green_6_4_A01520200108122452.png,78.49787468120218,0.0593672384188488,127.58461685919555,0.07343082867802761,0.9177828757646118,35,-0.011010775009522116,1.2959098223342025,0.9057636644735128,0.4310726909125816,Mild Stress
19-20_N_FD_green_6_4_A01620200108122500.png,76.2043505150242,0.05842485764834009,126.91414557164488,0.06646702182400498,1.6672448870784535,35,0.3972198879104242,0.8556684520475341,0.9057636644735128,0.48814143645819097,Mild Stress
19-20_N_FD_green_6_4_A01720200108122504.png,78.10063112559952,0.01975086923392608,126.95667661090235,0.07753116231024915,0.9058295067176516,35,-0.017521754480800365,1.5551267326709657,0.9057636644735128,0.41319967125568735,Mild Stress
19-20_N_FD_green_6_4_A01820200108122509.png,79.23687206158039,0.03633378330898809,126.52862565539188,0.07964565916614325,0.35012441337396183,33,-0.3202133588837991,1.688802035966884,-0.13177070259995977,0.29080244305245767,No Stress
19-20_N_FD_green_6_4_A01920200108122515.png,77.76968722957102,0.04342210153403975,126.79814221953184,0.0720029266774307,1.006858398591465,35,0.03750850840258895,1.2056400106413732,0.9057636644735128,0.4404077299510698,Mild Stress
19-20_N_FD_green_6_4_A02020200108122521.png,78.44646231771648,0.0299838446341046,126.18468111364892,0.07462339548916432,0.5780796969475723,33,-0.19604650969790935,1.37130209815385,-0.13177070259995977,0.3205092200547947,No Stress
19-20_N_FD_green_6_4_A02120200108122524.png,79.44425455968953,0.06238976979487231,126.34348047531054,0.07192052181924234,0.2300047143800299,31,-0.3856423514274957,1.2004304997448774,-1.1693050696734324,0.2262028917393539,No Stress
19-20_N_FD_green_7_3_A00120200108122558.png,79.87628179574389,0.01938066683056386,127.4876379335205,0.059413251840430066,0.3281799984732636,33,-0.3321664437727822,0.4097397483440157,-0.13177070259995977,0.3760289795076798,Mild Stress
19-20_N_FD_green_7_3_A00220200108122604.png,79.09129856015097,0.020211806930399385,127.06127151559065,0.0629581064127802,0.5358725872629115,33,-0.21903664943334245,0.6338401099870028,-0.13177070259995977,0.3685650315864218,Mild Stress
19-20_N_FD_green_7_3_A00320200108122607.png,79.42284688493511,0.023093506471621353,127.32559075924202,0.06215101391226639,0.47034166310152514,33,-0.25473123062400543,0.5828169389223079,-0.13177070259995977,0.36959604187415995,Mild Stress
19-20_N_FD_green_7_3_A00420200108122610.png,81.19557131449707,0.013562435611474025,127.55031299519646,0.0661693747253992,-0.1859034245356952,31,-0.6121867962429495,0.8368516512230879,-1.1693050696734324,0.23541990916602823,No Stress
19-20_N_FD_green_7_3_A00520200108122615.png,78.44816314898615,0.024305675498185145,126.98033610832844,0.060930793095241485,0.774325753912013,35,-0.08915162147058454,0.5056764185431342,0.9057636644735128,0.47896846987609676,Mild Stress
19-20_N_FD_green_7_3_A00620200108122619.png,76.71328214273348,0.0296236019251462,126.29049655458984,0.06451458920896166,1.2976795422278684,35,0.19591828296834782,0.7322386057210901,0.9057636644735128,0.48290373456148916,Mild Stress
19-20_N_FD_green_7_3_A00720200108122622.png,76.71885035256587,0.033205754144776896,126.87901779497588,0.061730044895980316,1.443836321668293,35,0.2755296282540311,0.5562039123891325,0.9057636644735128,0.5000986427689827,Mild Stress
19-20_N_FD_green_7_3_A00820200108122630.png,77.90198075542892,0.033912217595013464,126.38784815784159,0.06493196209724982,0.8480390134470817,35,-0.04900013633628342,0.7586242904639603,0.9057636644735128,0.46465565533977127,Mild Stress
19-20_N_FD_green_7_3_A00920200108122633.png,78.36445567668287,0.034426334839543264,126.22330641879591,0.06408103875740793,0.6220935512196704,35,-0.17207223930672289,0.704830199818769,0.9057636644735128,0.4599959740508626,Mild Stress
19-20_N_FD_green_7_3_A01020200108122638.png,78.67436456371294,0.024651330130474904,126.46009608262258,0.0648392304282188,0.5539061607161351,33,-0.20921379312509633,0.7527619341552698,-0.13177070259995977,0.36122696858325853,Mild Stress
19-20_N_FD_green_7_3_A01120200108122642.png,78.7955579631636,0.06755562963552147,127.137728144012,0.06210867157151691,0.6898533211099895,35,-0.13516360969768385,0.5801401199778062,0.9057636644735128,0.4708652016378316,Mild Stress
19-20_N_FD_green_7_4_A01320200108122704.png,78.75991371531931,0.02578468279037865,129.54599401546912,0.04146765376098399,1.2915576567161864,35,0.19258370250525958,-0.7247539064513485,0.9057636644735128,0.5806776521077804,Mild Stress
19-20_N_FD_green_7_4_A01420200108122708.png,79.53730114277593,0.032126466088595956,129.65662801681978,0.04414157340155713,1.0104808102255802,35,0.03948162976223121,-0.5557127381250954,0.9057636644735128,0.5590101015765728,Mild Stress
19-20_N_FD_green_7_4_A01520200108122712.png,81.83745703312127,0.03450376931919242,129.77596712245875,0.04626939021294656,0.12108528662789553,31,-0.4449705755734629,-0.42119536732467233,-1.1693050696734324,0.33128398240719426,Mild Stress
19-20_N_FD_green_7_4_A01620200108122715.png,82.0457090745532,0.0925488060011779,129.57637092148536,0.051682294954819595,0.008201182650473982,31,-0.5064583520106458,-0.07899969034134766,-1.1693050696734324,0.3041319875474912,No Stress
19-20_N_FD_green_7_4_A01720200108122723.png,77.6700653278086,0.0399401857914525,129.11903528704136,0.04495095973347327,1.6257117556639074,35,0.37459686297447264,-0.5045445544974537,0.9057636644735128,0.5781085530127724,Mild Stress
19-20_N_FD_green_7_4_A01820200108122728.png,79.09348352024267,0.048110093104145345,128.6550317148262,0.04818071091503098,0.9432030531959334,35,0.0028355517257572438,-0.30036455415287006,0.9057636644735128,0.5393703897331837,Mild Stress
19-20_N_FD_green_7_4_A01920200108122732.png,79.90236167668542,0.08411301790412662,128.7152939370435,0.045675980386438365,0.6473183698531493,35,-0.15833232417115992,-0.45870984189868114,0.9057636644735128,0.5391805407356077,Mild Stress
19-20_N_FD_green_7_4_A02020200108122738.png,78.51748769798077,0.0372971563606828,129.12176205473725,0.048092033324923865,1.2864994392182432,35,0.18982850017184347,-0.30597061770414824,0.9057636644735128,0.5523247165440202,Mild Stress
19-20_N_FD_green_7_4_A02120200108122742.png,79.34561306689949,0.04462711892309842,129.13089138922294,0.048730113641315465,0.9600971121690236,35,0.012037716465105503,-0.26563214210743896,0.9057636644735128,0.5376532097552875,Mild Stress
19-20_N_FD_green_7_4_A02220200108122748.png,79.5926416603433,0.056557494718908315,128.78906503148008,0.050338859312888486,0.7800047168843136,35,-0.08605830014957992,-0.16392966618553115,0.9057636644735128,0.5242146414999793,Mild Stress
19-20_N_FD_green_8_3_A00120200108122817.png,77.43948714902716,0.020593800646491783,127.7683685331478,0.05574582823894595,1.3735051039023531,35,0.2372203354291361,0.17789075747110086,0.9057636644735128,0.5229675095446925,Mild Stress
19-20_N_FD_green_8_3_A00220200108122821.png,77.80210009638533,0.03021913864614599,127.30777494235987,0.059110229042604726,1.1166803955619855,35,0.0973283604426865,0.3905831039196133,0.9057636644735128,0.4992524734140399,Mild Stress
19-20_N_FD_green_8_3_A00320200108122824.png,79.02714932126698,0.033959716345225134,127.5208274797764,0.06050179833386802,0.6812330421581372,35,-0.13985906075183463,0.47855601650559604,0.9057636644735128,0.47738199139011883,Mild Stress
19-20_N_FD_green_8_3_A00420200108122828.png,79.64603465511496,0.028632122625672142,127.70753915361546,0.058875087969674486,0.478492169276862,33,-0.2502916639897233,0.3757178398007947,-0.13177070259995977,0.3838242613281952,Mild Stress
19-20_N_FD_green_8_3_A00520200108122833.png,78.30776056039058,0.03718106559101175,127.33375928677563,0.06338471604825013,0.9233489704945299,35,-0.007978932825171342,0.6608097279608689,0.9057636644735128,0.4739938334920321,Mild Stress
19-20_N_FD_green_8_3_A00620200108122840.png,76.81940483144909,0.034191264904839216,126.9081045324903,0.06542472713973074,1.4112311432596307,35,0.25776964389797613,0.7897761535294702,0.9057636644735128,0.4831938842584891,Mild Stress
19-20_N_FD_green_8_3_A00720200108122845.png,75.44889709379243,0.01924789665271966,125.97787702444465,0.06654465743808044,1.7216471824226431,35,0.4268527242082805,0.8605764585215916,0.9057636644735128,0.4898044435658503,Mild Stress
19-20_N_FD_green_8_3_A00820200108122851.png,79.38539708326878,0.03500412428961724,127.35373426175214,0.05712134550127148,0.4965261756318853,33,-0.2404685718806147,0.2648488849885746,-0.13177070259995977,0.39194208188746726,Mild Stress
19-20_N_FD_green_8_3_A00920200108122856.png,78.92418913475872,0.01900565975833286,127.3748811367685,0.05926171479714376,0.680696611204052,35,-0.14015125376587823,0.4001598049331762,0.9057636644735128,0.4826353152319809,Mild Stress
19-20_N_FD_green_8_3_A01020200108122859.png,79.74368487949751,0.05117911043264415,127.52722463771097,0.06510021450617415,0.4022448962801626,33,-0.2918234218792454,0.769260954089416,-0.13177070259995977,0.35456086053019065,Mild Stress
19-20_N_FD_green_8_4_A01220200108122917.png,79.34081805788281,0.031541360840969826,128.6812013827044,0.03986238340884085,0.8450125988173092,35,-0.05064861915720292,-0.8262366779184852,0.9057636644735128,0.57114349105744,Mild Stress
19-20_N_FD_green_8_4_A01320200108122921.png,80.73858903794236,0.022702634828191185,129.11728020425676,0.04361653610295773,0.3918303580771081,33,-0.2974962028480698,-0.5889048045669572,-0.13177070259995977,0.445530361674701,Mild Stress
19-20_N_FD_green_8_4_A01420200108122925.png,82.30638422121878,0.03653120142112447,129.12785303624744,0.04349343763622588,-0.22780450892825854,31,-0.6350102445304142,-0.5966869040436122,-1.1693050696734324,0.3303054661752364,Mild Stress
19-20_N_FD_green_8_4_A01520200108122929.png,83.50667189635513,0.05347626017948017,128.53868082456552,0.046642103547586265,-0.8492818613378503,31,-0.9735278848296766,-0.3976329922322161,-1.1693050696734324,0.29414807627987516,No Stress
19-20_N_FD_green_8_4_A01620200108122934.png,79.38296100495518,0.033608988912871805,127.69127127492087,0.054310536513657325,0.5813965628676492,33,-0.19423981856089517,0.08715377852442323,-0.13177070259995977,0.4070033370325553,Mild Stress
19-20_N_FD_green_8_4_A01720200108122938.png,83.50530191215152,0.056849196467356346,129.1153021595191,0.04056729280250165,-0.7033980062172631,31,-0.8940652009495512,-0.7816733688120711,-1.1693050696734324,0.3253235743302163,No Stress
19-20_N_FD_green_8_4_A01820200108122941.png,83.38785214834786,0.07652675148932328,129.17186782833065,0.036163472749512565,-0.63538953923522,31,-0.8570211064642568,-1.0600762331166593,-1.1693050696734324,0.3465407288382805,Mild Stress
19-20_N_FD_green_8_4_A01920200108122948.png,77.11627189423142,0.03481098261972167,128.7280761817813,0.05003718764981888,1.747694131669654,35,0.4410404524688617,-0.18300089390772212,0.9057636644735128,0.560950366913241,Mild Stress
19-20_N_FD_green_8_4_A02020200108122951.png,78.61687882086927,0.05769617284960348,128.68048320911146,0.05081938548802373,1.1435629344275142,35,0.11197123292505234,-0.13355152586161473,0.9057636644735128,0.5354909762509301,Mild Stress
19-20_N_FD_green_8_4_A02120200108122955.png,81.53633409016383,0.04608226069540098,129.54991553107502,0.0433086766131443,0.18907403794661093,31,-0.4079372201759257,-0.6083672173667795,-1.1693050696734324,0.3463641610323868,Mild Stress
19-20_N_FD_green_9_3_A00120200108123019.png,78.36802198446676,0.03802877083020674,127.93800950090903,0.05325896532512458,1.0506036512311248,35,0.06133647194857665,0.02067503339291271,0.9057636644735128,0.5217118791223938,Mild Stress
19-20_N_FD_green_9_3_A00220200108123026.png,81.49048602539504,0.02265755801865457,128.46311527165034,0.05828950971510591,-0.0724854469389058,31,-0.550408219767526,0.33869846539749243,-1.1693050696734324,0.2730812604128053,No Stress
19-20_N_FD_green_9_3_A00320200108123029.png,82.21097634366909,0.02742066425124332,128.82278956488022,0.05634843520086261,-0.26909591375964936,31,-0.6575016014140866,0.21598666107951714,-1.1693050696734324,0.27413176503096015,No Stress
19-20_N_FD_green_9_3_A00420200108123033.png,82.90898628676649,0.040283632956823974,128.83984671544636,0.05437249388952207,-0.5395335643101191,31,-0.8048085225069824,0.09107063041618768,-1.1693050696734324,0.27262574010797563,No Stress
19-20_N_FD_green_9_3_A00520200108123039.png,79.524614933679,0.026078412754659483,128.8528264342714,0.05401294603182688,0.8124880795603779,35,-0.06836466861264298,0.0683405569271548,0.9057636644735128,0.509782089305653,Mild Stress
19-20_N_FD_green_9_3_A00620200108123043.png,80.72170178906872,0.03260682323397095,128.57110748357354,0.057366560899480196,0.2655085433977895,31,-0.36630347709187966,0.28035103276288237,-1.1693050696734324,0.28938874134116155,No Stress
19-20_N_FD_green_9_3_A00720200108123047.png,81.7064986106082,0.03605095385902636,128.4291369496849,0.05678860409732788,-0.16269737297139386,31,-0.5995465000426901,0.24381347509080842,-1.1693050696734324,0.27615821198240625,No Stress
19-20_N_FD_green_9_3_A00820200108123053.png,80.05358945528262,0.03306304014168617,128.09376820990948,0.05423447808060762,0.4135783344139128,33,-0.28565011770550575,0.08234547905696793,-0.13177070259995977,0.40117843380664897,Mild Stress
19-20_N_FD_green_9_3_A00920200108123058.png,78.93554799573735,0.038044101975415835,127.96862447741618,0.055201224192563694,0.8312523567505004,35,-0.058143799241147154,0.14346171073433026,0.9057636644735128,0.5054168566599762,Mild Stress
19-20_N_FD_green_9_3_A01020200108123101.png,77.93479738305207,0.03743643911650398,127.99931628550607,0.05659307629760585,1.239012871846466,35,0.16396264895412838,0.2314525023810267,0.9057636644735128,0.5144375573757407,Mild Stress
19-20_N_FD_green_9_3_A01120200108123106.png,79.27599337278873,0.040257472828675825,128.4346211025638,0.05393247446945524,0.8123480420154898,35,-0.06844094682143856,0.0632532660774472,0.9057636644735128,0.5101191330668355,Mild Stress
19-20_N_FD_green_9_4_A01320200108123120.png,78.75989728582803,0.03687121960558062,128.81481852023228,0.04454328333951731,1.1126506425888074,35,0.0951333609593101,-0.5303172414876196,0.9057636644735128,0.5610451543345579,Mild Stress
19-20_N_FD_green_9_4_A01420200108123124.png,80.1782352819708,0.04710595329032521,129.0867078282776,0.05174458172657103,0.6168699279326972,35,-0.17491753788769676,-0.07506201453824221,0.9057636644735128,0.512260622710914,Mild Stress
19-20_N_FD_green_9_4_A01520200108123127.png,81.68358533080792,0.03903239500996411,129.4584734831167,0.053670209226691475,0.10484557670949357,31,-0.45381631751306434,0.04667325283566834,-1.1693050696734324,0.2992198841648493,No Stress
19-20_N_FD_green_9_4_A01620200108123130.png,81.39532034339337,0.023279447620123017,129.36057122953676,0.05276174537383724,0.1901624766938852,31,-0.4073443494704865,-0.01075846229086892,-1.1693050696734324,0.3062085091565535,No Stress
19-20_N_FD_green_9_4_A01720200108123133.png,81.02204933401515,0.036140128732574654,128.70036769182067,0.05585381105515046,0.1789212344055109,31,-0.4134674347265117,0.18471726831061744,-1.1693050696734324,0.2926488500585537,No Stress
19-20_N_FD_green_9_4_A01820200108123139.png,79.0429705438562,0.02144836974340087,128.9389309847143,0.05243516442616137,1.0250514580462813,35,0.04741823646040184,-0.03140441743123757,0.9057636644735128,0.5242786257003444,Mild Stress
19-20_N_FD_green_9_4_A01920200108123143.png,80.32096481070144,0.012049831244618786,129.04961695218392,0.0523638552803293,0.5382357547010201,33,-0.21774943621200957,-0.03591247412108486,-0.13177070259995977,0.4136995769173278,Mild Stress
19-20_N_FD_green_9_4_A02020200108123147.png,78.49616679326418,0.022982637461977234,127.52783277505904,0.0548542073415712,0.8915353995707775,35,-0.025307729951641916,0.12152382859659497,0.9057636644735128,0.5091009859820884,Mild Stress
19-20_N_FD_green_9_4_A02120200108123157.png,82.55816786748747,0.022716087233556084,129.2819602559241,0.05370497943394991,-0.2948264524822193,31,-0.6715169814085817,0.04887137291703779,-1.1693050696734324,0.28442935806920616,No Stress
19-20_N_FD_green_9_4_A02220200108123201.png,80.95928381693939,0.03303120627762016,128.60744976377313,0.05336811504264289,0.1797098363646903,31,-0.41303788460160085,0.027575313974202372,-1.1693050696734324,0.3032472053860209,No Stress
19-20_N_FD_green_9_4_A02320200108123203.png,80.60851250869932,0.05478431803452546,128.3440044931199,0.05673504852283181,0.2617706311123307,31,-0.36833951145678956,0.24042777241454577,-1.1693050696734324,0.29193705922844143,No Stress
19-20_N_FD_pink_10_3_A00120200107143712.png,77.94371423961475,0.043456495926808,127.89490842445379,0.05402449809200745,1.2114511838419304,35,0.14894984510892773,0.06907086075523829,0.9057636644735128,0.5243496751303687,Mild Stress
19-20_N_FD_pink_10_3_A00220200107143720.png,78.021824399924,0.04537988980115527,126.76965948193967,0.06589675662438498,0.8995680719457191,35,-0.02093234718488558,0.8196171458912629,0.9057636644735128,0.4624410953356298,Mild Stress
19-20_N_FD_pink_10_3_A00320200107143725.png,78.84933244075957,0.05371658565567283,127.84249676719209,0.06543040350481798,0.8396920204736773,35,-0.05354672899005581,0.7901350047722797,0.9057636644735128,0.4622304189200124,Mild Stress
19-20_N_FD_pink_10_3_A00420200107143733.png,77.63828160576196,0.04251283615244414,127.33373579041039,0.06032600173116927,1.1930007979511679,35,0.13889995178596817,0.4674424203237701,0.9057636644735128,0.49687899954151665,Mild Stress
19-20_N_FD_pink_10_3_A00520200107143739.png,77.73990061829079,0.05107747811515686,126.75209784757257,0.06564332209315825,1.0099413319171298,35,0.03918777685952893,0.803595396919181,0.9057636644735128,0.46756244407369296,Mild Stress
19-20_N_FD_pink_10_3_A00620200107143748.png,76.74691972334765,0.06975853295939839,126.9669591142461,0.06307520429015903,1.4673873757582534,35,0.28835784673404957,0.6412428612515844,0.9057636644735128,0.49524170507796256,Mild Stress
19-20_N_FD_pink_10_3_A00720200107143755.png,76.62122908282805,0.04650572426143705,126.98911745244348,0.05044867582068381,1.5150647334711493,35,0.31432762112099516,-0.15698723212821897,0.9057636644735128,0.5506778899979804,Mild Stress
19-20_N_FD_pink_10_3_A00820200107143802.png,80.28934970907167,0.06221898968501133,126.66212228907696,0.06206973637828738,-0.028432664969678,31,-0.5264127455269576,0.5776786957627102,-1.1693050696734324,0.2586212548224091,No Stress
19-20_N_FD_pink_10_3_A00920200107143811.png,78.4941902523756,0.04894656176540739,127.28183917441504,0.058119503537167036,0.83991498927141,35,-0.05342527827109369,0.32795093113901785,0.9057636644735128,0.4933253699626261,Mild Stress
19-20_N_FD_pink_10_4_A01120200107143836.png,76.53595083213652,0.03489482132282295,126.78443440060826,0.04401188942774331,1.4939414547604422,35,0.30282180769624534,-0.563911163430794,0.9057636644735128,0.5772739533567337,Mild Stress
19-20_N_FD_pink_10_4_A01220200107143842.png,75.82496142056866,0.03496036359778053,126.7081957509777,0.04982360631894804,1.7593004967761807,35,0.4473624194932107,-0.19650318363821845,0.9057636644735128,0.5622837584925691,Mild Stress
19-20_N_FD_pink_10_4_A01320200107143845.png,74.5281861015035,0.06627197007100007,125.85320639514364,0.048629571203160506,2.07522234770936,35,0.6194445059638239,-0.2719882834641932,0.9057636644735128,0.5789352781741399,Mild Stress
19-20_N_FD_pink_10_4_A01420200107143850.png,76.10360724442448,0.022994846793580964,128.8952637543567,0.0550099644723812,2.1904212371971354,35,0.682193142069868,0.1313705595782426,0.9057636644735128,0.5560256282750999,Mild Stress
19-20_N_FD_pink_10_4_A01520200107143853.png,75.1951206386223,0.04574401291575144,126.93452776033725,0.05887297348221894,2.071594089155905,35,0.6174681997973174,0.3755841650917746,0.9057636644735128,0.5352462334537967,Mild Stress
19-20_N_FD_pink_10_4_A01620200107143859.png,80.0398936816771,0.018561137087353786,129.9159501794932,0.0417749688557891,0.869526470183029,35,-0.037295955770277146,-0.705325909483192,0.9057636644735128,0.5639090674251428,Mild Stress
19-20_N_FD_pink_10_4_A01720200107143902.png,78.27544962205683,0.04306111219123031,128.80744550129705,0.043108282500172734,1.3067529157684632,35,0.2008605338622977,-0.6210358310634705,0.9057636644735128,0.574258215924872,Mild Stress
19-20_N_FD_pink_10_4_A01820200107143905.png,79.05810480917894,0.07842379363626648,128.91521686060705,0.04225655666042596,1.0330106192528739,35,0.05175357782074384,-0.6748806545427556,0.9057636644735128,0.5678508268883916,Mild Stress
19-20_N_FD_pink_10_4_A01920200107143908.png,78.58647101767859,0.06062268328959483,128.86724721389763,0.043769023143914176,1.2034413355543272,35,0.14458689458311758,-0.5792648037356809,0.9057636644735128,0.5676636719543995,Mild Stress
19-20_N_FD_pink_10_4_A02020200107143911.png,78.49044730060507,0.061714881206985726,128.7173370386228,0.04852012484708745,1.2047555478361112,35,0.1453027437427964,-0.27890731708768507,0.9057636644735128,0.5475095929801472,Mild Stress
19-20_N_FD_pink_1_3_A00220200107140915.png,89.32760717543326,0.042622137587642134,129.94349586340434,0.05433305348633721,-2.830251156166547,31,-2.0525584377382917,0.08857726758939856,-1.1693050696734324,0.18886902621889107,No Stress
19-20_N_FD_pink_1_3_A00320200107140921.png,88.34833409440341,0.04489754879557561,128.79848679717972,0.06258657909800372,-2.723997796387984,31,-1.9946824162120844,0.6103527132821901,-1.1693050696734324,0.15766686850431774,No Stress
19-20_N_FD_pink_1_3_A00420200107140927.png,87.13466875929291,0.11023046423215666,129.00209813315712,0.06695877052065041,-2.1647623079466314,31,-1.690067811697897,0.8867560632616239,-1.1693050696734324,0.15956437466074544,No Stress
19-20_N_FD_pink_1_3_A00520200107140935.png,90.21400915589619,0.06079864169002928,129.71588555923168,0.06040554281904683,-3.2353527479590483,31,-2.2732165750032727,0.4724708879787974,-1.1693050696734324,0.14820650691776616,No Stress
19-20_N_FD_pink_1_3_A00620200107140939.png,90.92546522978255,0.07303333346372037,129.56108260254265,0.06345390133559924,-3.554353774565058,31,-2.446975883143818,0.6651835175194709,-1.1693050696734324,0.12355738126291621,No Stress
19-20_N_FD_pink_1_3_A00720200107140946.png,88.70512794635901,0.04872820632869749,128.92285676224463,0.06141354059579068,-2.834282115767408,31,-2.0547540944696827,0.5361949877107264,-1.1693050696734324,0.15861430462293716,No Stress
19-20_N_FD_pink_1_3_A00820200107140952.png,85.01987352465942,0.07974426062745653,127.43085276531525,0.07306681509627194,-1.7223257273153507,31,-1.4490733705059902,1.2728974325028415,-1.1693050696734324,0.14980170390745276,No Stress
19-20_N_FD_pink_1_4_A01020200107141017.png,80.50883444266715,0.05654125126285467,127.75463199708723,0.045778115413889375,0.15491366014694563,31,-0.4265443189537629,-0.4522530194477073,-1.1693050696734324,0.33461230023750466,Mild Stress
19-20_N_FD_pink_1_4_A01120200107141023.png,83.31205179162417,0.09439233122737284,129.6958290166928,0.04489885121226273,-0.4678261465468836,31,-0.7657496159208488,-0.5078387766466632,-1.1693050696734324,0.3155358773109651,No Stress
19-20_N_FD_pink_1_4_A01220200107141026.png,84.37519751364,0.06907449028386047,129.84659271380727,0.04678574259065203,-0.8642547554048363,31,-0.9816835943633466,-0.3885523484878522,-1.1693050696734324,0.29298874866404223,No Stress
19-20_N_FD_pink_1_4_A01320200107141033.png,79.84975292798458,0.025973472267707652,128.83892354197667,0.05393093626564171,0.678920429594033,35,-0.14111873682062728,0.06315602315143787,0.9057636644735128,0.505237321280033,Mild Stress
19-20_N_FD_pink_1_4_A01420200107141044.png,83.8241793311842,0.07431466175406874,128.7529106171882,0.0475254313946639,-0.9154339465627075,31,-1.0095608113786,-0.3417903374944278,-1.1693050696734324,0.2879684687440903,No Stress
19-20_N_FD_pink_1_4_A01520200107141052.png,82.9725768645235,0.0754629592335076,128.73899892868937,0.05384241445458407,-0.5778689779053323,31,-0.825689756070575,0.057559807716806605,-1.1693050696734324,0.2734752139627731,No Stress
19-20_N_FD_pink_1_4_A01620200107141100.png,81.63574798824305,0.037349195092102806,128.9562025243809,0.05355096320929412,-0.002176345919764344,31,-0.5121109738964068,0.03913469939777167,-1.1693050696734324,0.2958059977778892,No Stress
19-20_N_FD_pink_1_4_A01720200107141105.png,82.33333734553041,0.10231102551716292,129.67404509709516,0.04889714536934492,-0.07901480500736824,31,-0.5539647498284124,-0.2550726480877908,-1.1693050696734324,0.31277945264603413,No Stress
19-20_N_FD_pink_1_4_A01820200107141110.png,82.60438008616563,0.10475506621946404,129.5480173926919,0.05068183621072527,-0.2180834131164744,31,-0.629715180434242,-0.14224718379544063,-1.1693050696734324,0.30009572314076344,No Stress
19-20_N_FD_pink_2_3_A00120200107141200.png,84.49562708282532,0.03590994066473254,129.8026091197269,0.052675471130321776,-0.9350300739657484,31,-1.0202347881241103,-0.016212589894042288,-1.1693050696734324,0.2653519730377488,No Stress
19-20_N_FD_pink_2_3_A00220200107141209.png,86.57782871850556,0.06521083428820973,129.79643683014618,0.05749367186902349,-1.7591984878648077,31,-1.4691578994821892,0.28838679661780336,-1.1693050696734324,0.21466959104890257,No Stress
19-20_N_FD_pink_2_3_A00320200107141215.png,87.50919418465844,0.08129303597795415,129.36254970630785,0.061268548795928746,-2.2345876846941337,31,-1.7281015737938539,0.5270288247212004,-1.1693050696734324,0.18120167374944873,No Stress
19-20_N_FD_pink_2_3_A00420200107141223.png,83.95079962256357,0.04976734202928871,128.7800541856161,0.05898848824871136,-0.9678877329111515,31,-1.0381322981923855,0.3828868344729038,-1.1693050696734324,0.2373045053390842,No Stress
19-20_N_FD_pink_2_3_A00520200107141227.png,85.3335726432651,0.0339432394274452,129.15579477635885,0.0647594332840234,-1.432600229416721,31,-1.291260392280946,0.7477172790058729,-1.1693050696734324,0.19574023778739125,No Stress
19-20_N_FD_pink_2_3_A00620200107141231.png,84.6558895941451,0.08524657756881436,128.93226897352844,0.05999935144736212,-1.1994522921268427,31,-1.1642651135857478,0.4467920818577169,-1.1693050696734324,0.2245224295319642,No Stress
19-20_N_FD_pink_2_3_A00720200107141239.png,84.05380038685351,0.08342651007498988,128.1103267035021,0.06510248685618734,-1.164739200339632,31,-1.145356952453669,0.7694046086313283,-1.1693050696734324,0.20409508898853496,No Stress
19-20_N_FD_pink_2_3_A00820200107141244.png,85.90352846832398,0.031198877305408185,128.8809582999198,0.06637486946683434,-1.7302522052927571,31,-1.4533909093678525,0.8498427189612533,-1.1693050696734324,0.17796622122450784,No Stress
19-20_N_FD_pink_2_3_A00920200107141248.png,85.68739311990456,0.12137601908879946,129.14594949294093,0.06445174257005318,-1.5459882680455124,31,-1.3530226610522185,0.7282655359604029,-1.1693050696734324,0.19289440606631345,No Stress
19-20_N_FD_pink_2_4_A01120200107141312.png,80.0986130288729,0.04685613008244809,129.35597139500857,0.054085879976140415,0.715947282731836,35,-0.1209502738777402,0.07295133092736338,0.9057636644735128,0.5059350260122575,Mild Stress
19-20_N_FD_pink_2_4_A01220200107141318.png,80.51273156235486,0.07867468443367184,128.30573834841118,0.059761260595344055,0.29887810171263496,31,-0.34812713632133907,0.43174033715221793,-1.1693050696734324,0.2804287563014587,No Stress
19-20_N_FD_pink_2_4_A01320200107141322.png,80.22022358822502,0.016132788780595184,128.20232738040775,0.06032172869183391,0.36813888588513777,33,-0.31040090682569077,0.4671722852192617,-0.13177070259995977,0.3736299953766619,Mild Stress
19-20_N_FD_pink_2_4_A01420200107141329.png,81.09121450407886,0.051745982441875185,130.30718991646094,0.057565594123674325,0.5584227713383427,33,-0.20675360312130575,0.2929336131228161,-0.13177070259995977,0.39232077529988085,Mild Stress
19-20_N_FD_pink_2_4_A01520200107141333.png,80.84025806451614,0.062021505376090025,128.96929032258063,0.062361721428643116,0.3279268817203338,33,-0.33230431603086175,0.5961375504332095,-0.13177070259995977,0.3634824764788511,Mild Stress
19-20_N_FD_pink_2_4_A01620200107141338.png,81.91685235984522,0.06469764860120869,128.68926224167197,0.06320970514083123,-0.17178120650967799,31,-0.6044944484793123,0.6497458022500765,-1.1693050696734324,0.24852215448140239,No Stress
19-20_N_FD_pink_2_4_A01720200107141346.png,79.3260848627983,0.058075700664304626,128.40565054080875,0.06474987424414945,0.7913051853153732,35,-0.07990295451594302,0.7471129709167852,0.9057636644735128,0.4633513713352379,Mild Stress
19-20_N_FD_pink_2_4_A01820200107141350.png,78.49798585549443,0.09301459944541537,128.11974027048265,0.06663853158085867,1.0632958352287822,35,0.06824988264724904,0.8665110402981239,0.9057636644735128,0.4652854345235835,Mild Stress
19-20_N_FD_pink_2_4_A01920200107141357.png,79.46705165303,0.03748835894350143,127.36769107962482,0.07132313479385516,0.46822303432443135,33,-0.2558852440591068,1.1626645926539863,-0.13177070259995977,0.3305175159977018,Mild Stress
19-20_N_FD_pink_3_3_A00120200107141436.png,84.85723933227654,0.0356547830867828,129.2555562744654,0.05222530478537214,-1.2165274902138918,31,-1.1735659444875646,-0.04467142752580229,-1.1693050696734324,0.2569529848513533,No Stress
19-20_N_FD_pink_3_3_A00220200107141440.png,86.65859646729864,0.048770213943664646,129.38974048324914,0.05445861935715521,-1.8989338912268892,31,-1.5452715323104727,0.09651535263238348,-1.1693050696734324,0.22245553190646603,No Stress
19-20_N_FD_pink_3_3_A00320200107141447.png,87.76331103797848,0.105239869309034,129.6481903625596,0.057298342743007095,-2.256442870293327,31,-1.7400060556364447,0.27603838376016054,-1.1693050696734324,0.1972827409272235,No Stress
19-20_N_FD_pink_3_3_A00420200107141452.png,84.20752565564425,0.06852747040941218,129.05061268408627,0.054248124089287746,-0.9963724765928319,31,-1.0536478888704135,0.08320815915223964,-1.1693050696734324,0.25641748742482023,No Stress
19-20_N_FD_pink_3_3_A00520200107141457.png,84.15158169600613,0.06169472847826712,128.53908623766765,0.05945011722865536,-1.104267964018149,31,-1.112418374489148,0.4120703226072981,-1.1693050696734324,0.23034507943800822,No Stress
19-20_N_FD_pink_3_3_A00620200107141502.png,85.05962053191952,0.05350428769653029,129.3184716901314,0.05624507892681098,-1.275503789541176,31,-1.2056902328537435,0.2094526332596719,-1.1693050696734324,0.23769974660512772,No Stress
19-20_N_FD_pink_3_3_A00720200107141513.png,84.65948793788705,0.06601510225542818,129.14687928242182,0.0588851306289347,-1.1539700687599677,31,-1.1394910250851402,0.3763527215783505,-1.1693050696734324,0.23092654406760624,No Stress
19-20_N_FD_pink_3_3_A00820200107141517.png,85.73522480201869,0.062187554553720034,129.38767040675438,0.05747410975373902,-1.5254066750250814,31,-1.3418119028872384,0.2871501091824581,-1.1693050696734324,0.2233181406643376,No Stress
19-20_N_FD_pink_3_3_A00920200107141522.png,87.12994871633774,0.08699374072265594,129.29089145612616,0.06007112353456445,-2.0988088132506277,31,-1.654143057066989,0.45132940500303614,-1.1693050696734324,0.19126775767396453,No Stress
19-20_N_FD_pink_3_4_A01120200107141727.png,82.93446479311585,0.03547162795195215,129.40645247343468,0.04963437796194602,-0.4097577291044914,31,-0.7341198492490685,-0.208465915076633,-1.1693050696734324,0.29752731373274605,No Stress
19-20_N_FD_pink_3_4_A01220200107141730.png,83.163898544604,0.04635013969183959,130.17521603534533,0.0483120301866254,-0.3055328601131251,31,-0.6773487431505729,-0.2920627477869484,-1.1693050696734324,0.3069685467600355,No Stress
19-20_N_FD_pink_3_4_A01320200107141735.png,84.26662300424111,0.05600904131667768,130.53735533493605,0.053689500178861566,-0.652707203501592,31,-0.8664540082751074,0.047892797747743215,-1.1693050696734324,0.2713835945164619,No Stress
19-20_N_FD_pink_3_4_A01420200107141740.png,84.26080693923421,0.09626525476005403,130.08607958592526,0.05892439609651746,-0.7491100400463466,31,-0.9189644668119424,0.3788350252401179,-1.1693050696734324,0.24559233338899877,No Stress
19-20_N_FD_pink_3_4_A01520200107141746.png,81.06130000243964,0.08313883986987314,129.23599443762248,0.05274011197097805,0.31357720238422004,33,-0.3401205615771851,-0.012126093403899014,-0.13177070259995977,0.40386893407024177,Mild Stress
19-20_N_FD_pink_3_4_A01620200107141751.png,83.8028918542123,0.02036247759402365,129.34739294961162,0.058518602975457044,-0.7771816371241087,31,-0.9342550172484977,0.3531813959230806,-1.1693050696734324,0.24628936038405974,No Stress
19-20_N_FD_pink_3_4_A01720200107141756.png,85.45874220410987,0.10164622476488874,129.1062441788722,0.06256383124104566,-1.4713596582581872,31,-1.3123725862167162,0.6089146280612425,-1.1693050696734324,0.20365616958163293,No Stress
19-20_N_FD_pink_3_4_A01820200107141815.png,80.81159075513693,0.0757273958901498,130.8051554788555,0.047022229175433194,0.803157156220653,35,-0.07344720643727998,-0.37360202313838714,0.9057636644735128,0.5391655617289797,Mild Stress
19-20_N_FD_pink_3_4_A01920200107141818.png,83.45313559221246,0.04457103893357527,130.0089316508688,0.05111500340798604,-0.46342146054103495,31,-0.7633503910622471,-0.11486300665170499,-1.1693050696734324,0.2892654610825942,No Stress
19-20_N_FD_pink_3_4_A02020200107141823.png,86.78553418059991,0.10461175201188175,129.98183758595482,0.05784643810756289,-1.7821401625471012,31,-1.4816541900515114,0.3106881463681557,-1.1693050696734324,0.21232908057446062,No Stress
19-20_N_FD_pink_4_3_A00120200107141859.png,86.18267303348932,0.0444804331342928,130.27039149608424,0.05326719440671161,-1.4899031877776707,31,-1.3224732147133411,0.02119526352422143,-1.1693050696734324,0.24250715745083312,No Stress
19-20_N_FD_pink_4_3_A00220200107141903.png,87.22004941870942,0.035798528651895256,129.9714540874559,0.06327160438802686,-1.9826267605916357,31,-1.5908588936799282,0.6536589793350176,-1.1693050696734324,0.18191547867602137,No Stress
19-20_N_FD_pink_4_3_A00320200107141907.png,86.60469379109938,0.07603656532914721,129.1112202035718,0.059225734076390674,-1.9374596676816012,31,-1.566256456194796,0.39788515801371277,-1.1693050696734324,0.20077375655040602,No Stress
19-20_N_FD_pink_4_3_A00420200107141912.png,89.23127832359798,0.03906635166406067,129.8151792792544,0.06064175903350521,-2.8250432865431705,31,-2.0497217201506657,0.48740412092408153,-1.1693050696734324,0.16223448858998019,No Stress
19-20_N_FD_pink_4_3_A00520200107141916.png,87.38587845680308,0.0691816175914419,129.33285928766387,0.058422156922183076,-2.1969229946482685,31,-1.7075856821889637,0.3470842218425637,-1.1693050696734324,0.19468476865876747,No Stress
19-20_N_FD_pink_4_3_A00620200107141921.png,87.25165332680167,0.051069427873663434,129.33287374667162,0.06091248251337035,-2.14956859429698,31,-1.6817918221189996,0.5045188511632982,-1.1693050696734324,0.18583053036948838,No Stress
19-20_N_FD_pink_4_3_A00720200107141927.png,87.18292609881443,0.04795770457875103,129.14627698868742,0.06317993140952323,-2.1698159957513568,31,-1.6928205467152424,0.6478635518453273,-1.1693050696734324,0.17544727979502367,No Stress
19-20_N_FD_pink_4_3_A00820200107141934.png,86.26190532788185,0.08486656524323767,128.3532930810434,0.06648839350413994,-1.9867355630567545,31,-1.5930969512850122,0.8570195374445266,-1.1693050696734324,0.1680867906043564,No Stress
19-20_N_FD_pink_4_4_A01020200107141953.png,85.66150572884284,0.04537049746846766,130.17440067179666,0.05272643162550601,-1.3051224494740126,31,-1.221823465755016,-0.0129909442193872,-1.1693050696734324,0.2515763059934671,No Stress
19-20_N_FD_pink_4_4_A01120200107141957.png,85.47473326298511,0.04615490355401589,129.64924537379568,0.056682070163149655,-1.3614277455012243,31,-1.2524928632376153,0.2370785603885777,-1.1693050696734324,0.23269363651099673,No Stress
19-20_N_FD_pink_4_4_A01220200107142000.png,85.21603899263702,0.07845991847252862,129.8853953109918,0.05972375756775602,-1.1876057978414707,31,-1.157812348612488,0.42936945228976386,-1.1693050696734324,0.22612830310533827,No Stress
19-20_N_FD_pink_4_4_A01320200107142003.png,85.03027905780907,0.08809603860495581,129.8548187409766,0.059911931473154406,-1.117573324367747,31,-1.1196657812875035,0.4412655228875471,-1.1693050696734324,0.22789392749782278,No Stress
19-20_N_FD_pink_4_4_A01420200107142008.png,84.9241095979038,0.02497331219865035,128.69148497395918,0.06003249951066928,-1.3880319364022,31,-1.2669841200645156,0.4488876524441217,-1.1693050696734324,0.21747253726221347,No Stress
19-20_N_FD_pink_4_4_A01520200107142012.png,84.41809000445566,0.10310652253281294,129.2563533383376,0.05914465474199324,-1.0170603843113852,31,-1.0649165564678098,0.3927594447328458,-1.1693050696734324,0.23483894204286385,No Stress
19-20_N_FD_pink_4_4_A01620200107142016.png,85.36201594351077,0.08658700236402252,128.62177295673845,0.07132784020258422,-1.55905768739229,31,-1.3601415511939092,1.1629620614996998,-1.1693050696734324,0.16317763220832823,No Stress
19-20_N_FD_pink_4_4_A01720200107142021.png,86.65813304282699,0.03481269950602649,130.45609362421348,0.05543204935873498,-1.6370453662503195,31,-1.4026213051496697,0.15805412973475044,-1.1693050696734324,0.22791113742209657,No Stress
19-20_N_FD_pink_4_4_A01820200107142025.png,84.90175143617766,0.05719890310031346,129.9070037430693,0.05859810892345996,-1.063930022618628,31,-1.0904463674897742,0.35820764208821143,-1.1693050696734324,0.2354457666924436,No Stress
19-20_N_FD_pink_4_4_A01920200107142028.png,86.11765123348486,0.09038721607338855,129.69382685870417,0.061146952955602886,-1.5919682530922188,31,-1.378067879479982,0.5193417190204883,-1.1693050696734324,0.20526219255671133,No Stress
19-20_N_FD_pink_5_3_A00120200107142058.png,85.58015717876093,0.03558862249158021,129.38085929708382,0.05529386666719181,-1.4743920293613613,31,-1.3140243135184082,0.1493184283073444,-1.1693050696734324,0.23445779361822527,No Stress
19-20_N_FD_pink_5_3_A00220200107142103.png,84.65965521935128,0.05990023300293896,129.435948146784,0.0576485684319812,-1.0839099694934902,31,-1.1013294100385644,0.29817912379726935,-1.1693050696734324,0.23875132131307986,No Stress
19-20_N_FD_pink_5_3_A00320200107142109.png,84.37023495158779,0.06094641797381261,129.17403305014875,0.058479302017234,-1.0332544718070977,31,-1.0737374479525819,0.3506968485965423,-1.1693050696734324,0.23707479933693523,No Stress
19-20_N_FD_pink_5_3_A00420200107142114.png,85.4191129128413,0.058304518898063255,129.57483406859822,0.05299502883757172,-1.3535300663726417,31,-1.2481910110589594,0.00398936657522946,-1.1693050696734324,0.2486607027999391,No Stress
19-20_N_FD_pink_5_3_A00520200107142118.png,84.86709176996835,0.05434739505240688,129.32530712920445,0.051461441204941165,-1.1964883374178896,31,-1.1626506525758036,-0.09296173143719813,-1.1693050696734324,0.2609351892737414,No Stress
19-20_N_FD_pink_5_3_A00620200107142124.png,87.20836797766029,0.0868801280137157,129.50801656652496,0.0560984534984996,-2.0759350046280787,31,-1.6416837330231757,0.20018319474252194,-1.1693050696734324,0.20899802640748297,No Stress
19-20_N_FD_pink_5_3_A00720200107142132.png,83.8173743250513,0.058251808164903655,128.65249755922613,0.05860935226326658,-0.9434372073562685,31,-1.0248141391591972,0.3589184290796982,-1.1693050696734324,0.23981242236432537,No Stress
19-20_N_FD_pink_5_3_A00820200107142137.png,83.43008692679786,0.1229455743642541,128.39097582981904,0.061748201417679324,-0.831259862236891,31,-0.9637113330511149,0.5573517403171564,-1.1693050696734324,0.230575488975656,No Stress
19-20_N_FD_pink_5_4_A01020200107142154.png,84.48485105557845,0.03783600358711719,129.7303972659185,0.05282448584841782,-0.9480985044962651,31,-1.0273531396592916,-0.006792104078932585,-1.1693050696734324,0.26423956076789834,No Stress
19-20_N_FD_pink_5_4_A01120200107142158.png,86.29092787123224,0.06843977570901055,129.40055275059223,0.059624908974327234,-1.742279039346684,31,-1.4599419051015199,0.4231203932428634,-1.1693050696734324,0.20622720070056233,No Stress
19-20_N_FD_pink_5_4_A01220200107142201.png,86.57204792372747,0.09825868676911462,129.41416964936175,0.06079861393104025,-1.8408862167813638,31,-1.5136530643132537,0.4973202510630319,-1.1693050696734324,0.19762382781638366,No Stress
19-20_N_FD_pink_5_4_A01320200107142207.png,84.85292177759904,0.07015483611473897,129.72769756686105,0.056889742097831125,-1.084690126684194,31,-1.1017543603126743,0.2502072670013181,-1.1693050696734324,0.24194935519466929,No Stress
19-20_N_FD_pink_5_4_A01420200107142211.png,86.57740353767794,0.08339604407409876,129.83331485016754,0.05903209566021698,-1.7434440871033559,31,-1.4605765046020414,0.3856436292833166,-1.1693050696734324,0.20870522711342537,No Stress
19-20_N_FD_pink_5_4_A01520200107142214.png,85.68028765726217,0.08455978683659826,129.55322022146706,0.06062771668549542,-1.4542140821452918,31,-1.303033420525794,0.48651638485393195,-1.1693050696734324,0.21251690791243938,No Stress
19-20_N_FD_pink_5_4_A01620200107142220.png,84.42520381773647,0.08297101303515289,129.45132707769406,0.06015311307325695,-0.9782099031087697,31,-1.043754766468208,0.4565126600271623,-1.1693050696734324,0.23197421684575534,No Stress
19-20_N_FD_pink_5_4_A01720200107142224.png,83.91374240817507,0.052062244930540576,128.59672949002217,0.0627464702499941,-0.9980928050388016,31,-1.0545849488031873,0.6204607908501794,-1.1693050696734324,0.22021852108898593,No Stress
19-20_N_FD_pink_5_4_A01820200107142228.png,84.4256054678219,0.083126098870309,128.75040390920753,0.06587956028855348,-1.1535470752222707,31,-1.1392606212358483,0.8185300194661531,-1.1693050696734324,0.20120092689524344,No Stress
19-20_N_FD_pink_6_3_A00120200107142305.png,82.34634565075213,0.038861183780089674,128.71823086984958,0.05725371892530266,-0.3453791285154253,31,-0.6990529367176909,0.27321733328224934,-1.1693050696734324,0.26748762706266627,No Stress
19-20_N_FD_pink_6_3_A00220200107142310.png,83.12037745369315,0.046445196783560475,128.63116882059964,0.056521340069983855,-0.6741029574531012,31,-0.8781082384928404,0.22691744622431265,-1.1693050696734324,0.25855841704066246,No Stress
19-20_N_FD_pink_6_3_A00320200107142315.png,85.07953115767556,0.07591756671446233,128.86578664940933,0.0550287417875313,-1.388794652367828,31,-1.267399570133455,0.13255763313230184,-1.1693050696734324,0.2387211435340509,No Stress
19-20_N_FD_pink_6_3_A00420200107142321.png,82.14353278452873,0.06724543551383722,128.65865460538305,0.05828126458721256,-0.2692135600358867,31,-0.6575656831375275,0.33817722084289104,-1.1693050696734324,0.26590884340982784,No Stress
19-20_N_FD_pink_6_3_A00520200107142325.png,82.95275147539414,0.0749009420972148,128.50986189752246,0.057635409471300615,-0.6274197860430206,31,-0.8526799956676516,0.2973472341422279,-1.1693050696734324,0.2555315857185384,No Stress
19-20_N_FD_pink_6_3_A00620200107142336.png,83.49695900404409,0.038418840694479345,128.77980334628498,0.051471749711154126,-0.7903861708033233,31,-0.9414475039336663,-0.09231004321609518,-1.1693050696734324,0.2757696147843999,No Stress
19-20_N_FD_pink_6_3_A00720200107142400.png,82.14270457391176,0.046307889977141456,128.7566513630077,0.06193776597361081,-0.2517112273207829,31,-0.6480321927416544,0.5693357257450194,-1.1693050696734324,0.251002209997764,No Stress
19-20_N_FD_pink_6_3_A00820200107142405.png,83.2304410707216,0.08128984301113669,129.04609467790283,0.05592404742645136,-0.6022013137590392,31,-0.8389435373776971,0.1891575058119793,-1.1693050696734324,0.2637324152653626,No Stress
19-20_N_FD_pink_6_4_A01020200107142422.png,77.94042565515643,0.08885054903189579,128.66415113074996,0.05252789234457978,1.4209652127860792,35,0.26307177475411486,-0.02554229823062092,0.9057636644735128,0.5383893242800356,Mild Stress
19-20_N_FD_pink_6_4_A01120200107142426.png,81.71748235746013,0.07310774310307204,129.9231941680526,0.05742026577048369,0.2193933091151763,31,-0.3914223655448082,0.2837461737392564,-1.1693050696734324,0.287470870360982,No Stress
19-20_N_FD_pink_6_4_A01220200107142430.png,83.01110965726483,0.041617258609098644,127.77413907311848,0.07105935683529135,-0.8463430541131274,31,-0.971927121610952,1.1459889477999838,-1.1693050696734324,0.1904307930679255,No Stress
19-20_N_FD_pink_6_4_A01320200107142435.png,83.16905787095668,0.07870139632136355,128.0063974246893,0.07146377580674211,-0.8384783034978653,31,-0.96764320553662,1.1715557054504433,-1.1693050696734324,0.18899929618545872,No Stress
19-20_N_FD_pink_6_4_A01420200107142439.png,81.49908482290087,0.04591962931186135,128.7021387111668,0.06564924206046584,-0.008027381109492637,31,-0.5152980226570016,0.8039696483270931,-1.1693050696734324,0.24414837060313105,No Stress
19-20_N_FD_pink_6_4_A01520200107142444.png,81.84904202340358,0.04255902002615706,128.51446573281325,0.06684545052924168,-0.19610471914896976,31,-0.617743423796784,0.8795921442523199,-1.1693050696734324,0.232171415429913,No Stress
19-20_N_FD_pink_6_4_A01620200107142449.png,81.92019685183602,0.08420748411433278,128.80046974156073,0.0557709937860626,-0.13848868590421404,31,-0.5863600700159947,0.17948168541882942,-1.1693050696734324,0.2813721346363012,No Stress
19-20_N_FD_pink_6_4_A01720200107142457.png,81.73539185877013,0.05898979620655114,128.16039377677637,0.05780618835488212,-0.23341187064166746,31,-0.6380645647693867,0.3081436176864553,-1.1693050696734324,0.26924057893878234,No Stress
19-20_N_FD_pink_6_4_A01820200107142503.png,77.95294526096517,0.03130656174039437,127.84698067353315,0.05547187374479367,1.1915243606063584,35,0.13809573891469168,0.16057176737990908,0.9057636644735128,0.5174652146493273,Mild Stress
19-20_N_FD_pink_7_3_A00220200107142808.png,79.12921196455572,0.02952281999936848,126.82944764028619,0.07001425862152533,0.4660101112490338,33,-0.2570906194356075,1.0799194143742066,-0.13177070259995977,0.3360019327864791,Mild Stress
19-20_N_FD_pink_7_3_A00320200107142815.png,80.57653063353685,0.05549133430407143,127.41169670691043,0.06853473091080328,0.041733890319292755,31,-0.4881931440688249,0.9863859031210734,-1.1693050696734324,0.23370203287820912,No Stress
19-20_N_FD_pink_7_3_A00420200107142819.png,83.15175897440082,0.06793125678305602,128.12864463902466,0.07035563668873503,-0.8047664901300919,31,-0.949280439029971,1.101500821102539,-1.1693050696734324,0.19494632121501593,No Stress
19-20_N_FD_pink_7_3_A00520200107142824.png,78.4562389931704,0.03285082255902731,126.10180404621795,0.07370984884730414,0.5544532021819855,33,-0.20891582058362312,1.313549056769454,-0.13177070259995977,0.3235281270955919,No Stress
19-20_N_FD_pink_7_3_A00620200107142831.png,76.01448164792062,0.044059710280264,125.12685836991628,0.07190075971821527,1.29134283190891,35,0.1924666878038308,1.1991811695123948,0.9057636644735128,0.451264737030673,Mild Stress
19-20_N_FD_pink_7_3_A00720200107142835.png,78.08760570656662,0.059996019462034575,125.56564711262804,0.07533968524414572,0.5773681023420743,33,-0.19643411405029473,1.4165848565452834,-0.13177070259995977,0.3174374036502486,No Stress
19-20_N_FD_pink_7_3_A00820200107142841.png,78.47751732459774,0.05484812562912466,126.47897892156237,0.06849502900898127,0.6479346445216869,35,-0.15799664042377845,0.9838760087446935,0.9057636644735128,0.4421739163962797,Mild Stress
19-20_N_FD_pink_7_3_A00920200107142847.png,78.84274881876156,0.03311261069486277,126.7316007097968,0.0745576853046275,0.5573900636877731,33,-0.20731611719464146,1.3671479993557816,-0.13177070259995977,0.32003062660744563,No Stress
19-20_N_FD_pink_7_3_A01020200107142851.png,80.2356381077464,0.08580560427558455,126.60174479015137,0.07446959360366086,-0.01378708406426199,31,-0.5184353229069844,1.3615789748326448,-1.1693050696734324,0.20643221107701304,No Stress
19-20_N_FD_pink_7_4_A01220200107143036.png,77.14633651484345,0.03559233502106361,127.226664249237,0.05446859745428934,1.3605887736292388,35,0.2301848326414192,0.09714615288966626,0.9057636644735128,0.527925228609119,Mild Stress
19-20_N_FD_pink_7_4_A01320200107143039.png,77.66704806962962,0.04673686195335426,127.3951763238754,0.05354264416362508,1.1983327548006777,35,0.14180425947131722,0.03860878187283358,0.9057636644735128,0.5259179566622587,Mild Stress
19-20_N_FD_pink_7_4_A01420200107143044.png,79.49759290948919,0.06191162929518745,127.56058510168644,0.053472009764360846,0.5127781818792521,33,-0.23161613215186722,0.03414338164371913,-0.13177070259995977,0.4080548949934331,Mild Stress
19-20_N_FD_pink_7_4_A01520200107143048.png,80.79175510135869,0.09614870397874163,127.82339940170797,0.04879001702494257,0.07279985627607743,31,-0.47127156607642684,-0.2618451405082246,-1.1693050696734324,0.3187969684965612,No Stress
19-20_N_FD_pink_7_4_A01620200107143051.png,80.00079392460626,0.08219405845079873,127.82697431591549,0.04562400995692038,0.385193929594152,33,-0.3011110539787744,-0.4619953340992822,-0.13177070259995977,0.43675121633427083,Mild Stress
19-20_N_FD_pink_7_4_A01720200107143059.png,76.8336116892349,0.0398305883157334,127.15411923910344,0.056858632173951616,1.4690258399924048,35,0.2892503153720606,0.24824054451671654,0.9057636644735128,0.5217353081649523,Mild Stress
19-20_N_FD_pink_7_4_A01820200107143103.png,76.9077621074701,0.0795266935175876,127.40794672755592,0.053293739949683915,1.5167161816320913,35,0.31522716208150015,0.02287343272938529,0.9057636644735128,0.538640855844195,Mild Stress
19-20_N_FD_pink_7_4_A01920200107143107.png,78.48207211611403,0.0753864567350711,127.61620673960317,0.053125448554007124,0.937608098312456,35,-0.0002120105343834616,0.012234304420217867,0.9057636644735128,0.5181398192866417,Mild Stress
19-20_N_FD_pink_7_4_A02020200107143111.png,78.14280523255815,0.06608724310410151,127.16101608977826,0.05222328057116701,0.9562624645077378,35,0.009948990508086173,-0.044799395296032024,0.9057636644735128,0.5226593757711615,Mild Stress
19-20_N_FD_pink_7_4_A02120200107143121.png,75.71412389319313,0.05052832733791104,127.46926449225235,0.06013188573939623,1.9993514803541004,35,0.5781177755769799,0.45517069998400306,0.9057636644735128,0.5272464611691272,Mild Stress
19-20_N_FD_pink_7_4_A02220200107143127.png,74.94519762962693,0.08085737285131113,125.30592002037466,0.06074047091979168,1.7767010337408493,35,0.45684046191966676,0.4936445375515522,0.9057636644735128,0.5165015014732668,Mild Stress
19-20_N_FD_pink_8_3_A00120200107143152.png,78.13729413767193,0.04347862186907227,127.47909513984315,0.05539429687981257,1.030073647546189,35,0.050153814405523786,0.15566747493502406,0.9057636644735128,0.5118800529592277,Mild Stress
19-20_N_FD_pink_8_3_A00220200107143157.png,77.97235766861316,0.044514209898994725,125.8559573407249,0.06859126322291287,0.6906262412006079,35,-0.1347426014594889,0.9899597906613664,0.9057636644735128,0.4433287983394121,Mild Stress
19-20_N_FD_pink_8_3_A00320200107143200.png,77.35179333526368,0.06364693095622034,126.27424370223963,0.06164457054817417,1.0501200172891103,35,0.06107303737580486,0.5508003529867345,0.9057636644735128,0.48603760858999634,Mild Stress
19-20_N_FD_pink_8_3_A00420200107143207.png,78.97336969399674,0.0436660528031508,127.29383129705305,0.06116030445364479,0.6493930651456665,35,-0.15720224122921542,0.5201857805972322,0.9057636644735128,0.47341543523273394,Mild Stress
19-20_N_FD_pink_8_3_A00520200107143212.png,78.21091444803339,0.03303713926469489,126.19039112010465,0.06247702482285263,0.6747949995554485,35,-0.14336585143625516,0.60342685717729,0.9057636644735128,0.4687472337423955,Mild Stress
19-20_N_FD_pink_8_3_A00620200107143220.png,80.3188115067457,0.036988317315050236,127.67196402292141,0.05969770265259006,0.20341231409233984,31,-0.40012718592770674,0.4277222998348189,-1.1693050696734324,0.27720145694105813,No Stress
19-20_N_FD_pink_8_3_A00720200107143224.png,78.07088325980942,0.03049938459833736,126.21119903904311,0.06732080776027713,0.7351212404464249,35,-0.11050625223226168,0.9096435117232368,0.9057636644735128,0.4503610717666736,Mild Stress
19-20_N_FD_pink_8_3_A00820200107143228.png,77.7735645735874,0.04435062986750022,126.02997840574382,0.06685148402063626,0.8135914924546199,35,-0.06776364151521723,0.8799735724818563,0.9057636644735128,0.4552315839652528,Mild Stress
19-20_N_FD_pink_8_4_A01020200107143255.png,77.29085447318413,0.014463890064417569,128.1476096824251,0.05031235605153065,1.525622992855169,35,0.3200786867688231,-0.16560516241077455,0.9057636644735128,0.5516443574128201,Mild Stress
19-20_N_FD_pink_8_4_A01120200107143259.png,79.28343744163364,0.02008010459244161,128.00960425010896,0.05524914415910211,0.6960541224811401,35,-0.13178604390226467,0.1464911387720678,0.9057636644735128,0.500259873272709,Mild Stress
19-20_N_FD_pink_8_4_A01220200107143303.png,79.40689763688236,0.046326546667965506,127.80644546858632,0.05754504761006192,0.6050666037274226,35,-0.18134678819290076,0.29163469350931276,0.9057636644735128,0.48716394357439624,Mild Stress
19-20_N_FD_pink_8_4_A01320200107143308.png,79.45147395616844,0.0707107753242919,128.06367718852132,0.057389420891912,0.6600784860264532,35,-0.15138191093376094,0.28179620701941804,0.9057636644735128,0.4898411420544313,Mild Stress
19-20_N_FD_pink_8_4_A01420200107143317.png,77.79971439957492,0.05946549548328131,128.01568726753453,0.05800664592346638,1.3048489804728085,35,0.19982346359566838,0.32081624295131217,0.9057636644735128,0.510838918002521,Mild Stress
19-20_N_FD_pink_8_4_A01520200107143321.png,78.9999217079211,0.06266250757140994,127.6802675116717,0.061790682483600395,0.7420300723994764,35,-0.1067430234019539,0.5600373292578559,0.9057636644735128,0.4741289135193606,Mild Stress
19-20_N_FD_pink_8_4_A01620200107143324.png,78.21995219149869,0.06290788178536254,127.24220216875243,0.061416761325703326,0.9445874242135055,35,0.0035896162276255602,0.5363985974000511,0.9057636644735128,0.48313990953406133,Mild Stress
19-20_N_FD_pink_8_4_A01720200107143332.png,77.18796373679052,0.04116306990025851,126.36954704926588,0.06401110645079716,1.1316083420653484,35,0.10545958711609481,0.7004091848286922,0.9057636644735128,0.4789602938312597,Mild Stress
19-20_N_FD_pink_8_4_A01820200107143335.png,77.25322272393153,0.044515383807436665,126.50109839336343,0.0604027130632477,1.1395658931008477,35,0.10979405141902372,0.47229199508347464,0.9057636644735128,0.4945951336107098,Mild Stress
19-20_N_FD_pink_8_4_A01920200107143339.png,77.7458613159738,0.08046228008701552,127.29633307239092,0.057700759509826845,1.1539005397386681,35,0.11760210868055467,0.30147856505248355,0.9057636644735128,0.5066093235996838,Mild Stress
19-20_N_FD_pink_9_3_A00120200107143407.png,78.5930842993894,0.06261872202083016,128.81069319112322,0.04494685705266143,1.1873561307323328,35,0.13582531130263276,-0.504803919792947,0.9057636644735128,0.5620660781389729,Mild Stress
19-20_N_FD_pink_9_3_A00220200107143411.png,82.57913863759376,0.03133558786770955,129.5677805043809,0.047243070191073724,-0.22874287318857967,31,-0.6355213699220531,-0.35964078708185787,-1.1693050696734324,0.31432722141783837,No Stress
19-20_N_FD_pink_9_3_A00320200107143414.png,80.66045154743784,0.06545719382634713,128.92511579188556,0.04921374014948917,0.39000834683547225,33,-0.2984886492239931,-0.23505800340306635,-0.13177070259995977,0.4216636578413244,Mild Stress
19-20_N_FD_pink_9_3_A00420200107143420.png,79.14614670151732,0.0368685374232017,128.70271325475497,0.0540532791197302,0.9301236211799306,35,-0.00428879229956425,0.07089035393598386,0.9057636644735128,0.5139203708598056,Mild Stress
19-20_N_FD_pink_9_3_A00520200107143425.png,81.71575805338571,0.01905699130647147,129.10483999395663,0.052686637582707405,-0.003423275907863399,31,-0.5127901745069409,-0.015506663609390894,-1.1693050696734324,0.2994355256755449,No Stress
19-20_N_FD_pink_9_3_A00620200107143432.png,78.98000075898447,0.08151493301927604,127.75443900505567,0.05240165724527201,0.7751396742268746,35,-0.08870828048106931,-0.033522690889763285,0.9057636644735128,0.5152651496527728,Mild Stress
19-20_N_FD_pink_9_3_A00720200107143437.png,81.29349039409966,0.06587540946315792,128.53661120559835,0.053006934690552406,0.03981303707182349,31,-0.4892394295145831,0.004742036650738654,-1.1693050696734324,0.2996576232146842,No Stress
19-20_N_FD_pink_9_4_A00920200107143501.png,78.86819815464806,0.06614682948331765,128.27736186132537,0.04259050036174157,0.945212593791279,35,0.003930145016702472,-0.6537692372177814,0.9057636644735128,0.5632142268977359,Mild Stress
19-20_N_FD_pink_9_4_A01020200107143505.png,78.50846884458825,0.04756914727044121,128.89179417597327,0.04360187076825842,1.2362102077026726,35,0.1624360426364086,-0.5898319249163686,0.9057636644735128,0.5695749675243201,Mild Stress
19-20_N_FD_pink_9_4_A01120200107143512.png,76.58282185392905,0.09787636271935692,128.64782069863676,0.040279674081532414,1.9630831600393464,35,0.5583624841524958,-0.7998561907216784,0.9057636644735128,0.6103315810317991,Mild Stress
19-20_N_FD_pink_9_4_A01220200107143518.png,76.3969120819849,0.10674133629944232,126.99220014158576,0.0511789526721651,1.6266446703072823,35,0.37510501996917484,-0.11082023058379158,0.9057636644735128,0.5516605942161702,Mild Stress
19-20_N_FD_pink_9_4_A01320200107143527.png,78.23005033578536,0.06182037083657383,128.40653724805424,0.047281824043549144,1.2312513074922116,35,0.1597349382579204,-0.35719082695583704,0.9057636644735128,0.5537457077069159,Mild Stress
19-20_N_FD_pink_9_4_A01420200107143534.png,79.84295452477271,0.06067224249017334,127.97284474557202,0.04870743248429295,0.4772646613554805,33,-0.25096028543406657,-0.26706601065902175,-0.13177070259995977,0.4270133225835838,Mild Stress
19-20_N_FD_pink_9_4_A01520200107143542.png,79.03041452848507,0.09951212746649135,127.63468300522953,0.0511864975861407,0.7313341845266237,35,-0.11256905504990572,-0.11034325249738827,0.9057636644735128,0.518827257173564,Mild Stress
19-20_N_FD_pink_9_4_A01620200107143556.png,77.38988358493017,0.0323882905805981,128.38128974650272,0.05125381248635431,1.5507049043568166,35,0.33374076063653957,-0.10608770599359217,0.9057636644735128,0.5485600964634969,Mild Stress
19-20_N_FD_pink_9_4_A01720200107143604.png,73.42162981042355,0.0742904033493623,127.05414185620805,0.048529773886576234,2.820885181054866,35,1.0256057632072293,-0.27829731935863544,0.9057636644735128,0.606678281223098,Mild Stress
19-20_N_FD_purple_10_3_A00120200108153238.png,83.17991942902991,0.034471604824031526,128.16470840282125,0.06726258073195275,-0.8187256092182409,31,-0.9568839470838931,0.9059624867788936,-1.1693050696734324,0.2075869320540221,No Stress
19-20_N_FD_purple_10_3_A00220200108153243.png,82.73940740067954,0.03390705182443344,127.69261129299277,0.07131203346724943,-0.7607426688850687,31,-0.9253007396458494,1.161962783522953,-1.1693050696734324,0.19249250199097184,No Stress
19-20_N_FD_purple_10_3_A00320200108153246.png,82.73622918844181,0.04292345296961112,127.42844856674924,0.07592140675660454,-0.8223563251500536,31,-0.9588615917801462,1.4533604135270468,-1.1693050696734324,0.17063559663139674,No Stress
19-20_N_FD_purple_10_3_A00420200108153250.png,81.32594976917538,0.027190716191490445,127.36953115073483,0.06922246343817438,-0.27848036931942133,31,-0.66261329814651,1.029863316637457,-1.1693050696734324,0.21904610981491476,No Stress
19-20_N_FD_purple_10_3_A00520200108153254.png,79.57607972577317,0.05266324589294195,126.8419424682957,0.07181998694721681,0.29848586282718514,31,-0.34834078816467856,1.1940748367074183,-1.1693050696734324,0.22913930336100938,No Stress
19-20_N_FD_purple_10_3_A00620200108153257.png,81.65219938158737,0.05105042280490274,126.69062632061222,0.07318452909865743,-0.5703555245001759,31,-0.8215971909797465,1.280339134261439,-1.1693050696734324,0.19150560039004894,No Stress
19-20_N_FD_purple_10_3_A00720200108153301.png,82.08224808387803,0.0377791233947801,127.17636202262848,0.07243791835333697,-0.6255860347059148,31,-0.8516811544820061,1.2331395285743916,-1.1693050696734324,0.19265680890425518,No Stress
19-20_N_FD_purple_10_3_A00820200108153306.png,80.83034791955066,0.032458271819593494,127.03191458217451,0.06596810431785775,-0.1628001271397821,31,-0.5996024700607105,0.8241276395048394,-1.1693050696734324,0.2371221633821946,No Stress
19-20_N_FD_purple_10_3_A00920200108153310.png,80.95835212625533,0.019220504077812128,127.1855678634827,0.07204561916635162,-0.18022170820422545,31,-0.6090919751719617,1.2083389654253698,-1.1693050696734324,0.21064160578227617,No Stress
19-20_N_FD_purple_10_3_A01020200108153313.png,83.2697792696572,0.02997863899896255,127.46789136405249,0.07244579035192107,-1.0304463432001256,31,-1.072207865151208,1.2336371844566127,-1.1693050696734324,0.17779057543933782,No Stress
19-20_N_FD_purple_10_4_A01220200108153329.png,74.37108195355619,0.04671283279510434,127.8549064528446,0.06134079879223613,2.631643323266964,35,0.9225260501721056,0.5315963605596187,0.9057636644735128,0.5452711349492735,Mild Stress
19-20_N_FD_purple_10_4_A01320200108153332.png,74.61545132326192,0.04515678574743883,126.99066979156012,0.06239978973601453,2.3172917935968655,35,0.7512993149808734,0.5985441714313213,0.9057636644735128,0.5292513699685264,Mild Stress
19-20_N_FD_purple_10_4_A01420200108153334.png,76.60885259917183,0.045191348615695674,126.39830651185486,0.06928221570381264,1.3718525603104759,35,0.2363201977892929,1.0336407647852504,0.9057636644735128,0.4653486992237118,Mild Stress
19-20_N_FD_purple_10_4_A01520200108153337.png,76.3626284501428,0.09237625214582973,126.33031207668614,0.0667175048021448,1.4698583273654577,35,0.28970376980609935,0.8715036082833888,0.9057636644735128,0.47984475464365645,Mild Stress
19-20_N_FD_purple_10_4_A01620200108153339.png,77.13538530745008,0.08357123083807583,125.85402176545901,0.06928766877358657,1.038601249178047,35,0.05479878428356721,1.033985499635005,0.9057636644735128,0.4531162713561317,Mild Stress
19-20_N_FD_purple_10_4_A01720200108153346.png,73.64339734777855,0.024530553173616926,124.97546037319832,0.0678647068492335,2.195091847798924,35,0.6847372155965123,0.944027992114376,0.9057636644735128,0.5015369105106652,Mild Stress
19-20_N_FD_purple_10_4_A01820200108153351.png,73.77437388687316,0.048091498472897856,124.56825925745878,0.0662415757321167,2.0491472840809415,35,0.6052414638482555,0.8414160900134926,0.9057636644735128,0.5030917168576491,Mild Stress
19-20_N_FD_purple_10_4_A01920200108153356.png,73.79574615547325,0.05576982794676947,125.72672694296554,0.06423243368640098,2.3329027133334534,35,0.7598025559946314,0.7144011589782483,0.9057636644735128,0.5220306916143851,Mild Stress
19-20_N_FD_purple_10_4_A02020200108153359.png,75.46708397055163,0.0779466159259614,125.37905448660952,0.07016077798162361,1.5852113490058137,35,0.3525363614294017,1.089182147418839,0.9057636644735128,0.46942972193604615,Mild Stress
19-20_N_FD_purple_10_4_A02120200108153401.png,75.3623277372977,0.0655020862800798,125.0109963434489,0.07260142828386446,1.530743721141171,35,0.3228679386205119,1.2434763798656239,0.9057636644735128,0.45705628173790086,Mild Stress
19-20_N_FD_purple_1_3_A00220200108150510.png,82.68624796386314,0.013718942197292663,127.18258828990291,0.0950310945342986,-0.8740504833004756,31,-0.9870193104266731,2.661446063998922,-1.1693050696734324,0.08748511493781247,No Stress
19-20_N_FD_purple_1_3_A00320200108150513.png,84.73502235722346,0.009201673185716824,126.21176999635158,0.10643980084510656,-1.9378458581864884,31,-1.5664668134956912,3.3826872765645697,-1.1693050696734324,0.0,No Stress
19-20_N_FD_purple_1_3_A00420200108150516.png,83.60488814485366,0.0134384421900728,126.67837272833275,0.10061336273808061,-1.3676586210917527,31,-1.2558868104083785,3.0143486437023053,-1.1693050696734324,0.045664480813528016,No Stress
19-20_N_FD_purple_1_3_A00520200108150523.png,85.92538062573198,0.02698963914506833,128.81623867100308,0.07990271572458471,-1.7566462088412464,31,-1.4677676775069373,1.7050527640387108,-1.1693050696734324,0.11947728271969862,No Stress
19-20_N_FD_purple_1_3_A00620200108150528.png,88.2803859067878,0.011656588321493175,128.67100717297356,0.07881648572792152,-2.740322763559206,31,-2.003574597630021,1.636382941310751,-1.1693050696734324,0.08805735713251667,No Stress
19-20_N_FD_purple_1_3_A00720200108150531.png,85.96492825391071,0.018666754555377488,127.63792016676898,0.08896128636297947,-2.0699578957776588,31,-1.6384280121573855,2.27772194259036,-1.1693050696734324,0.06948048708560838,No Stress
19-20_N_FD_purple_1_3_A00820200108150536.png,81.84316055716502,0.022548500802639856,125.81828904056756,0.10812767392895482,-0.8747999874431933,31,-0.987427564038496,3.489392068193607,-1.1693050696734324,0.0317695032143204,No Stress
19-20_N_FD_purple_1_3_A00920200108150547.png,82.59296941456485,0.01881052450723964,126.83826049789853,0.09689968248116372,-0.9210389577737779,31,-1.0126138513030092,2.779575376812051,-1.1693050696734324,0.07781816103240174,No Stress
19-20_N_FD_purple_1_4_A01120200108150606.png,80.88490992969204,0.042707588323932275,128.37926981776812,0.06757742051755457,0.15580113847858712,31,-0.42606091103957394,0.9258661833545733,-1.1693050696734324,0.24195167789988345,No Stress
19-20_N_FD_purple_1_4_A01220200108150609.png,84.47951802248677,0.02468171296286094,129.11607142857142,0.06559767609949065,-1.1041507523148582,31,-1.1123545294768404,0.8007097260179679,-1.1693050696734324,0.20420925079593547,No Stress
19-20_N_FD_purple_1_4_A01320200108150614.png,85.70987593540764,0.03874146645645127,129.42439198503348,0.0775655676327088,-1.5142928646449292,31,-1.3357582295714923,1.5573017852854771,-1.1693050696734324,0.1382941393508935,No Stress
19-20_N_FD_purple_1_4_A01420200108150618.png,85.29589725235621,0.057392391836229927,128.02166767456114,0.08269980074726253,-1.692854645159514,31,-1.4330205229649193,1.8818802621306043,-1.1693050696734324,0.1099208723069277,No Stress
19-20_N_FD_purple_1_4_A01520200108150621.png,84.26274302864398,0.04915403769706488,128.19640589700037,0.0835664677907592,-1.238791824013525,31,-1.1856932886481601,1.936669645984763,-1.1693050696734324,0.12287108535569774,No Stress
19-20_N_FD_purple_1_4_A01620200108150632.png,86.38509690080956,0.017462588927886734,127.96412625725733,0.07817556808191288,-2.15689528988473,31,-1.6857826605492978,1.5958650940133692,-1.1693050696734324,0.11215749138667272,No Stress
19-20_N_FD_purple_1_4_A01720200108150636.png,83.78312872706178,0.043479188172178614,127.29195423871964,0.08561817792170714,-1.2750452152845462,31,-1.2054404482483119,2.0663756671903633,-1.1693050696734324,0.11281877342014518,No Stress
19-20_N_FD_purple_1_4_A01820200108150645.png,83.62766346289635,0.03829156248166918,127.28718464183952,0.08504838483682985,-1.2158671778300807,31,-1.1732062734727455,2.030354207416339,-1.1693050696734324,0.11740968895738846,No Stress
19-20_N_FD_purple_1_4_A01920200108150649.png,85.61827799479167,0.01827392578117564,127.97952473958334,0.08410142648377038,-1.846034138997421,31,-1.5164571286516682,1.9704889280232882,-1.1693050696734324,0.09834900259074467,No Stress
19-20_N_FD_purple_1_4_A02020200108150653.png,88.19927291868862,0.029605533713750368,127.91749189847181,0.0849652137586288,-2.889974256057684,31,-2.0850895070815563,2.025096257245837,-1.1693050696734324,0.05642952039459349,No Stress
19-20_N_FD_purple_2_3_A00120200108150722.png,82.37657472609342,0.029118490114827707,126.70606656256182,0.08670221950736894,-0.8639217782567279,31,-0.9815022222859664,2.1349071418741854,-1.1693050696734324,0.12327152613052726,No Stress
19-20_N_FD_purple_2_3_A00220200108150725.png,81.1183429185954,0.011906128191671635,127.68710389063875,0.08598692205420752,-0.12139404991139457,31,-0.5770486513204824,2.089687115307762,-1.1693050696734324,0.15351684608425872,No Stress
19-20_N_FD_purple_2_3_A00320200108150729.png,83.13490640554672,0.010878605131245883,127.32150603693627,0.09450941332616007,-1.019778541188689,31,-1.066397131823453,2.6284661645361664,-1.1693050696734324,0.08436436245915874,No Stress
19-20_N_FD_purple_2_3_A00420200108150732.png,84.64196588044803,0.010311816649096467,127.57514146927738,0.08831153682438025,-1.5593918490326857,31,-1.3603235684621922,2.2366457563588575,-1.1693050696734324,0.09094877058758005,No Stress
19-20_N_FD_purple_2_3_A00520200108150735.png,82.3091574538098,0.01546668681316802,126.9752365122936,0.10152913904707894,-0.7744405130659118,31,-0.932761931709096,3.0722426412816044,-1.1693050696734324,0.06350407136345976,No Stress
19-20_N_FD_purple_2_3_A00620200108150743.png,81.7636944767295,0.022878872100565637,128.05712769720552,0.08244915093030991,-0.28318826115522455,31,-0.6651776786969213,1.8660345585965403,-1.1693050696734324,0.16263224118080669,No Stress
19-20_N_FD_purple_2_3_A00720200108150746.png,84.1012847868525,0.024564893498373628,128.23654027907898,0.0887570925104865,-1.1727811322468256,31,-1.1497373788716478,2.2648131150898254,-1.1693050696734324,0.10321837221688634,No Stress
19-20_N_FD_purple_2_3_A00820200108150750.png,83.91161037091591,0.03528387787880254,127.19382281065882,0.09409710513081528,-1.3538390884440759,31,-1.2483593348474558,2.602400662045361,-1.1693050696734324,0.07387865546360177,No Stress
19-20_N_FD_purple_2_3_A00920200108150756.png,81.50823763511576,0.02085546618092083,127.31499468811656,0.09151159365227525,-0.3672469688538449,31,-0.7109643115748779,2.4389485244337523,-1.1693050696734324,0.12101806221541231,No Stress
19-20_N_FD_purple_2_3_A01020200108150800.png,81.31726482843085,0.01758728337058514,125.65024987046132,0.09814458267031934,-0.7081879145773087,31,-0.8966742557590396,2.8582760898893267,-1.1693050696734324,0.08032287094000232,No Stress
19-20_N_FD_purple_2_3_A01120200108150806.png,82.0790280746517,0.013361438963133068,126.44940141767275,0.10334663859370138,-0.8145843718053989,31,-0.9546282222188134,3.1871422224551207,-1.1693050696734324,0.05430511556415495,No Stress
19-20_N_FD_purple_2_4_A01320200108150832.png,81.67452394789922,0.043660900481848224,128.50232470684762,0.06393510197170545,-0.12894708727913695,31,-0.581162777727353,0.6956042962491169,-1.1693050696734324,0.24700698663434908,No Stress
19-20_N_FD_purple_2_4_A01420200108150835.png,82.11343019615144,0.049778293025328,127.32998798382047,0.07577903307787509,-0.5954526799465967,31,-0.8352675681978481,1.444359764208291,-1.1693050696734324,0.17955399506097805,No Stress
19-20_N_FD_purple_2_4_A01520200108150838.png,82.5438539903822,0.040063001625140066,127.80287277357954,0.07330705047192665,-0.6528013521892007,31,-0.8665052909026126,1.2880847507594453,-1.1693050696734324,0.18796407936536982,No Stress
19-20_N_FD_purple_2_4_A01620200108150844.png,78.39225789070458,0.02136741343157727,127.5964690728159,0.068557512919958,0.9496927066231926,35,0.006370454737167261,0.9878261473924037,0.9057636644735128,0.45296365856121157,Mild Stress
19-20_N_FD_purple_2_4_A01720200108150849.png,80.60354306400183,0.048193790122522034,128.3103585354095,0.0722802616532279,0.25304023479452553,31,-0.37309494324995485,1.2231727096855534,-1.1693050696734324,0.2255171831656612,No Stress
19-20_N_FD_purple_2_4_A01820200108150853.png,81.66182585698729,0.044895916985671414,128.12519393371147,0.06943942568658397,-0.21771828842206986,31,-0.6295162976439269,1.0435793428774922,-1.1693050696734324,0.22034968594391843,No Stress
19-20_N_FD_purple_2_4_A01920200108150857.png,82.65762021391521,0.0800244097536758,128.44255461270131,0.06561604847146907,-0.5244008889769702,31,-0.7965657803936443,0.8018711996752284,-1.1693050696734324,0.22537127290187642,No Stress
19-20_N_FD_purple_2_4_A02020200108150905.png,79.8613910753325,0.03612994506766958,127.14104656663243,0.08061392537325729,0.25335069229878826,31,-0.37292583758367637,1.7500143657683527,-1.1693050696734324,0.190092866760104,No Stress
19-20_N_FD_purple_2_4_A02120200108150911.png,80.0150075531294,0.053240979160000854,126.58084852542315,0.08708206507734526,0.05784345281002956,31,-0.47941829320825224,2.1589204061316654,-1.1693050696734324,0.15542685011962384,No Stress
19-20_N_FD_purple_2_4_A02220200108150917.png,79.52829560440041,0.03808088463998808,125.61915610446394,0.0933998539146551,0.006799093979815041,31,-0.5072220672875446,2.5583214913746404,-1.1693050696734324,0.12669279117796228,No Stress
19-20_N_FD_purple_3_3_A00120200108150939.png,83.97124164962081,0.02211569432060388,127.42769000380656,0.0873192974184158,-1.3238336658844716,31,-1.232015433011488,2.173917877069402,-1.1693050696734324,0.10379796925126611,No Stress
19-20_N_FD_purple_3_3_A00220200108150944.png,86.91088099934254,0.02000328731089742,128.017377547666,0.0858896062985918,-2.353006862261701,31,-1.7926042952541403,2.083534959956411,-1.1693050696734324,0.07217163109699144,No Stress
19-20_N_FD_purple_3_3_A00320200108150948.png,87.82782332825182,0.03926908656405064,127.20930740389765,0.08566208147523714,-2.9150583000288997,31,-2.0987527425017625,2.069151183653077,-1.1693050696734324,0.052547361688381096,No Stress
19-20_N_FD_purple_3_3_A00420200108150952.png,89.29272468483123,0.04106547376965813,127.4513664091094,0.08825712510351316,-3.439875355835767,31,-2.3846196862153577,2.2332059293997935,-1.1693050696734324,0.02228535492049434,No Stress
19-20_N_FD_purple_3_3_A00520200108151001.png,83.30561494269905,0.024753502194985146,126.69892341104699,0.09408787453915178,-1.2388513985496274,31,-1.1857257387950644,2.601817117956951,-1.1693050696734324,0.07813067879922297,No Stress
19-20_N_FD_purple_3_3_A00620200108151006.png,84.20661467433047,0.011951485073253693,126.72791802766736,0.09690411206377719,-1.5964833430397078,31,-1.3805272411748803,2.779855408346588,-1.1693050696734324,0.05305324733407033,No Stress
19-20_N_FD_purple_3_3_A00720200108151010.png,84.64017644323613,0.030441904011735896,127.29966445623897,0.09419037255843789,-1.6204997968306039,31,-1.3936089620680534,2.608296888204473,-1.1693050696734324,0.06371249334014124,No Stress
19-20_N_FD_purple_3_3_A00820200108151013.png,86.81433432061293,0.03771244869802416,127.21016816390473,0.0827475359934007,-2.509992330224687,31,-1.8781140084722683,1.884898012423133,-1.1693050696734324,0.07978063775453637,No Stress
19-20_N_FD_purple_3_3_A00920200108151019.png,85.98871275146236,0.015387211901356416,127.54342626858053,0.08991400361443691,-2.1042430092743345,31,-1.6571030542539122,2.337951290857694,-1.1693050696734324,0.06417332974880312,No Stress
19-20_N_FD_purple_3_3_A01020200108151024.png,87.37813490451036,0.02729784640378993,127.99140593254775,0.08581410065465776,-2.5438482324258764,31,-1.8965552599175757,2.0787616069834325,-1.1693050696734324,0.06550088455040999,No Stress
19-20_N_FD_purple_3_3_A01120200108151028.png,86.60086640523949,0.027688011989949336,127.73082719116348,0.0835215963383532,-2.2979489601084424,31,-1.7626143510598986,1.9338329404143664,-1.1693050696734324,0.08425782198333238,No Stress
19-20_N_FD_purple_3_4_A01320200108151045.png,83.45923422574553,0.02098487798945109,127.86002403775687,0.08295246945524724,-1.0113429735626944,31,-1.0618022927094213,1.8978535969119237,-1.1693050696734324,0.13381486026734835,No Stress
19-20_N_FD_purple_3_4_A01420200108151049.png,86.88098397176016,0.023493615731658053,128.51027871282668,0.08416921003749177,-2.2166011449913157,31,-1.7183043366882063,1.9747741020952783,-1.1693050696734324,0.08448441306644001,No Stress
19-20_N_FD_purple_3_4_A01520200108151053.png,84.27401420710864,0.04247730632524503,126.462891659148,0.09834500337404795,-1.67901571084262,31,-1.425482479348289,2.8709463846135885,-1.1693050696734324,0.043902696119081173,No Stress
19-20_N_FD_purple_3_4_A01620200108151056.png,84.72833036893252,0.033715025971342995,127.34006189835507,0.09172590390534943,-1.6445164138942694,31,-1.4066907718956219,2.45249689552698,-1.1693050696734324,0.07331180521258183,No Stress
19-20_N_FD_purple_3_4_A01720200108151059.png,83.71248468593755,0.039183305188407735,127.29809857289494,0.09310306706273483,-1.2467550743353435,31,-1.190030857342502,2.5395590740486953,-1.1693050696734324,0.08202862784362576,No Stress
19-20_N_FD_purple_3_4_A01820200108151108.png,84.88919337987761,0.009701331652834525,127.34759373808063,0.0853599387871786,-1.7153834513523947,31,-1.4452919247812595,2.0500501784412286,-1.1693050696734324,0.09778427938802536,No Stress
19-20_N_FD_purple_3_4_A01920200108151112.png,85.23980183054833,0.014862708875577871,127.14195566378369,0.09165252685450608,-1.905229868166959,31,-1.5487009400738732,2.447858109000008,-1.1693050696734324,0.06407212244416158,No Stress
19-20_N_FD_purple_3_4_A02020200108151122.png,84.4058814434318,0.012382212219811615,127.46672736799609,0.09378849469795202,-1.49133696109676,31,-1.3232541885635067,2.5828907757580923,-1.1693050696734324,0.07015342883320866,No Stress
19-20_N_FD_purple_3_4_A02120200108151130.png,83.31743572383382,0.03216412339621129,126.413698071281,0.09628829791581953,-1.312292328524606,31,-1.2257288864884146,2.7409245663485513,-1.1693050696734324,0.06608359105507647,No Stress
19-20_N_FD_purple_4_3_A00120200108151202.png,81.8150562150113,0.011768495014125717,128.50672757862262,0.08423317226908993,-0.19522161809391747,31,-0.6172624001775918,1.9788176979438767,-1.1693050696734324,0.15826918936672285,No Stress
19-20_N_FD_purple_4_3_A00220200108151206.png,85.59926881367072,0.007283108774206033,129.46550690108447,0.08129288132148504,-1.470781712126204,31,-1.3120577799569861,1.7929369371833552,-1.1693050696734324,0.12403928223888666,No Stress
19-20_N_FD_purple_4_3_A00320200108151209.png,85.50055699962867,0.02015100878813322,128.1493790485621,0.09329443010611813,-1.7558251846350927,31,-1.4673204670401065,2.5516567571417617,-1.1693050696734324,0.06256426233709418,No Stress
19-20_N_FD_purple_4_3_A00420200108151213.png,85.12796867052357,0.040216361959497404,127.72427910361968,0.09524333848303922,-1.7060419656186845,31,-1.4402036336388646,2.674863806447457,-1.1693050696734324,0.05610117591084005,No Stress
19-20_N_FD_purple_4_3_A00520200108151216.png,85.43045368666826,0.03131832319902597,127.7179907101075,0.0948170328356065,-1.8317223840207717,31,-1.5086615404384334,2.6479134061389944,-1.1693050696734324,0.05330935575240612,No Stress
19-20_N_FD_purple_4_3_A00620200108151220.png,84.81802771013102,0.025287251768473264,127.61542373512059,0.09557614499251764,-1.6145046121533007,31,-1.3903433953305844,2.695903332218978,-1.1693050696734324,0.05803967458355108,No Stress
19-20_N_FD_purple_4_3_A00720200108151234.png,83.70502707992374,0.026173041556183784,126.83088967251008,0.09878111667794279,-1.3651278492973127,31,-1.2545083033836766,2.898516810177015,-1.1693050696734324,0.05354811968242735,No Stress
19-20_N_FD_purple_4_3_A00820200108151239.png,82.16373211248955,0.007992314915347269,126.29907787638957,0.09274884257360973,-0.8879260656780552,31,-0.9945773161786519,2.517165535894855,-1.1693050696734324,0.0966811550347112,No Stress
19-20_N_FD_purple_4_3_A00920200108151243.png,82.25788257907871,0.018728502056979124,126.3178491940379,0.0989968789003669,-0.9171357574020647,31,-1.01048778480304,2.912156972583475,-1.1693050696734324,0.06904364270576466,No Stress
19-20_N_FD_purple_4_3_A01020200108151247.png,83.44632574277408,0.02999008060035989,125.53845592308386,0.09556224429203584,-1.5834197881285448,31,-1.3734115453811384,2.6950245508919926,-1.1693050696734324,0.0592376284872054,No Stress
19-20_N_FD_purple_4_3_A01120200108151251.png,84.58511962267494,0.010027970316828056,126.62477587887123,0.09810346661565333,-1.7743440897412803,31,-1.477407682661346,2.8556767949022053,-1.1693050696734324,0.04143721723046504,No Stress
19-20_N_FD_purple_4_3_A01220200108151257.png,79.73561996077576,0.025643931139570083,124.68387448245805,0.09689075096669696,-0.3143039877969436,31,-0.6821263612484452,2.7790107399331125,-1.1693050696734324,0.10008492865101125,No Stress
19-20_N_FD_purple_4_3_A01320200108151301.png,84.63879863457603,0.01499543560738871,126.29042515910477,0.10209692316004848,-1.8776647615916353,31,-1.5336862741390695,3.1081370968804585,-1.1693050696734324,0.020671251280964413,No Stress
19-20_N_FD_purple_4_4_A01520200108151455.png,78.2517003583551,0.019389032527201908,127.94141991215353,0.07296995170272,1.0914609960808654,35,0.0835913971100522,1.2667738747991564,0.9057636644735128,0.43939539217849605,Mild Stress
19-20_N_FD_purple_4_4_A01620200108151459.png,79.59432337953703,0.018061183672680996,127.54783996243413,0.0758000599603896,0.45555205307915614,33,-0.2627871056551828,1.4456890520195547,-0.13177070259995977,0.31101689512820335,No Stress
19-20_N_FD_purple_4_4_A01720200108151502.png,79.98070187576211,0.03950429375680167,127.30081810555811,0.07772168867090985,0.2467502788995617,31,-0.376521071360487,1.5671715219437397,-1.1693050696734324,0.20214917014681286,No Stress
19-20_N_FD_purple_4_4_A01820200108151505.png,81.39839690625054,0.04536704202778,127.29618051414845,0.07971508599794938,-0.319435169253385,31,-0.6849213069240151,1.6931910956018936,-1.1693050696734324,0.17292982928209494,No Stress
19-20_N_FD_purple_4_4_A01920200108151509.png,81.63945081180279,0.05378883781763201,126.94388322953925,0.07916982330710018,-0.5009834241001307,31,-0.7838103277272468,1.658720410354932,-1.1693050696734324,0.16859701281148157,No Stress
19-20_N_FD_purple_4_4_A02020200108151513.png,81.81307584611129,0.06602057326788835,126.89811034448068,0.07524293886600356,-0.5775955516805844,31,-0.8255408212782793,1.4104686963793858,-1.1693050696734324,0.18248775583766358,No Stress
19-20_N_FD_purple_4_4_A02120200108151522.png,77.963736835262,0.02060850344549643,126.36860833008278,0.08378308458266415,0.8138703246218171,35,-0.06761176211540781,1.9503638329854047,0.9057636644735128,0.38324669883765894,Mild Stress
19-20_N_FD_purple_4_4_A02220200108151527.png,79.32193496385918,0.038255533791933506,125.79347298538767,0.08592931099127554,0.13298369763041862,31,-0.4384895316540534,2.0860450307668623,-1.1693050696734324,0.16308138565843594,No Stress
19-20_N_FD_purple_4_4_A02320200108151531.png,80.34163404789511,0.03298782135650652,125.91137138323933,0.08634295913226436,-0.24726503587343984,31,-0.6456103599407683,2.112195242601106,-1.1693050696734324,0.14739143347284533,No Stress
19-20_N_FD_purple_4_4_A02420200108151534.png,81.16866792150753,0.060781895674863015,125.95495986672725,0.08068084812332141,-0.5574535384349986,31,-0.8145695014573143,1.7542451211309258,-1.1693050696734324,0.16010308185167046,No Stress
19-20_N_FD_purple_4_4_A02520200108151543.png,79.20256329699558,0.02364895398019578,127.62021372284889,0.0774486047806869,0.632305245807057,35,-0.1665099469049547,1.5499075701203884,0.9057636644735128,0.40352967877262774,Mild Stress
19-20_N_FD_purple_4_4_A02620200108151550.png,80.3191963708182,0.028158931944095425,127.83514734926563,0.08063729932289915,0.24096391516955507,31,-0.3796728936886869,1.7514920316248375,-1.1693050696734324,0.1895396669533525,No Stress
19-20_N_FD_purple_4_4_A02720200108151554.png,81.55075133178153,0.04100746473560384,127.23256432895532,0.08041374040717852,-0.3978068378163222,31,-0.7276102194087236,1.7373589740229027,-1.1693050696734324,0.1670877886430259,No Stress
19-20_N_FD_purple_5_3_A00120200108151617.png,82.42819552974157,0.014218208371393122,127.64500642085561,0.08745756394204561,-0.6550502337527426,31,-0.8677302528054899,2.1826588782349345,-1.1693050696734324,0.12771208720657398,No Stress
19-20_N_FD_purple_5_3_A00220200108151621.png,82.3382328674968,0.025331183969361702,127.32179954220243,0.09119313570181725,-0.695977347058836,31,-0.8900231807246206,2.4188160929308125,-1.1693050696734324,0.11032857325693894,No Stress
19-20_N_FD_purple_5_3_A00320200108151624.png,82.72654827246723,0.02451123308266674,127.54860204422248,0.09247778869647554,-0.7948898663523387,31,-0.9439006591193989,2.5000299184384143,-1.1693050696734324,0.10124224990613488,No Stress
19-20_N_FD_purple_5_3_A00420200108151627.png,84.5530651047384,0.03211949745441542,127.5590673167337,0.09613280153495972,-1.520217388602891,31,-1.3389853075371971,2.7310943195856336,-1.1693050696734324,0.059127083601590955,No Stress
19-20_N_FD_purple_5_3_A00520200108151633.png,82.62065987655889,0.020264492477456906,127.6598977250599,0.08982719406434662,-0.7261969469914753,31,-0.9064837446057042,2.332463321979918,-1.1693050696734324,0.11502956565831937,No Stress
19-20_N_FD_purple_5_3_A00620200108151637.png,83.24106485750298,0.024993021072026795,127.07214096588362,0.09385198557320755,-1.1196431441550772,31,-1.1207932085501948,2.586904573169353,-1.1693050696734324,0.08350110715957455,No Stress
19-20_N_FD_purple_5_3_A00720200108151640.png,86.79810546624327,0.012188608784524985,128.3467501873419,0.08647071874821366,-2.2282886265872506,31,-1.7246704877242127,2.1202720129038792,-1.1693050696734324,0.0742699438043493,No Stress
19-20_N_FD_purple_5_3_A00820200108151644.png,83.4781863292291,0.07295795650293407,125.82771896864746,0.09667599799464777,-1.5088095047537529,31,-1.3327714529108854,2.765434380813753,-1.1693050696734324,0.05723529782091464,No Stress
19-20_N_FD_purple_5_3_A00920200108151649.png,83.4865828697716,0.011929128420156756,127.90647144752649,0.08715972166681397,-1.0138400910799632,31,-1.0631624683074834,2.163829738638461,-1.1693050696734324,0.11583365679639948,No Stress
19-20_N_FD_purple_5_3_A01020200108151653.png,83.43463902394275,0.027495392415927248,128.0960420645312,0.08581774788182092,-0.9402217060987255,31,-1.0230626611787648,2.078992179185924,-1.1693050696734324,0.12423702014076085,No Stress
19-20_N_FD_purple_5_3_A01120200108151656.png,84.81686778832255,0.03032931090009032,128.00683483245368,0.09040146325255995,-1.5144231484005743,31,-1.335829194908136,2.368767754258422,-1.1693050696734324,0.08370967104503031,No Stress
19-20_N_FD_purple_5_3_A01220200108151700.png,86.96781736281736,0.039635544635382325,128.55535217035217,0.09157757292933688,-2.234416461916517,31,-1.7280083090426615,2.443119634855541,-1.1693050696734324,0.05233051229201953,No Stress
19-20_N_FD_purple_5_4_A01420200108151717.png,81.63759693232672,0.0366720185835212,128.22414853277763,0.07895349596419605,-0.18616643323204585,31,-0.6123300566255228,1.6450445218837328,-1.1693050696734324,0.18105072883666995,No Stress
19-20_N_FD_purple_5_4_A01520200108151721.png,83.14039113865739,0.04250177980634657,127.81633653000544,0.08391561789747654,-0.8871967000293743,31,-0.994180031969743,1.958742389333207,-1.1693050696734324,0.13426775744611524,No Stress
19-20_N_FD_purple_5_4_A01620200108151724.png,83.64651189794886,0.010392561812061375,128.07913857025554,0.08610221707493755,-1.0351827199814423,31,-1.0747877614022348,2.0969758926930937,-1.1693050696734324,0.11954836288703205,No Stress
19-20_N_FD_purple_5_4_A01720200108151727.png,83.56004068132819,0.006526663500668104,128.0091995276259,0.08416856459032573,-1.0194320583995662,31,-1.0662084032467425,1.974733297898554,-1.1693050696734324,0.12834752709338726,No Stress
19-20_N_FD_purple_5_4_A01820200108151731.png,84.03449303966238,0.01652424045177515,127.76406240157894,0.09210646243655794,-1.2669981313120928,31,-1.201057215509286,2.476555232118659,-1.1693050696734324,0.08552466504802912,No Stress
19-20_N_FD_purple_5_4_A01920200108151739.png,81.79869661828744,0.031091795433766407,127.10494867081508,0.08295208169096324,-0.5323593512093865,31,-0.8009007410239599,1.8978290830385043,-1.1693050696734324,0.1513649063016537,No Stress
19-20_N_FD_purple_5_4_A02020200108151742.png,83.94827405397015,0.01621705517399475,128.2033130445361,0.08700515311484776,-1.1228053911431388,31,-1.1225156790220336,2.1540581478193492,-1.1693050696734324,0.1124987668544668,No Stress
19-20_N_FD_purple_5_4_A02120200108151746.png,84.22226301308837,0.03665815558354546,127.35035824921935,0.08804253931603953,-1.4384852884762687,31,-1.2944659737846576,2.2196401394372436,-1.1693050696734324,0.09652220065099879,No Stress
19-20_N_FD_purple_5_4_A02220200108151753.png,80.85346999418617,0.01959044809534855,126.94441118838957,0.08720266302360433,-0.1984285437437059,31,-0.619009207039294,2.166544426473956,-1.1693050696734324,0.14552508401532407,No Stress
19-20_N_FD_purple_5_4_A02320200108151756.png,82.05510931569106,0.01964216175033639,126.63587968213076,0.08723577357443199,-0.7561990491311121,31,-0.9228258378146516,2.1686376255779627,-1.1693050696734324,0.1249494026044616,No Stress
19-20_N_FD_purple_5_4_A02420200108151800.png,83.33040914307328,0.025789037080226302,126.08809105249358,0.09540947918837168,-1.4011147311278407,31,-1.2741102957519679,2.6853669713555575,-1.1693050696734324,0.06656626567645882,No Stress
19-20_N_FD_purple_5_4_A02520200108151804.png,82.3286302175191,0.02755412417236428,125.35470609786229,0.09969697749434095,-1.1831316190817454,31,-1.1553752711708936,2.9564161501867234,-1.1693050696734324,0.05632152292513649,No Stress
19-20_N_FD_purple_6_3_A00120200108151859.png,78.364970861553,0.019292126994040492,124.79834844632451,0.08127084375659707,0.26035101140783823,31,-0.3691127758575338,1.7915437555562028,-1.1693050696734324,0.1875560435710901,No Stress
19-20_N_FD_purple_6_3_A00220200108151903.png,78.48005786319487,0.028244247374016172,124.76363693540706,0.08519965062526459,0.20877157515472078,31,-0.3972080056847729,2.039917002504422,-1.1693050696734324,0.1689606054953619,No Stress
19-20_N_FD_purple_6_3_A00320200108151907.png,79.43178074913664,0.019157885415659444,124.51734702913309,0.08668647601033551,-0.23667028247590238,31,-0.639839416066818,2.133911861727509,-1.1693050696734324,0.14631891764684224,No Stress
19-20_N_FD_purple_6_3_A00420200108151912.png,78.7913245132098,0.023874120742883854,125.28050166905966,0.0848088905602191,0.2119515542410042,31,-0.39547587656966365,2.0152137403239725,-1.1693050696734324,0.17073866600908713,No Stress
19-20_N_FD_purple_6_3_A00520200108151915.png,78.59422452341728,0.030261237938195993,124.06321016709813,0.08735194258744261,-0.011295834314012154,31,-0.5170783434714814,2.1759816554375937,-1.1693050696734324,0.15174626219354326,No Stress
19-20_N_FD_purple_6_3_A00620200108151918.png,75.56976312537299,0.027211683496650995,121.73615803545836,0.08889932641219289,0.6156583479392204,35,-0.17557748341722473,2.27380492791592,0.9057636644735128,0.3542300137158653,Mild Stress
19-20_N_FD_purple_6_3_A00720200108151923.png,77.84861207787084,0.018541096770964955,125.17043887689368,0.07715243163502049,0.5596542719449218,33,-0.20608280686823247,1.5311839503785551,-0.13177070259995977,0.3090804218718329,No Stress
19-20_N_FD_purple_6_3_A00820200108151927.png,78.3891049039835,0.02107249290226828,124.26636865400553,0.08219466269586939,0.11832557442377478,31,-0.4464737860438395,1.8499461960959043,-1.1693050696734324,0.1784245112156923,No Stress
19-20_N_FD_purple_6_3_A00920200108151931.png,77.13342444882595,0.03134970424793265,123.90204785803907,0.08335916229955531,0.5331145814661618,33,-0.2205389304265718,1.9235641053762047,-0.13177070259995977,0.28171636607392003,No Stress
19-20_N_FD_purple_6_3_A01020200108151934.png,76.92704994359185,0.025849255949600445,124.2501835503107,0.07972741733958193,0.7007731497232932,35,-0.1292155979152502,1.693970664428483,0.9057636644735128,0.3963483479563704,Mild Stress
19-20_N_FD_purple_6_4_A01220200108151950.png,78.35838455413301,0.02221953816275143,126.17262527847116,0.06360881143901789,0.6075793363215496,35,-0.17997810708944792,0.6749767007064637,0.9057636644735128,0.4614721850969038,Mild Stress
19-20_N_FD_purple_6_4_A01320200108151954.png,79.97292965739508,0.020055349260754328,126.53882330273944,0.06749336351847944,0.05255333496808845,31,-0.48229981125845256,0.9205522266020761,-1.1693050696734324,0.23852643519668673,No Stress
19-20_N_FD_purple_6_4_A01420200108151957.png,80.04872405996001,0.04194494643914536,126.40692578333028,0.06973191181631168,-0.0030774468977341485,31,-0.5126018020425187,1.0620698750304325,-1.1693050696734324,0.22696974165088502,No Stress
19-20_N_FD_purple_6_4_A01520200108152000.png,79.39043093632303,0.05878514495901382,126.17251905053867,0.06895528211720574,0.20753218884111035,31,-0.3978830972688442,1.0129725163433199,-1.1693050696734324,0.2379881098186552,No Stress
19-20_N_FD_purple_6_4_A01620200108152004.png,78.86270794583413,0.023215185912600973,125.56573000504112,0.0705507396432936,0.25447463799603653,31,-0.37231362630392206,1.1138349357416073,-1.1693050696734324,0.2329238602649212,No Stress
19-20_N_FD_purple_6_4_A01720200108152009.png,76.9829985508862,0.02412663025292999,125.54675732917178,0.07326158937203016,1.0019342325269953,35,0.0348263236534215,1.2852107685636855,0.9057636644735128,0.4348753469472882,Mild Stress
19-20_N_FD_purple_6_4_A01820200108152013.png,79.23624714730981,0.035297878575140974,125.10931686394999,0.07659910955764718,-0.004815385435129826,31,-0.5135484541616719,1.4962037628663212,-1.1693050696734324,0.19770595963475546,No Stress
19-20_N_FD_purple_6_4_A01920200108152016.png,78.99419527640063,0.03211444484833169,124.38347538424698,0.08095704025768488,-0.09056920880159325,31,-0.56025841361571,1.7717055714626777,-1.1693050696734324,0.17603379993707563,No Stress
19-20_N_FD_purple_6_4_A02020200108152023.png,78.89046465127981,0.030213147243165237,127.17355014411385,0.06586900708317865,0.6477762770516442,35,-0.1580829029111421,0.8178628617329592,0.9057636644735128,0.45333425967395974,Mild Stress
19-20_N_FD_purple_6_4_A02120200108152028.png,78.84145688269952,0.02574888630503373,126.86702722945816,0.06708519747448115,0.589186164491494,33,-0.18999683601237366,0.8947485846744574,-0.13177070259995977,0.3529694042564213,Mild Stress
19-20_N_FD_purple_6_4_A02220200108152031.png,78.62478333625785,0.020187711046447624,127.07747681430473,0.06676021175042289,0.7265215679392973,35,-0.11519047899156705,0.8742034771661458,0.9057636644735128,0.4524297261248239,Mild Stress
19-20_N_FD_purple_7_3_A00120200108152143.png,76.78789561112083,0.008113306522083785,125.96360814827767,0.06697499175789391,1.1785834499038117,35,0.13104684720952398,0.8877815454241136,0.9057636644735128,0.46807852946864975,Mild Stress
19-20_N_FD_purple_7_3_A00220200108152146.png,79.03922300272912,0.03333087466413859,126.31488174525006,0.0681191806137555,0.37469704135331483,33,-0.3068286908709252,0.9601154398485793,-0.13177070259995977,0.34071460808795306,Mild Stress
19-20_N_FD_purple_7_3_A00320200108152149.png,80.57601406869587,0.03261495908710292,126.21808185966304,0.0751542589235529,-0.2644699268821036,31,-0.6549818343529531,1.4048624841164958,-1.1693050696734324,0.19433673439323104,No Stress
19-20_N_FD_purple_7_3_A00420200108152152.png,80.23301879997119,0.05127303388379663,126.35666557914674,0.07427265393198415,-0.08609556334246449,31,-0.5578216266620293,1.3491287457065058,-1.1693050696734324,0.20462047429744587,No Stress
19-20_N_FD_purple_7_3_A00520200108152158.png,78.02862090343545,0.006353549821466304,126.63548325031533,0.07343688925242589,0.8496461936421653,35,-0.04812470806031165,1.296292962710401,0.9057636644735128,0.4285506149237921,Mild Stress
19-20_N_FD_purple_7_3_A00620200108152201.png,79.3729117733568,0.0179036527713665,126.59983630946037,0.07298292457339804,0.3070606464923493,33,-0.34367011831459693,1.267594000124797,-0.13177070259995977,0.31755543607471515,No Stress
19-20_N_FD_purple_7_3_A00720200108152204.png,78.23929637369177,0.037066804530226184,125.92484979081497,0.07195655806013462,0.5984672798126098,33,-0.1849414285294332,1.2027086565638354,-0.13177070259995977,0.33259585210496256,Mild Stress
19-20_N_FD_purple_7_3_A00820200108152208.png,77.20527112996062,0.056047950837166016,125.69115852339118,0.07091288615803178,0.9602979616565541,35,0.01214711883401007,1.1367292924110173,0.9057636644735128,0.4433368843118663,Mild Stress
19-20_N_FD_purple_7_3_A00920200108152213.png,77.06073279899174,0.01543030036205989,127.19665755955232,0.06674675010668718,1.380271875418103,35,0.24090618418464502,0.8733524523447012,0.9057636644735128,0.4764382449471188,Mild Stress
19-20_N_FD_purple_7_3_A01020200108152215.png,78.03496533627477,0.029032216367013093,126.38230491152025,0.06863188086969718,0.7917513690986091,35,-0.07965991897996541,0.9925275770536349,0.9057636644735128,0.4468609822239312,Mild Stress
19-20_N_FD_purple_7_3_A01120200108152218.png,80.63972764701442,0.027465892987298582,127.10137350428067,0.0711325602908187,-0.07093462019004804,31,-0.5495634871163668,1.1506167598927994,-1.1693050696734324,0.21852795882109197,No Stress
19-20_N_FD_purple_7_3_A01220200108152222.png,79.68294962195226,0.02511256477773718,127.11157930507179,0.06732092118027067,0.3135043751592477,33,-0.34016023044082366,0.9096506819642297,-0.13177070259995977,0.3418669987833417,Mild Stress
19-20_N_FD_purple_7_4_A01420200108152242.png,74.04789260585227,0.030060985978142198,124.67700869980835,0.05759092953469529,1.9606164777035282,35,0.5570188865451952,0.2945352796104789,0.9057636644735128,0.536631773223979,Mild Stress
19-20_N_FD_purple_7_4_A01520200108152245.png,75.4489238112392,0.02721541786731261,126.04232708933718,0.0593860831725182,1.7405376440921714,35,0.43714232604773395,0.40802218611963065,0.9057636644735128,0.5209356043497853,Mild Stress
19-20_N_FD_purple_7_4_A01620200108152247.png,77.32711989778764,0.053172841996489036,125.78980117902853,0.06025308672738875,0.9352128303408449,35,-0.001516708860863714,0.46283284371550304,0.9057636644735128,0.48774453238295007,Mild Stress
19-20_N_FD_purple_7_4_A01720200108152250.png,79.3182937667747,0.07501359662858867,125.78993539943137,0.07021511713870775,0.14642110196796665,31,-0.43117020072355816,1.0926173870049463,-1.1693050696734324,0.23039223648096638,No Stress
19-20_N_FD_purple_7_4_A01820200108152254.png,75.08133607824804,0.016195296486676097,125.59667733467582,0.06560266439795266,1.77230325614007,35,0.45444500005737254,0.8010250787260988,0.9057636644735128,0.4956657789019131,Mild Stress
19-20_N_FD_purple_7_4_A01920200108152257.png,76.27642574337067,0.03112012798384506,125.13474961792491,0.0732228586402492,1.184009151927306,35,0.13400221772920415,1.2827622700931107,0.9057636644735128,0.4417106654639598,Mild Stress
19-20_N_FD_purple_7_4_A02020200108152259.png,77.3276023198308,0.06870061751826084,124.1575365435952,0.07236796657857056,0.5323884240978671,33,-0.2209344670906963,1.2287172828368662,-0.13177070259995977,0.3284255823784991,No Stress
19-20_N_FD_purple_7_4_A02120200108152303.png,75.84297059810145,0.045860688411121835,127.76852702979399,0.05908807142886273,2.020994759151808,35,0.5899068321508554,0.3891823329849019,0.9057636644735128,0.532477818033424,Mild Stress
19-20_N_FD_purple_7_4_A02220200108152306.png,77.70985633286439,0.024768725753400823,127.67776783049835,0.06152567172012052,1.2441684784925222,35,0.1667708989882888,0.5432837483357053,0.9057636644735128,0.4936524825214993,Mild Stress
19-20_N_FD_purple_7_4_A02320200108152314.png,76.17359822975632,0.049484770055780634,125.63136072206389,0.06399445631703872,1.3557205581329654,35,0.22753312407009763,0.6993565884751562,0.9057636644735128,0.4872418325228617,Mild Stress
19-20_N_FD_purple_7_4_A02420200108152319.png,77.86889060625339,0.040395544150564684,125.85648715463539,0.07039765281406789,0.7307039866101874,35,-0.11291232276636615,1.1041570172002224,0.9057636644735128,0.43711614118969894,Mild Stress
19-20_N_FD_purple_7_4_A02520200108152323.png,78.06436198174751,0.02164358534621272,125.80996044433337,0.06804915052851321,0.6343205732555113,35,-0.16541220152511754,0.9556882434408339,0.9057636644735128,0.44357106749809616,Mild Stress
19-20_N_FD_purple_8_3_A00120200108152352.png,81.02750150661873,0.0200120529497724,128.07040169572537,0.06406628673559603,0.013604039816272007,31,-0.5035154250454899,0.7038975992407934,-1.1693050696734324,0.25167178224271886,No Stress
19-20_N_FD_purple_8_3_A00220200108152356.png,81.29566492254645,0.009162005408596368,127.19222153909652,0.07337879235555615,-0.31700388235144317,31,-0.6835969891484038,1.2926201644804267,-1.1693050696734324,0.19996154841680394,No Stress
19-20_N_FD_purple_8_3_A00320200108152400.png,84.8067751522331,0.02949892969208596,127.64812436353056,0.08297823129401731,-1.6003543446183706,31,-1.382635769047896,1.8994822215189786,-1.1693050696734324,0.11212586302672654,No Stress
19-20_N_FD_purple_8_3_A00420200108152405.png,82.41236589379831,0.05414244943001836,127.42714413682478,0.07109875438290916,-0.689210466012625,31,-0.8863372723080587,1.1484796013624357,-1.1693050696734324,0.19602009556836655,No Stress
19-20_N_FD_purple_8_3_A00520200108152410.png,78.70061470518023,0.017673839647982498,126.97489172322068,0.06766403413161899,0.6696628926098711,35,-0.14616130122415882,0.9313417654521979,0.9057636644735128,0.4465034537061147,Mild Stress
19-20_N_FD_purple_8_3_A00620200108152415.png,80.4556150739321,0.016339505750203914,126.91023326259584,0.0794814919865946,-0.04896888691130741,31,-0.5375987901436899,1.678423634383439,-1.1693050696734324,0.18383209989076357,No Stress
19-20_N_FD_purple_8_3_A00720200108152418.png,81.42033510689919,0.06521546504388114,127.09522403048115,0.0781759152082902,-0.371502622374031,31,-0.7132823586959823,1.5958870388195963,-1.1693050696734324,0.17756697777503305,No Stress
19-20_N_FD_purple_8_3_A00820200108152453.png,82.9291788500046,0.026579924093155072,126.71229169633955,0.07587365351239554,-1.0842956424843493,31,-1.1015394854504625,1.4503415254236154,-1.1693050696734324,0.1612420468855932,No Stress
19-20_N_FD_purple_8_3_A00920200108152456.png,82.61456025963516,0.024691203523993763,127.21857909820166,0.0666144093049162,-0.8325374080702481,31,-0.9644072100596742,0.8649860663811334,-1.1693050696734324,0.2098370117901767,No Stress
19-20_N_FD_purple_8_3_A01020200108152507.png,80.65626553900422,0.06378801079468842,126.53778448330819,0.06894397163226912,-0.20573429099650298,31,-0.62298863494773,1.0122574845379464,-1.1693050696734324,0.22289546777346048,No Stress
19-20_N_FD_purple_8_4_A01220200108152928.png,74.49596421911878,0.018846683792030812,127.47507899872646,0.050735095785313135,2.4769804013613133,35,0.8382814237793742,-0.13888019378710895,0.9057636644735128,0.5847014513507237,Mild Stress
19-20_N_FD_purple_8_4_A01320200108152930.png,76.52843793237398,0.03527953455266493,127.8384116134833,0.05570895174315249,1.7605755675146675,35,0.44805694832186976,0.1755594810041056,0.9057636644735128,0.5373053115702809,Mild Stress
19-20_N_FD_purple_8_4_A01420200108152933.png,76.73301276621622,0.047268446726144164,127.75030080315528,0.05709184475728478,1.6609140506564835,35,0.39377149224744995,0.26298389243070674,0.9057636644735128,0.5277738196021202,Mild Stress
19-20_N_FD_purple_8_4_A01520200108152935.png,77.06272167823688,0.06597837243214436,127.42102733111312,0.05370589568275909,1.453260591834777,35,0.28066301193395365,0.048929296785366096,0.9057636644735128,0.5345635167803748,Mild Stress
19-20_N_FD_purple_8_4_A01620200108152938.png,77.78448982713134,0.06662814755623168,127.56160012915231,0.056697869492788246,1.1999239530802228,35,0.14267098242550277,0.23807737018837652,0.9057636644735128,0.5125598742793233,Mild Stress
19-20_N_FD_purple_8_4_A01720200108152942.png,75.7029310686385,0.03314355604157956,127.49835057406914,0.05329907141643952,2.0050154606764323,35,0.5812029358744281,0.02321048001965713,0.9057636644735128,0.556507878322882,Mild Stress
19-20_N_FD_purple_8_4_A01820200108152945.png,77.0000262073966,0.05136649733754093,127.11508978217286,0.05481390034020151,1.396740236652711,35,0.24987647210120492,0.11897568073909276,0.9057636644735128,0.5277814329343785,Mild Stress
19-20_N_FD_purple_8_4_A01920200108152947.png,77.22465138880453,0.06721883324771474,126.79797905295766,0.057186866371818454,1.2331607993542981,35,0.1607750351766866,0.2689910156416258,0.9057636644735128,0.5116982932750628,Mild Stress
19-20_N_FD_purple_8_4_A02020200108152954.png,75.41220640996572,0.03501073662574296,127.84060889783979,0.05882786416983121,2.2075234182926664,35,0.6915086705697936,0.37273242237194437,0.9057636644735128,0.5404180505491076,Mild Stress
19-20_N_FD_purple_8_4_A02120200108152956.png,76.3753166248743,0.04188146243548964,128.72377158034527,0.05308990514007812,2.045474756989016,35,0.6032410446853149,0.009987303378864908,0.9057636644735128,0.5588795738511928,Mild Stress
19-20_N_FD_purple_8_4_A02220200108152958.png,78.00209320213692,0.050816895251411996,128.05015278694313,0.06118556084464377,1.2294868292190095,35,0.15877382999051887,0.5217824515582405,0.9057636644735128,0.49456078510400964,Mild Stress
19-20_N_FD_purple_9_3_A00120200108153027.png,79.05237704918032,0.02600949094035371,126.80656600517688,0.06422770037329636,0.4897940034512125,33,-0.2441355744380751,0.7141019260599819,-0.13177070259995977,0.36147840399265574,Mild Stress
19-20_N_FD_purple_9_3_A00220200108153030.png,79.50268334018077,0.013818987948448118,127.19644874691865,0.07053232036220979,0.40287549643931087,33,-0.2914799350618746,1.1126704965614267,-0.13177070259995977,0.3314860287511179,Mild Stress
19-20_N_FD_purple_9_3_A00320200108153034.png,81.87661344436248,0.02446058757080208,127.80202719880636,0.07459278014075227,-0.39157737239361623,31,-0.7242170403539373,1.3693666419846517,-1.1693050696734324,0.19206740423718358,No Stress
19-20_N_FD_purple_9_3_A00420200108153038.png,84.34459069391525,0.03579263364492803,127.8161380243126,0.07500053843330105,-1.371274349712234,31,-1.2578562915420388,1.3951445064803814,-1.1693050696734324,0.15444066843522106,No Stress
19-20_N_FD_purple_9_3_A00520200108153044.png,80.15452489841718,0.008492153895813885,126.69870280011561,0.07137429174514356,0.015837994525565335,31,-0.5022985937743368,1.1658986579873587,-1.1693050696734324,0.22067915455428105,No Stress
19-20_N_FD_purple_9_3_A00620200108153049.png,80.27573555859291,0.026790285929379643,127.2677209003161,0.07007502074482491,0.11601260171714145,31,-0.4477336582816457,1.0837607042008313,-1.1693050696734324,0.22987387411874496,No Stress
19-20_N_FD_purple_9_3_A00720200108153052.png,81.55213299769946,0.02320124695752675,127.77228019871303,0.07056798404539934,-0.2696627129663902,31,-0.6578103359628927,1.114925100844107,-1.1693050696734324,0.21364785258006794,No Stress
19-20_N_FD_purple_9_3_A00820200108153101.png,80.06088610114648,0.02144312257257566,126.81646499769178,0.071661887083396,0.08726690186475494,31,-0.4633913913350739,1.1840800016768631,-1.1693050696734324,0.22207318843272733,No Stress
19-20_N_FD_purple_9_3_A00920200108153105.png,79.77677723496548,0.02719432585267411,127.12530265825926,0.07574732506234495,0.2801327846270567,31,-0.3583376781566419,1.442355231271253,-1.1693050696734324,0.21176741594968146,No Stress
19-20_N_FD_purple_9_3_A01020200108153113.png,80.61240505679486,0.032990625427531,127.30957472286848,0.0796119383803434,-0.0060216231011906984,31,-0.5142054897346849,1.6866702587279603,-1.1693050696734324,0.1848508745449133,No Stress
19-20_N_FD_purple_9_3_A01120200108153118.png,79.94903726870861,0.027977740114846425,125.91450736463229,0.07982628576328027,-0.09119585728517876,31,-0.5605997479622281,1.7002209771151278,-1.1693050696734324,0.18081893892031345,No Stress
19-20_N_FD_purple_9_4_A01320200108153137.png,79.23949698231446,0.015519525581916936,127.85770403549724,0.0572449660211922,0.6740590499021941,35,-0.14376672194108175,0.27266398788075374,0.9057636644735128,0.4909675829220036,Mild Stress
19-20_N_FD_purple_9_4_A01420200108153140.png,80.99519412106238,0.02409720250370147,128.4384877161904,0.05486929216241939,0.11997830149893929,31,-0.44557354846096675,0.12247746822789828,-1.1693050696734324,0.2946756601492306,No Stress
19-20_N_FD_purple_9_4_A01520200108153143.png,80.22556305452339,0.03064887136308212,127.81616996536994,0.05815681892453423,0.2745443745102065,31,-0.3613816754937063,0.3303099536696073,-1.1693050696734324,0.28635951727562176,No Stress
19-20_N_FD_purple_9_4_A01620200108153147.png,81.33580427133346,0.025128469087151703,128.24059370016286,0.053926340746996544,-0.06537831931216687,31,-0.5465369796263023,0.06286550139115146,-1.1693050696734324,0.2918943354816538,No Stress
19-20_N_FD_purple_9_4_A01720200108153150.png,80.5980043486322,0.08291476343742978,127.97978223128655,0.0502178296520735,0.18476398557185547,31,-0.4102848982591439,-0.1715809788711698,-1.1693050696734324,0.31682774643664346,No Stress
19-20_N_FD_purple_9_4_A01820200108153155.png,75.4130370869975,0.04053282834816064,126.20065371345561,0.06040968311444762,1.7991350834867532,35,0.4690602500630238,0.47273263121189424,0.9057636644735128,0.518729959416424,Mild Stress
19-20_N_FD_purple_9_4_A01920200108153159.png,79.65090317442063,0.04103789456629723,126.56933849554696,0.06495140194728088,0.19633661721668716,31,-0.40398130579310804,0.7598532484743195,-1.1693050696734324,0.2546028966689352,No Stress
19-20_N_FD_purple_9_4_A02020200108153202.png,80.11694220703271,0.0527909349567702,127.55829068195203,0.06368044100576035,0.26127261490979237,31,-0.36861078002202435,0.6795050139231816,-1.1693050696734324,0.26238621094356623,No Stress
19-20_N_FD_purple_9_4_A02120200108153207.png,78.92310322426232,0.03602506239940838,127.3806416042671,0.06307471467450508,0.6885278832016404,35,-0.13588557343676125,0.6412119084881136,0.9057636644735128,0.46670891623841665,Mild Stress
19-20_N_FD_purple_9_4_A02220200108153210.png,80.14738485892143,0.06000812886362757,127.69323806875308,0.06343012831798385,0.285358418721966,31,-0.35549128429205873,0.663680623187357,-1.1693050696734324,0.26433299436973834,No Stress
19-20_N_FD_purple_9_4_A02320200108153214.png,76.07434746585024,0.0635985414070032,126.28773532656615,0.05436017645328835,1.5644543347938935,35,0.34123005164444514,0.09029194066794755,0.9057636644735128,0.5358552161363549,Mild Stress
19-20_N_FD_red_10_3_A00120200108150042.png,80.20352404568409,0.033751742112826694,128.35854042607107,0.0553091686845762,0.42003859798361987,33,-0.28213122329873547,0.15028579877620826,-0.13177070259995977,0.39684540951715236,Mild Stress
19-20_N_FD_red_10_3_A00220200108150045.png,82.95280960411705,0.10630335379059103,129.66487299407132,0.04423210104025065,-0.3276994193022915,31,-0.6894228296497461,-0.5499897172914215,-1.1693050696734324,0.32350476135848094,No Stress
19-20_N_FD_red_10_3_A00320200108150048.png,85.27440973537587,0.11600982390974597,129.34191293836219,0.038212882995979566,-1.3336822211913884,31,-1.2373799240744816,-0.93051560714051,-1.1693050696734324,0.3122432365982468,No Stress
19-20_N_FD_red_10_3_A00420200108150051.png,83.32812246578419,0.12400450804451485,129.22200874161499,0.04546669799254188,-0.5823452230943502,31,-0.8281279590926356,-0.4719403593149763,-1.1693050696734324,0.30892572256370343,No Stress
19-20_N_FD_red_10_3_A00520200108150101.png,78.79941478435059,0.10423728453089505,127.71919430775708,0.05353431550738368,0.8465157127848428,35,-0.049829875575610576,0.0380822567820004,0.9057636644735128,0.513063942460758,Mild Stress
19-20_N_FD_red_10_3_A00620200108150105.png,80.86688144551023,0.06514147948562408,127.41331485834893,0.053501093929159124,-0.0706243457968938,31,-0.5493944811903928,0.03598203869335296,-1.1693050696734324,0.2935103362557116,No Stress
19-20_N_FD_red_10_3_A00720200108150108.png,83.03415923439222,0.09571767378120838,128.99134849851353,0.04214706101203795,-0.5323253833050785,31,-0.8008822387651605,-0.6818028043520828,-1.1693050696734324,0.3248737621294135,No Stress
19-20_N_FD_red_10_3_A00820200108150114.png,80.17107139401944,0.04695524886724845,127.86971737676508,0.0658169408645902,0.3154351236870312,33,-0.33910855505297177,0.8145713138917399,-0.13177070259995977,0.34833283129586273,Mild Stress
19-20_N_FD_red_10_3_A00920200108150117.png,81.85265826156811,0.05039729283103755,128.33328477300822,0.06759855532444561,-0.2401030588843298,31,-0.6417092434466096,0.9272022939822084,-1.1693050696734324,0.22735717215041,No Stress
19-20_N_FD_red_10_3_A01020200108150120.png,80.1638182610681,0.06330143838575603,127.64007555158886,0.06961104797546987,0.26664708690498884,31,-0.3656833144102617,1.0544290452334986,-1.1693050696734324,0.23736549544460092,No Stress
19-20_N_FD_red_10_4_A01220200108150138.png,80.34656957997908,0.03982404817304852,129.0199141594243,0.052357012896019524,0.5302891247250123,33,-0.22207795183269888,-0.036345039341187824,-0.13177070259995977,0.4134375329213352,Mild Stress
19-20_N_FD_red_10_4_A01320200108150141.png,80.47244233594884,0.0413052564448812,128.06737419046266,0.0574927097190025,0.24232345299183677,31,-0.37893235578539564,0.2883259709440676,-1.1693050696734324,0.28800291607353684,No Stress
19-20_N_FD_red_10_4_A01420200108150144.png,81.39489844524454,0.047389358314498364,127.81950589416677,0.05924977827279881,-0.18649662914604548,31,-0.6125099137694883,0.39940519586025985,-1.1693050696734324,0.26482109101140777,No Stress
19-20_N_FD_red_10_4_A01520200108150147.png,82.7174696485623,0.07560809371639783,127.7553525026624,0.06117322769276345,-0.7216869009585842,31,-0.9040271303223746,0.521002768290516,-1.1693050696734324,0.23703473877949402,No Stress
19-20_N_FD_red_10_4_A01620200108150150.png,83.12144242183572,0.044311043330766325,127.22152564497937,0.057273292536335146,-1.0276866923236803,31,-1.0707046880859101,0.2744547474614524,-1.1693050696734324,0.24240687475440675,No Stress
19-20_N_FD_red_10_4_A01720200108150158.png,80.1714096993768,0.033467868187152985,127.71658038421782,0.06502111008111412,0.27229497016923787,31,-0.3626069221525448,0.764260091599376,-1.1693050696734324,0.2570893559516924,No Stress
19-20_N_FD_red_10_4_A01820200108150201.png,80.08546553574885,0.03219860277670738,126.40347018142785,0.07199498414797526,-0.022049157970734257,31,-0.5229356602916906,1.2051378959038013,-1.1693050696734324,0.21665183786238054,No Stress
19-20_N_FD_red_10_4_A01920200108150237.png,76.75633167259143,0.05318740486093046,125.81052184635955,0.059810071411188895,1.1687133842546409,35,0.12567063950026208,0.4348260833400131,0.9057636644735128,0.4981829826264961,Mild Stress
19-20_N_FD_red_10_4_A02020200108150247.png,79.87010402570688,0.04365057752473427,128.1440565417213,0.06204372445028464,0.5032502272812316,33,-0.2368059925625402,0.5760342608914141,-0.13177070259995977,0.37125791135394487,Mild Stress
19-20_N_FD_red_10_4_A02120200108150250.png,79.32524867958682,0.03418414824305722,127.81317906204985,0.057420929785988915,0.635159745562806,35,-0.164955105818945,0.2837881517983899,0.9057636644735128,0.48879422128378613,Mild Stress
19-20_N_FD_red_10_4_A02220200108150256.png,82.17241179153365,0.07255275923515671,128.295186367594,0.05852532503364226,-0.3697746589826565,31,-0.7123411400216354,0.35360635430699905,-1.1693050696734324,0.2611868399189474,No Stress
19-20_N_FD_red_10_4_A02320200108150259.png,80.89767837154346,0.05034617138572055,128.02732059201526,0.05429889129753547,0.06537995937143037,31,-0.47531317110304017,0.08641758551817866,-1.1693050696734324,0.2951007646894703,No Stress
19-20_N_FD_red_1_3_A00220200108143523.png,83.88675809189895,0.044434705278958576,130.1179096158183,0.048092804508432424,-0.6096736859573753,31,-0.8430137256061354,-0.3059218646454165,-1.1693050696734324,0.2967579918129853,No Stress
19-20_N_FD_red_1_3_A00320200108143529.png,83.63137311261796,0.04088982958561043,130.04885962276313,0.04788102412014615,-0.5260228990014397,31,-0.797449286452065,-0.3193103015009181,-1.1693050696734324,0.3007231981468431,No Stress
19-20_N_FD_red_1_3_A00420200108143533.png,83.55240414249555,0.07020297178998036,129.42172056078442,0.04449256737812949,-0.6409604766756161,31,-0.8600555864646395,-0.5335234281043383,-1.1693050696734324,0.31092036560914815,No Stress
19-20_N_FD_red_1_3_A00520200108143536.png,84.86819518330303,0.04514166255908212,129.2714363410779,0.04187391827318072,-1.213619406156063,31,-1.171981916124775,-0.6990704764973692,-1.1693050696734324,0.30107480602810854,No Stress
19-20_N_FD_red_1_3_A00620200108143539.png,84.61443705137852,0.08630864312309747,129.13163790698263,0.04139806833524854,-1.132657318712667,31,-1.1278820069506463,-0.7291529921554646,-1.1693050696734324,0.30606436108828755,No Stress
19-20_N_FD_red_1_3_A00720200108143558.png,83.46752520517755,0.08960378941098993,128.18718442130887,0.058443675004589496,-0.9088526504499583,31,-1.0059759907547101,0.3484445625704332,-1.1693050696734324,0.24178396633404237,No Stress
19-20_N_FD_red_1_3_A00820200108143604.png,78.91856927990807,0.056195393168944466,127.73602825613033,0.05273711279728508,0.7862477396784833,35,-0.08265773641797675,-0.012315696643046365,0.9057636644735128,0.5142457175854187,Mild Stress
19-20_N_FD_red_1_3_A00920200108143608.png,82.63739550198345,0.07243816985215185,128.45342521850995,0.045188338575981146,-0.5162485367176401,31,-0.7921252082006001,-0.48953782195972323,-1.1693050696734324,0.31253090556067337,No Stress
19-20_N_FD_red_1_3_A01020200108143617.png,83.2152940356459,0.04092267700957805,128.42530309677366,0.06040811681999149,-0.7654689031115893,31,-0.9278751112647993,0.472633612437811,-1.1693050696734324,0.23868404793367495,No Stress
19-20_N_FD_red_1_3_A01120200108143622.png,82.67108091589088,0.06603910872330748,128.5520167644454,0.05615558455350759,-0.5073144871918487,31,-0.7872588468568411,0.20379493390615344,-1.1693050696734324,0.26622423669240414,No Stress
19-20_N_FD_red_1_3_A01220200108143626.png,84.01368375059721,0.07642237911839068,128.76297016199175,0.058790686178753424,-0.9879831270495174,31,-1.0490782246661792,0.370382085827625,-1.1693050696734324,0.2374093526674271,No Stress
19-20_N_FD_red_1_4_A01420200108143650.png,80.98673522295195,0.042555305910635347,127.80447632215693,0.043058281323948906,-0.028680651572827287,31,-0.5265478234013137,-0.6241968300397714,-1.1693050696734324,0.33945104902963447,Mild Stress
19-20_N_FD_red_1_4_A01520200108143654.png,83.33358784255712,0.02437215032808102,127.58776013084088,0.04622039351164727,-1.0279648516978028,31,-1.0708562010164941,-0.4242928649106463,-1.1693050696734324,0.28939487374302464,No Stress
19-20_N_FD_red_1_4_A01620200108143658.png,84.54374761226687,0.07602108151253767,128.43850067724793,0.03800660505427406,-1.2812664970653742,31,-1.208829169687504,-0.9435561876189715,-1.1693050696734324,0.3150406951041773,No Stress
19-20_N_FD_red_1_4_A01720200108143701.png,80.99381275159966,0.0790966789919225,127.62891610971363,0.042012391102360075,-0.06261223556428419,31,-0.545030298587045,-0.6903164330060311,-1.1693050696734324,0.34265515124801443,Mild Stress
19-20_N_FD_red_1_4_A01820200108143710.png,80.86314317323146,0.03868328219241997,128.07587200200388,0.061847415340009836,0.08724987997572953,31,-0.46340066312862194,0.5636238949064337,-1.1693050696734324,0.2638048203122803,No Stress
19-20_N_FD_red_1_4_A01920200108143714.png,81.09508483880836,0.04164623746467677,127.62044428799517,0.06302533382546426,-0.1183466804119142,31,-0.5753887544182311,0.638090125661082,-1.1693050696734324,0.25126378908888386,No Stress
19-20_N_FD_red_1_4_A02020200108143717.png,80.51785602051463,0.043245802588449435,127.91938707528314,0.058216152420021074,0.18784039152088994,31,-0.40860918525297885,0.3340609277997895,-1.1693050696734324,0.282930673410971,No Stress
19-20_N_FD_red_1_4_A02120200108143721.png,82.54695811615402,0.057524876902871815,127.68700220441295,0.059579223498701574,-0.6768989884423675,31,-0.8796312317427476,0.420232226351787,-1.1693050696734324,0.24545350977633637,No Stress
19-20_N_FD_red_1_4_A02220200108143729.png,83.06284316435175,0.03774962563873328,127.75175423760277,0.05480131330066051,-0.8739863373664534,31,-0.9869843702472187,0.1181799470762352,-1.1693050696734324,0.2585490925271562,No Stress
19-20_N_FD_red_1_4_A02320200108143734.png,83.28006096588093,0.07606879235459273,128.46671649185862,0.043910528583319536,-0.7687211860636154,31,-0.9296466241706787,-0.5703190431979878,-1.1693050696734324,0.3087145255167483,No Stress
19-20_N_FD_red_1_4_A02420200108143739.png,84.45160898603521,0.06787680840789784,128.365370684421,0.04303147751493349,-1.2655440403660734,31,-1.2002651746828286,-0.6258913264348046,-1.1693050696734324,0.294250382648906,No Stress
19-20_N_FD_red_1_4_A02520200108143742.png,84.99129298185383,0.10051745746755852,128.6922306925492,0.03946210382054426,-1.3882784094905887,31,-1.267118373529996,-0.8515417500067037,-1.1693050696734324,0.3049311806675696,No Stress
19-20_N_FD_red_2_3_A00120200108143813.png,82.80190295349941,0.038657612845808514,128.77768467111102,0.0575410762089275,-0.5128098491259792,31,-0.7902521610095123,0.291383627517101,-1.1693050696734324,0.26013163569937464,No Stress
19-20_N_FD_red_2_3_A00220200108143816.png,83.7050545616143,0.028334183715340067,129.00725842289776,0.06094185538329604,-0.8202902546209145,31,-0.9577362067319151,0.5063757597158188,-1.1693050696734324,0.23440605510180845,No Stress
19-20_N_FD_red_2_3_A00320200108143819.png,84.80572613022183,0.040732140082745026,128.5212920792484,0.06312365330443856,-1.3777111832476692,31,-1.2613624236496148,0.6443057348898928,-1.1693050696734324,0.20470671678026203,No Stress
19-20_N_FD_red_2_3_A00420200108143822.png,84.75816317042703,0.05112770404368058,128.54196093967926,0.06083774896965072,-1.3498803368357102,31,-1.2462030096848429,0.4997943092018127,-1.1693050696734324,0.21544627467089134,No Stress
19-20_N_FD_red_2_3_A00520200108143826.png,82.82044381933407,0.0694143519738968,128.3721814138967,0.058504654642026095,-0.610837151068587,31,-0.8436474630424087,0.35229960331286353,-1.1693050696734324,0.2524429895542063,No Stress
19-20_N_FD_red_2_3_A00620200108143847.png,77.72036594055375,0.03541072882721137,126.86165682681867,0.0670349465641159,1.0396615855726914,35,0.05537634768607378,0.8915717978822494,0.9057636644735128,0.46273395091069547,Mild Stress
19-20_N_FD_red_2_3_A00720200108143851.png,78.65401082853967,0.05319594077670809,127.30395567145821,0.06014873578731273,0.7830031657205332,35,-0.08442505024809975,0.4562359346092098,0.9057636644735128,0.4826117789855242,Mild Stress
19-20_N_FD_red_2_3_A00820200108143855.png,80.9035406124236,0.10757081841419545,128.29621849603103,0.0552358120644663,0.1502881654832855,31,-0.42906381790684317,0.14564830384940325,-1.1693050696734324,0.2942276301667852,No Stress
19-20_N_FD_red_2_3_A00920200108143913.png,82.44644319251121,0.042739534068839735,128.6981102868991,0.056510257107736654,-0.38909086835561624,31,-0.7228626458996988,0.22621679806033826,-1.1693050696734324,0.2690474561418428,No Stress
19-20_N_FD_red_2_3_A01020200108143918.png,82.88597644649258,0.02090732206852675,128.57321863799282,0.06009977946718708,-0.603768356374843,31,-0.83979710278357,0.4531409898601521,-1.1693050696734324,0.24591931407306625,No Stress
